{"type":"FeatureCollection","name":"perth_amboy_road_centerlines","metadata":{"source":"NJOGIS NG911 Road Centerlines (Tran_road)","url":"https://services2.arcgis.com/XVOqAjTOJ5P6ngMu/arcgis/rest/services/Tran_road/FeatureServer/0","query_url":"https://services2.arcgis.com/XVOqAjTOJ5P6ngMu/arcgis/rest/services/Tran_road/FeatureServer/0/query","retrieved_at_utc":"2026-09-04T20:05:53.606211+00:00","source_last_edit_date":1785341586960,"out_sr":4326,"query_envelope_wgs84":[-74.2916802,40.4936569,-74.2500973,40.5435253],"spatial_relationship":"esriSpatialRelIntersects","boundary_file":"perth_amboy_boundary.geojson","boundary_sha256":"e028c7af838341bc556e87dddbea487df753a57b475850d4985ea8ede57d4f3b","fields":["OBJECTID","PRIMENAME","ELEVTYP_F","ELEVTYP_T"],"feature_count":1494,"complete_objectid_inventory_verified":true,"municipal_clipping":"Envelope selection only; clip against the actual municipal boundary in the application."},"features":[{"type":"Feature","id":446,"properties":{"OBJECTID":446,"PRIMENAME":"Carlock Avenue","ELEVTYP_F":1,"ELEVTYP_T":1},"geometry":{"type":"LineString","coordinates":[[-74.2856606894008,40.5279720002729],[-74.2856486362742,40.5280627313674]]}},{"type":"Feature","id":483,"properties":{"OBJECTID":483,"PRIMENAME":"Convery Boulevard","ELEVTYP_F":0,"ELEVTYP_T":0},"geometry":{"type":"LineString","coordinates":[[-74.282907203785,40.5196258745347],[-74.2827958017734,40.5197261095343],[-74.2826349124653,40.5198678117275],[-74.2825820697307,40.519923685445]]}},{"type":"Feature","id":546,"properties":{"OBJECTID":546,"PRIMENAME":"Fayette Street","ELEVTYP_F":0,"ELEVTYP_T":0},"geometry":{"type":"LineString","coordinates":[[-74.2809493676272,40.5141762446926],[-74.2802562579597,40.5139892488556]]}},{"type":"Feature","id":589,"properties":{"OBJECTID":589,"PRIMENAME":"Holly Drive","ELEVTYP_F":0,"ELEVTYP_T":0},"geometry":{"type":"LineString","coordinates":[[-74.2737286690938,40.5152417445161],[-74.2738631721631,40.514950851677],[-74.2739599827619,40.5147414701954]]}},{"type":"Feature","id":752,"properties":{"OBJECTID":752,"PRIMENAME":"Colgate Avenue","ELEVTYP_F":0,"ELEVTYP_T":0},"geometry":{"type":"LineString","coordinates":[[-74.2849529438813,40.5277908247458],[-74.2851223293242,40.5274716091811]]}},{"type":"Feature","id":872,"properties":{"OBJECTID":872,"PRIMENAME":"Parker Street","ELEVTYP_F":0,"ELEVTYP_T":0},"geometry":{"type":"LineString","coordinates":[[-74.2623983651934,40.5219833594267],[-74.2620691699825,40.5226582003479]]}},{"type":"Feature","id":980,"properties":{"OBJECTID":980,"PRIMENAME":"Paderewski Avenue","ELEVTYP_F":0,"ELEVTYP_T":0},"geometry":{"type":"LineString","coordinates":[[-74.2744824914355,40.5233964940923],[-74.272890494916,40.5230777153226]]}},{"type":"Feature","id":985,"properties":{"OBJECTID":985,"PRIMENAME":"State Street","ELEVTYP_F":0,"ELEVTYP_T":0},"geometry":{"type":"LineString","coordinates":[[-74.264163525322,40.5304183245829],[-74.2635295671158,40.5322874390859],[-74.263174196826,40.5332933442896],[-74.2629521103675,40.5339237438221],[-74.2629126593993,40.534036788658],[-74.2626455294861,40.5348022366351],[-74.2626398974306,40.5348187038094],[-74.2623255700327,40.5357377718],[-74.2621652005781,40.5361977964143]]}},{"type":"Feature","id":1066,"properties":{"OBJECTID":1066,"PRIMENAME":"Jeffries Street","ELEVTYP_F":0,"ELEVTYP_T":0},"geometry":{"type":"LineString","coordinates":[[-74.2738443551491,40.5203266440162],[-74.2723442097198,40.5200255788578]]}},{"type":"Feature","id":1117,"properties":{"OBJECTID":1117,"PRIMENAME":"Colgate Avenue","ELEVTYP_F":0,"ELEVTYP_T":0},"geometry":{"type":"LineString","coordinates":[[-74.2859921762506,40.5258322469374],[-74.2867737133955,40.5243593172757],[-74.2868969028956,40.5241271979857]]}},{"type":"Feature","id":1237,"properties":{"OBJECTID":1237,"PRIMENAME":"Catherine Street","ELEVTYP_F":0,"ELEVTYP_T":0},"geometry":{"type":"LineString","coordinates":[[-74.2681948183651,40.5199160343991],[-74.2681661887556,40.5199986329831],[-74.2677604909286,40.5211698736341]]}},{"type":"Feature","id":1284,"properties":{"OBJECTID":1284,"PRIMENAME":"Mechanic Street","ELEVTYP_F":0,"ELEVTYP_T":0},"geometry":{"type":"LineString","coordinates":[[-74.2636705501116,40.5140900701534],[-74.2633319737625,40.5147774971436],[-74.2628142540256,40.515835668454]]}},{"type":"Feature","id":1287,"properties":{"OBJECTID":1287,"PRIMENAME":"Cortlandt Street","ELEVTYP_F":0,"ELEVTYP_T":0},"geometry":{"type":"LineString","coordinates":[[-74.2672989741414,40.5197328915806],[-74.2678540372577,40.5181504581585]]}},{"type":"Feature","id":3016,"properties":{"OBJECTID":3016,"PRIMENAME":"Hall Avenue","ELEVTYP_F":0,"ELEVTYP_T":0},"geometry":{"type":"LineString","coordinates":[[-74.2681948183651,40.5199160343991],[-74.26898938746,40.520078439847],[-74.2693553048401,40.520153229394],[-74.2694518567028,40.520172774754]]}},{"type":"Feature","id":3104,"properties":{"OBJECTID":3104,"PRIMENAME":"Maple Street","ELEVTYP_F":0,"ELEVTYP_T":0},"geometry":{"type":"LineString","coordinates":[[-74.2715312180332,40.5105734545359],[-74.2715405254034,40.5105548064931],[-74.2719522245594,40.5097288977244]]}},{"type":"Feature","id":3350,"properties":{"OBJECTID":3350,"PRIMENAME":"Fayette Street","ELEVTYP_F":0,"ELEVTYP_T":0},"geometry":{"type":"LineString","coordinates":[[-74.269292496233,40.5109400652625],[-74.2686229950572,40.5107470620416]]}},{"type":"Feature","id":4245,"properties":{"OBJECTID":4245,"PRIMENAME":"Lawrie Street","ELEVTYP_F":0,"ELEVTYP_T":0},"geometry":{"type":"LineString","coordinates":[[-74.271731662397,40.5168515334068],[-74.270744054654,40.5165735564667]]}},{"type":"Feature","id":4595,"properties":{"OBJECTID":4595,"PRIMENAME":"Gordon Street","ELEVTYP_F":0,"ELEVTYP_T":0},"geometry":{"type":"LineString","coordinates":[[-74.2680767029376,40.5051814346223],[-74.266782923044,40.5048061799578]]}},{"type":"Feature","id":5204,"properties":{"OBJECTID":5204,"PRIMENAME":"Gold Street","ELEVTYP_F":0,"ELEVTYP_T":0},"geometry":{"type":"LineString","coordinates":[[-74.264692601553,40.5165450868426],[-74.2653455906472,40.5167310785639]]}},{"type":"Feature","id":5751,"properties":{"OBJECTID":5751,"PRIMENAME":"State Street","ELEVTYP_F":0,"ELEVTYP_T":0},"geometry":{"type":"LineString","coordinates":[[-74.2637472499862,40.5216481465941],[-74.2637466156621,40.5218288282825],[-74.2637721470071,40.5220671297623],[-74.2637847007791,40.5222517092936],[-74.2638080503803,40.5223840447757]]}},{"type":"Feature","id":6138,"properties":{"OBJECTID":6138,"PRIMENAME":"Lewis Street","ELEVTYP_F":0,"ELEVTYP_T":0},"geometry":{"type":"LineString","coordinates":[[-74.2696942455367,40.5014447628866],[-74.269957623401,40.5014880565952]]}},{"type":"Feature","id":6997,"properties":{"OBJECTID":6997,"PRIMENAME":"Kearny Avenue","ELEVTYP_F":0,"ELEVTYP_T":0},"geometry":{"type":"LineString","coordinates":[[-74.2680767029376,40.5051814346223],[-74.2684622928079,40.5044106072983],[-74.2687257023258,40.5038720741882]]}},{"type":"Feature","id":7544,"properties":{"OBJECTID":7544,"PRIMENAME":"Hall Avenue","ELEVTYP_F":0,"ELEVTYP_T":0},"geometry":{"type":"LineString","coordinates":[[-74.2720101216213,40.520690171615],[-74.2720241053552,40.5206929992551],[-74.2736092728757,40.5210135887328]]}},{"type":"Feature","id":7777,"properties":{"OBJECTID":7777,"PRIMENAME":"Ridgeley Street","ELEVTYP_F":0,"ELEVTYP_T":0},"geometry":{"type":"LineString","coordinates":[[-74.270890438967,40.5189861208053],[-74.272242944774,40.519261879221],[-74.2726690892669,40.5193481464993]]}},{"type":"Feature","id":7865,"properties":{"OBJECTID":7865,"PRIMENAME":"Bruck Avenue","ELEVTYP_F":0,"ELEVTYP_T":0},"geometry":{"type":"LineString","coordinates":[[-74.2727046697711,40.5287182898072],[-74.273365950041,40.5289520169511],[-74.2735249131156,40.5290098120019]]}},{"type":"Feature","id":9000,"properties":{"OBJECTID":9000,"PRIMENAME":"Convery Boulevard","ELEVTYP_F":0,"ELEVTYP_T":0},"geometry":{"type":"LineString","coordinates":[[-74.2791925593915,40.5323447297058],[-74.2791761628913,40.5324184047014]]}},{"type":"Feature","id":9496,"properties":{"OBJECTID":9496,"PRIMENAME":"FR RT 184 EB to RT 440 NB","ELEVTYP_F":0,"ELEVTYP_T":0},"geometry":{"type":"LineString","coordinates":[[-74.2818078416018,40.5286265815528],[-74.281686082833,40.528675441612],[-74.281562297644,40.5287212413296],[-74.2814366181049,40.5287639318392],[-74.2813091783081,40.5288034675915],[-74.2811570303598,40.5288389899036],[-74.2810031721796,40.5288699276494],[-74.2808478409442,40.5288962331371],[-74.2806912761022,40.5289178658158],[-74.2805124513496,40.5289382445377],[-74.2803329526751,40.5289548187722]]}},{"type":"Feature","id":10099,"properties":{"OBJECTID":10099,"PRIMENAME":"Clyde Avenue","ELEVTYP_F":0,"ELEVTYP_T":0},"geometry":{"type":"LineString","coordinates":[[-74.2930381969989,40.5295220003562],[-74.2925772114022,40.5295748682336],[-74.2906996305782,40.5297836792221]]}},{"type":"Feature","id":10102,"properties":{"OBJECTID":10102,"PRIMENAME":"Fayette Street","ELEVTYP_F":0,"ELEVTYP_T":0},"geometry":{"type":"LineString","coordinates":[[-74.2614199818262,40.5086913620156],[-74.2621757109776,40.5089182671296],[-74.2628060124267,40.5090998343234],[-74.2632522785336,40.5092212059006]]}},{"type":"Feature","id":10483,"properties":{"OBJECTID":10483,"PRIMENAME":"Unnamed Segment","ELEVTYP_F":0,"ELEVTYP_T":0},"geometry":{"type":"LineString","coordinates":[[-74.2614452491203,40.5205885842739],[-74.2615846530547,40.5206272972513]]}},{"type":"Feature","id":13085,"properties":{"OBJECTID":13085,"PRIMENAME":"Florida Grove Road","ELEVTYP_F":0,"ELEVTYP_T":0},"geometry":{"type":"LineString","coordinates":[[-74.2897018956878,40.5343510826623],[-74.2897174219272,40.5344601199586],[-74.2897769158849,40.5346146395958],[-74.2898626210617,40.5347749186373],[-74.2899333323857,40.5349323414881],[-74.2899891312368,40.5350725271333],[-74.2900224690012,40.5351927140695],[-74.290033327408,40.5353213962776],[-74.2900141282299,40.5354671825811],[-74.2899762093295,40.5356043690038],[-74.2899308587458,40.5357243849832],[-74.2898689746701,40.5358338524707],[-74.2898517335034,40.5358643514203],[-74.2897689478898,40.5359671432256],[-74.2896599306664,40.5360584663895],[-74.2895194180016,40.5361651606966]]}},{"type":"Feature","id":13828,"properties":{"OBJECTID":13828,"PRIMENAME":"Donald Avenue","ELEVTYP_F":0,"ELEVTYP_T":0},"geometry":{"type":"LineString","coordinates":[[-74.2804268117495,40.5225361202918],[-74.2803906233172,40.5227125348875],[-74.2802829715531,40.5231926159602]]}},{"type":"Feature","id":14058,"properties":{"OBJECTID":14058,"PRIMENAME":"Meade Street","ELEVTYP_F":0,"ELEVTYP_T":0},"geometry":{"type":"LineString","coordinates":[[-74.2806791850653,40.5086968496016],[-74.2812324944785,40.5075289970772]]}},{"type":"Feature","id":14076,"properties":{"OBJECTID":14076,"PRIMENAME":"Riverview Drive","ELEVTYP_F":0,"ELEVTYP_T":0},"geometry":{"type":"LineString","coordinates":[[-74.2894641247814,40.510557280165],[-74.2894604159415,40.5105483721567],[-74.2894563845117,40.5105395461707],[-74.2894520335999,40.5105308090111],[-74.2894473665606,40.5105221674132],[-74.2894424720848,40.5105139077898],[-74.2894371647887,40.5105057980443],[-74.2894314525349,40.5104978501909],[-74.289425343786,40.5104900760041],[-74.289418847592,40.5104824870009],[-74.2894119735769,40.5104750944243],[-74.2894047319245,40.5104679092259],[-74.2893971333629,40.5104609420505],[-74.2892920032513,40.5104152362021]]}},{"type":"Feature","id":14796,"properties":{"OBJECTID":14796,"PRIMENAME":"Cortlandt Street","ELEVTYP_F":0,"ELEVTYP_T":0},"geometry":{"type":"LineString","coordinates":[[-74.2656329450555,40.5245418265521],[-74.2662453840499,40.5227444658936],[-74.2664363896277,40.5221982172167]]}},{"type":"Feature","id":14944,"properties":{"OBJECTID":14944,"PRIMENAME":"Harding Avenue","ELEVTYP_F":0,"ELEVTYP_T":0},"geometry":{"type":"LineString","coordinates":[[-74.2792639702537,40.5278176787388],[-74.2784106339318,40.5277071741392]]}},{"type":"Feature","id":15690,"properties":{"OBJECTID":15690,"PRIMENAME":"High Street","ELEVTYP_F":0,"ELEVTYP_T":0},"geometry":{"type":"LineString","coordinates":[[-74.267424344782,40.5034997763463],[-74.2681080777632,40.5021907095451],[-74.2681494335386,40.5021071761742]]}},{"type":"Feature","id":15749,"properties":{"OBJECTID":15749,"PRIMENAME":"Eagle Avenue","ELEVTYP_F":0,"ELEVTYP_T":0},"geometry":{"type":"LineString","coordinates":[[-74.2689980301905,40.523036811533],[-74.2690673289538,40.5230532829206],[-74.2694556471653,40.5231299613729]]}},{"type":"Feature","id":15769,"properties":{"OBJECTID":15769,"PRIMENAME":"Alta Vista Place","ELEVTYP_F":0,"ELEVTYP_T":0},"geometry":{"type":"LineString","coordinates":[[-74.2744824914355,40.5233964940923],[-74.2742404960453,40.5240945994138]]}},{"type":"Feature","id":15947,"properties":{"OBJECTID":15947,"PRIMENAME":"Amboy Avenue","ELEVTYP_F":0,"ELEVTYP_T":0},"geometry":{"type":"LineString","coordinates":[[-74.2756149375039,40.5164349077971],[-74.2756287192418,40.5167137015649],[-74.2756546490899,40.5172113049392]]}},{"type":"Feature","id":16566,"properties":{"OBJECTID":16566,"PRIMENAME":"Federal Court","ELEVTYP_F":0,"ELEVTYP_T":0},"geometry":{"type":"LineString","coordinates":[[-74.2785306115889,40.514314957014],[-74.2787426219665,40.5138642372498],[-74.2784501393474,40.5137826283928],[-74.278221878063,40.5142443851669]]}},{"type":"Feature","id":16920,"properties":{"OBJECTID":16920,"PRIMENAME":"Walnut Street","ELEVTYP_F":0,"ELEVTYP_T":0},"geometry":{"type":"LineString","coordinates":[[-74.2774434363419,40.5090834361373],[-74.2772726379016,40.5094415927763]]}},{"type":"Feature","id":17146,"properties":{"OBJECTID":17146,"PRIMENAME":"Convery Boulevard","ELEVTYP_F":0,"ELEVTYP_T":0},"geometry":{"type":"LineString","coordinates":[[-74.2869202230895,40.5138762483028],[-74.2871516241787,40.5138177799138]]}},{"type":"Feature","id":17171,"properties":{"OBJECTID":17171,"PRIMENAME":"New Brunswick Avenue","ELEVTYP_F":0,"ELEVTYP_T":0},"geometry":{"type":"LineString","coordinates":[[-74.2733438834163,40.513778989964],[-74.2728252639251,40.5134474038982],[-74.272585859645,40.5132989714061]]}},{"type":"Feature","id":17267,"properties":{"OBJECTID":17267,"PRIMENAME":"Convery Boulevard","ELEVTYP_F":0,"ELEVTYP_T":0},"geometry":{"type":"LineString","coordinates":[[-74.2860710941833,40.5155719613095],[-74.2859969937191,40.5157313983943],[-74.2858885247026,40.5159533050998],[-74.2857929586597,40.5161553884609],[-74.2857047511927,40.5163170498618],[-74.2856180419877,40.5164598277899],[-74.2855781069345,40.516518883562],[-74.2855212221766,40.5165919621701],[-74.2854225407982,40.5166989762821],[-74.2852608328284,40.5168756538988],[-74.2851139883446,40.5170383865737],[-74.2849709851878,40.5171920118453],[-74.2848639304486,40.5173185544233],[-74.2847929622336,40.5173970705542]]}},{"type":"Feature","id":17646,"properties":{"OBJECTID":17646,"PRIMENAME":"Penn Street","ELEVTYP_F":0,"ELEVTYP_T":0},"geometry":{"type":"LineString","coordinates":[[-74.271731662397,40.5168515334068],[-74.27185868783,40.5165921502127],[-74.272057549985,40.5161817354042]]}},{"type":"Feature","id":18540,"properties":{"OBJECTID":18540,"PRIMENAME":"Woodruff Place","ELEVTYP_F":0,"ELEVTYP_T":0},"geometry":{"type":"LineString","coordinates":[[-74.2681494335386,40.5021071761742],[-74.2668393193523,40.5017197009807]]}},{"type":"Feature","id":18564,"properties":{"OBJECTID":18564,"PRIMENAME":"Colgate Avenue","ELEVTYP_F":0,"ELEVTYP_T":0},"geometry":{"type":"LineString","coordinates":[[-74.2851223293242,40.5274716091811],[-74.2859921762506,40.5258322469374]]}},{"type":"Feature","id":19051,"properties":{"OBJECTID":19051,"PRIMENAME":"Sayre Avenue","ELEVTYP_F":0,"ELEVTYP_T":0},"geometry":{"type":"LineString","coordinates":[[-74.2847524125879,40.5188290696108],[-74.2841733226157,40.5185154265028],[-74.2841282171404,40.5184909964703],[-74.2839936103816,40.5184139636818]]}},{"type":"Feature","id":19162,"properties":{"OBJECTID":19162,"PRIMENAME":"Amboy Avenue","ELEVTYP_F":0,"ELEVTYP_T":1},"geometry":{"type":"LineString","coordinates":[[-74.2751219032114,40.527888449184],[-74.2751158018526,40.5279058689385],[-74.2750729542602,40.5280351902777],[-74.2750248413694,40.5281573908998]]}},{"type":"Feature","id":19167,"properties":{"OBJECTID":19167,"PRIMENAME":"New Brunswick Avenue","ELEVTYP_F":0,"ELEVTYP_T":0},"geometry":{"type":"LineString","coordinates":[[-74.2755478222021,40.5151501704576],[-74.275336265279,40.5150172246508],[-74.2749324772704,40.5147708329952],[-74.2748559215009,40.5147228361691],[-74.2745848577078,40.5145528958851],[-74.2741464910312,40.5142780597038],[-74.2741103101613,40.5142556164673]]}},{"type":"Feature","id":19200,"properties":{"OBJECTID":19200,"PRIMENAME":"Truxton Drive","ELEVTYP_F":0,"ELEVTYP_T":0},"geometry":{"type":"LineString","coordinates":[[-74.2817246012056,40.5365739666526],[-74.2815340616732,40.5366700428156],[-74.2814809665296,40.5367218526587],[-74.2814467962492,40.536773698274],[-74.2814352305672,40.5368342335424],[-74.2813307991278,40.5375694784249],[-74.281297067685,40.537818368995]]}},{"type":"Feature","id":19219,"properties":{"OBJECTID":19219,"PRIMENAME":"Market Street","ELEVTYP_F":0,"ELEVTYP_T":0},"geometry":{"type":"LineString","coordinates":[[-74.2763723439974,40.5091923818474],[-74.2757003346398,40.5090064972658]]}},{"type":"Feature","id":19890,"properties":{"OBJECTID":19890,"PRIMENAME":"Harding Avenue","ELEVTYP_F":0,"ELEVTYP_T":0},"geometry":{"type":"LineString","coordinates":[[-74.2836772985521,40.5282458629928],[-74.283606383463,40.5282704362037],[-74.2835344658295,40.5282822978496],[-74.2834266446422,40.5282940912638],[-74.2833344773102,40.5283042126462],[-74.2831861740128,40.5283188956871]]}},{"type":"Feature","id":20564,"properties":{"OBJECTID":20564,"PRIMENAME":"Harrison Place","ELEVTYP_F":0,"ELEVTYP_T":0},"geometry":{"type":"LineString","coordinates":[[-74.267424344782,40.5034997763463],[-74.267450355233,40.5035072408762],[-74.2686867551043,40.5038612634289],[-74.2687257023258,40.5038720741882]]}},{"type":"Feature","id":20575,"properties":{"OBJECTID":20575,"PRIMENAME":"Florida Grove Road","ELEVTYP_F":0,"ELEVTYP_T":0},"geometry":{"type":"LineString","coordinates":[[-74.2911061870215,40.5230680762955],[-74.2907999608744,40.5234808815216],[-74.290721093469,40.5235777236839]]}},{"type":"Feature","id":21112,"properties":{"OBJECTID":21112,"PRIMENAME":"Sayre Avenue","ELEVTYP_F":0,"ELEVTYP_T":0},"geometry":{"type":"LineString","coordinates":[[-74.290238832176,40.5210744544497],[-74.2901536046063,40.5210546723295],[-74.2891198403591,40.5208143762352]]}},{"type":"Feature","id":21208,"properties":{"OBJECTID":21208,"PRIMENAME":"Harrington Street","ELEVTYP_F":0,"ELEVTYP_T":0},"geometry":{"type":"LineString","coordinates":[[-74.2810263556126,40.523944240625],[-74.2807465928355,40.5239104941096],[-74.2801394356199,40.5238324224269]]}},{"type":"Feature","id":21866,"properties":{"OBJECTID":21866,"PRIMENAME":"Miller Street","ELEVTYP_F":0,"ELEVTYP_T":0},"geometry":{"type":"LineString","coordinates":[[-74.264692601553,40.5165450868426],[-74.264733933211,40.5164617466964],[-74.2653930510198,40.5151062557466]]}},{"type":"Feature","id":22157,"properties":{"OBJECTID":22157,"PRIMENAME":"Spruce Street","ELEVTYP_F":0,"ELEVTYP_T":0},"geometry":{"type":"LineString","coordinates":[[-74.272317933632,40.5293437439024],[-74.2727046697711,40.5287182898072]]}},{"type":"Feature","id":22396,"properties":{"OBJECTID":22396,"PRIMENAME":"Hanson Avenue","ELEVTYP_F":0,"ELEVTYP_T":0},"geometry":{"type":"LineString","coordinates":[[-74.2842693692864,40.5253120834905],[-74.2844734226432,40.5248944931017]]}},{"type":"Feature","id":22474,"properties":{"OBJECTID":22474,"PRIMENAME":"Morris Street","ELEVTYP_F":0,"ELEVTYP_T":0},"geometry":{"type":"LineString","coordinates":[[-74.2863486154736,40.5149760423712],[-74.2864417850288,40.5149956222362],[-74.2865662706391,40.5150217804213]]}},{"type":"Feature","id":22624,"properties":{"OBJECTID":22624,"PRIMENAME":"Raritan Avenue","ELEVTYP_F":0,"ELEVTYP_T":0},"geometry":{"type":"LineString","coordinates":[[-74.28445167461,40.5269218306404],[-74.2842933946768,40.5272216583752]]}},{"type":"Feature","id":22903,"properties":{"OBJECTID":22903,"PRIMENAME":"Prospect Street","ELEVTYP_F":0,"ELEVTYP_T":0},"geometry":{"type":"LineString","coordinates":[[-74.2745958228274,40.5132743873103],[-74.2749599033603,40.512538580514]]}},{"type":"Feature","id":22931,"properties":{"OBJECTID":22931,"PRIMENAME":"Charles Street","ELEVTYP_F":0,"ELEVTYP_T":0},"geometry":{"type":"LineString","coordinates":[[-74.2655251912433,40.5220161545487],[-74.2649393444741,40.523735796547]]}},{"type":"Feature","id":22990,"properties":{"OBJECTID":22990,"PRIMENAME":"Mary Street","ELEVTYP_F":0,"ELEVTYP_T":0},"geometry":{"type":"LineString","coordinates":[[-74.2782460850886,40.5284814478183],[-74.2784106339318,40.5277071741392]]}},{"type":"Feature","id":23122,"properties":{"OBJECTID":23122,"PRIMENAME":"Florida Grove Road","ELEVTYP_F":0,"ELEVTYP_T":0},"geometry":{"type":"LineString","coordinates":[[-74.2900861521064,40.5332446492067],[-74.2900244221217,40.5333683424926],[-74.2899189456422,40.5335368650251],[-74.2898209991116,40.5337025200509],[-74.2897634067005,40.5338167749489],[-74.2897417845518,40.5338596702418],[-74.2897076814412,40.5339854175046],[-74.2896923288364,40.5340968690261],[-74.2896844337088,40.5342284270786],[-74.2897018956878,40.5343510826623]]}},{"type":"Feature","id":23251,"properties":{"OBJECTID":23251,"PRIMENAME":"Grove Street","ELEVTYP_F":0,"ELEVTYP_T":0},"geometry":{"type":"LineString","coordinates":[[-74.2751219032114,40.527888449184],[-74.2747250455325,40.5277949458558]]}},{"type":"Feature","id":23426,"properties":{"OBJECTID":23426,"PRIMENAME":"Steuerwald Place","ELEVTYP_F":0,"ELEVTYP_T":0},"geometry":{"type":"LineString","coordinates":[[-74.2891917893062,40.5239474839239],[-74.289069263337,40.523913330999],[-74.2888204007444,40.5238439190297]]}},{"type":"Feature","id":23686,"properties":{"OBJECTID":23686,"PRIMENAME":"Pfeiffer Boulevard","ELEVTYP_F":0,"ELEVTYP_T":0},"geometry":{"type":"LineString","coordinates":[[-74.2782460850886,40.5284814478183],[-74.2774075083375,40.52837681101],[-74.277358853366,40.528370842487]]}},{"type":"Feature","id":23855,"properties":{"OBJECTID":23855,"PRIMENAME":"Dilman Lane","ELEVTYP_F":0,"ELEVTYP_T":0},"geometry":{"type":"LineString","coordinates":[[-74.2673747285577,40.5251755148239],[-74.2673497852347,40.5252833471102]]}},{"type":"Feature","id":23858,"properties":{"OBJECTID":23858,"PRIMENAME":"Amboy Avenue","ELEVTYP_F":0,"ELEVTYP_T":0},"geometry":{"type":"LineString","coordinates":[[-74.2760646759092,40.5230040272008],[-74.2760023772395,40.5232830297962],[-74.2759157870547,40.5236834843683],[-74.2759126805672,40.523698054997]]}},{"type":"Feature","id":23977,"properties":{"OBJECTID":23977,"PRIMENAME":"Thomas Street","ELEVTYP_F":0,"ELEVTYP_T":0},"geometry":{"type":"LineString","coordinates":[[-74.2691919324224,40.5312560201019],[-74.269024087734,40.5311962253847],[-74.2675508632213,40.5306825702239]]}},{"type":"Feature","id":23978,"properties":{"OBJECTID":23978,"PRIMENAME":"Kennedy Street","ELEVTYP_F":0,"ELEVTYP_T":0},"geometry":{"type":"LineString","coordinates":[[-74.2802829715531,40.5231926159602],[-74.2795952265642,40.5230973140616],[-74.2791135466723,40.523021012714]]}},{"type":"Feature","id":24123,"properties":{"OBJECTID":24123,"PRIMENAME":"Spring Street","ELEVTYP_F":0,"ELEVTYP_T":0},"geometry":{"type":"LineString","coordinates":[[-74.2717371851103,40.5267297975739],[-74.2720818511209,40.5261699520841]]}},{"type":"Feature","id":24300,"properties":{"OBJECTID":24300,"PRIMENAME":"Florida Grove Road","ELEVTYP_F":0,"ELEVTYP_T":0},"geometry":{"type":"LineString","coordinates":[[-74.2895681003967,40.5256640880926],[-74.2895898603174,40.5257227630451],[-74.2896061474694,40.5257716012863]]}},{"type":"Feature","id":24454,"properties":{"OBJECTID":24454,"PRIMENAME":"Pine Street","ELEVTYP_F":0,"ELEVTYP_T":0},"geometry":{"type":"LineString","coordinates":[[-74.2706968241082,40.5287673031171],[-74.2710812254746,40.5281442931683]]}},{"type":"Feature","id":24967,"properties":{"OBJECTID":24967,"PRIMENAME":"Summit Avenue","ELEVTYP_F":0,"ELEVTYP_T":0},"geometry":{"type":"LineString","coordinates":[[-74.2686816109816,40.5288130560535],[-74.2694823638876,40.5290973475875],[-74.2703218986601,40.5293943662565]]}},{"type":"Feature","id":25171,"properties":{"OBJECTID":25171,"PRIMENAME":"New Brunswick Avenue","ELEVTYP_F":0,"ELEVTYP_T":0},"geometry":{"type":"LineString","coordinates":[[-74.2905079057403,40.5227836143596],[-74.2902108468495,40.5227128273887],[-74.2900452086219,40.5226725576068]]}},{"type":"Feature","id":25317,"properties":{"OBJECTID":25317,"PRIMENAME":"Eagle Avenue","ELEVTYP_F":0,"ELEVTYP_T":0},"geometry":{"type":"LineString","coordinates":[[-74.271053778391,40.5234491841737],[-74.2716489072324,40.5235695822855]]}},{"type":"Feature","id":25962,"properties":{"OBJECTID":25962,"PRIMENAME":"North Park Drive","ELEVTYP_F":0,"ELEVTYP_T":0},"geometry":{"type":"LineString","coordinates":[[-74.2791925593915,40.5323447297058],[-74.2786467318745,40.5320949513961],[-74.2766036282343,40.5311502687138],[-74.2762855724436,40.5310038050744],[-74.2762444463017,40.5309722944916],[-74.2762146307257,40.5309264750359],[-74.2762035403693,40.530874955752],[-74.2762000635741,40.5308063213028],[-74.2762277742439,40.5306563459546]]}},{"type":"Feature","id":26172,"properties":{"OBJECTID":26172,"PRIMENAME":"Market Street","ELEVTYP_F":0,"ELEVTYP_T":0},"geometry":{"type":"LineString","coordinates":[[-74.2797068623804,40.5101148337305],[-74.2790879051187,40.5099445527038]]}},{"type":"Feature","id":26741,"properties":{"OBJECTID":26741,"PRIMENAME":"May Avenue","ELEVTYP_F":0,"ELEVTYP_T":0},"geometry":{"type":"LineString","coordinates":[[-74.287614386822,40.5354234041543],[-74.2879195274119,40.5356869184639],[-74.2881817513352,40.5359371222028]]}},{"type":"Feature","id":26859,"properties":{"OBJECTID":26859,"PRIMENAME":"Compton Avenue","ELEVTYP_F":0,"ELEVTYP_T":0},"geometry":{"type":"LineString","coordinates":[[-74.2841266471803,40.5215485074529],[-74.2841177485875,40.5215651371505],[-74.2841076116097,40.5215813488375],[-74.2840962697939,40.5215970888623],[-74.2840837606743,40.521612305134],[-74.2840701256488,40.521626947295],[-74.284055409841,40.5216409668876],[-74.2840396619517,40.5216543175146],[-74.2840229340974,40.5216669549926],[-74.2840052816378,40.5216788374982],[-74.2839867629926,40.5216899257068],[-74.2839674394484,40.5217001829222],[-74.2839473749554,40.5217095751985],[-74.2839266359162,40.5217180714523],[-74.2839052909659,40.5217256435654],[-74.2838834107448,40.5217322664782],[-74.2838610676649,40.5217379182722],[-74.2838425094922,40.5217444214811],[-74.2838235834609,40.5217502748371],[-74.2838043286229,40.5217554662625],[-74.283784784709,40.5217599850451],[-74.2837609105641,40.521764523204],[-74.2837367468339,40.5217680578604],[-74.2837123658925,40.5217705784272],[-74.2836878407652,40.521772077355],[-74.2836632449087,40.5217725501542],[-74.2836386519917,40.5217719954087],[-74.2836141356743,40.5217704147802],[-74.2835897693868,40.5217678130027]]}},{"type":"Feature","id":27133,"properties":{"OBJECTID":27133,"PRIMENAME":"South Grove Avenue","ELEVTYP_F":0,"ELEVTYP_T":0},"geometry":{"type":"LineString","coordinates":[[-74.2903049734118,40.532528627359],[-74.2904371226745,40.5325973029733],[-74.2920500577978,40.5334356097034],[-74.2934156224032,40.5341624397881]]}},{"type":"Feature","id":27561,"properties":{"OBJECTID":27561,"PRIMENAME":"Groom Street","ELEVTYP_F":0,"ELEVTYP_T":0},"geometry":{"type":"LineString","coordinates":[[-74.2794418872295,40.5205798852626],[-74.2797744686937,40.5199023098467]]}},{"type":"Feature","id":27678,"properties":{"OBJECTID":27678,"PRIMENAME":"Meredith Street","ELEVTYP_F":0,"ELEVTYP_T":0},"geometry":{"type":"LineString","coordinates":[[-74.271523033651,40.5220659693044],[-74.2724802865548,40.5222605103375],[-74.2731277821099,40.5223918745186]]}},{"type":"Feature","id":27725,"properties":{"OBJECTID":27725,"PRIMENAME":"Convery Boulevard","ELEVTYP_F":0,"ELEVTYP_T":0},"geometry":{"type":"LineString","coordinates":[[-74.2794998909488,40.5309262027481],[-74.2794615487508,40.5311032323121]]}},{"type":"Feature","id":27771,"properties":{"OBJECTID":27771,"PRIMENAME":"Chapman Avenue","ELEVTYP_F":0,"ELEVTYP_T":0},"geometry":{"type":"LineString","coordinates":[[-74.2767491369319,40.5130264830523],[-74.277192346495,40.5120111208327]]}},{"type":"Feature","id":27871,"properties":{"OBJECTID":27871,"PRIMENAME":"Sayre Avenue","ELEVTYP_F":0,"ELEVTYP_T":0},"geometry":{"type":"LineString","coordinates":[[-74.2819210800872,40.5172754856795],[-74.2814444365839,40.5170114098767],[-74.2812169538392,40.5168927746438],[-74.2811884978319,40.5168830029855]]}},{"type":"Feature","id":27925,"properties":{"OBJECTID":27925,"PRIMENAME":"Pfeiffer Boulevard","ELEVTYP_F":0,"ELEVTYP_T":0},"geometry":{"type":"LineString","coordinates":[[-74.2905741308931,40.5315678871345],[-74.2904695055279,40.5315027839278],[-74.290276453945,40.5313826558184],[-74.2899697379834,40.5312009206444],[-74.2896295036443,40.5310041912496],[-74.2893367319396,40.5308395268263],[-74.2890494133262,40.5306919195687],[-74.2888792516779,40.5306084872898],[-74.2887118705739,40.5305335689615],[-74.2884830938698,40.5304414909659],[-74.2882987493953,40.5303723058943]]}},{"type":"Feature","id":28145,"properties":{"OBJECTID":28145,"PRIMENAME":"Unnamed Segment","ELEVTYP_F":0,"ELEVTYP_T":0},"geometry":{"type":"LineString","coordinates":[[-74.2597371442829,40.5176942363148],[-74.2597966235634,40.517748787621],[-74.2598550337035,40.517802359493],[-74.2599681835065,40.5179073466245]]}},{"type":"Feature","id":28146,"properties":{"OBJECTID":28146,"PRIMENAME":"FR RAMP B105350 to NJ 184 WB","ELEVTYP_F":0,"ELEVTYP_T":0},"geometry":{"type":"LineString","coordinates":[[-74.2789758911367,40.5295986799626],[-74.2790042702033,40.5296121240915],[-74.2790316934194,40.5296266774176],[-74.2790580863947,40.5296423004626],[-74.2790833775336,40.5296589508467],[-74.279107498229,40.5296765834033],[-74.2791303830489,40.5296951503011],[-74.2791519699135,40.5297146011746],[-74.2791722002639,40.5297348832602],[-74.279186697696,40.5297577274754],[-74.2792007330973,40.5297807390718],[-74.2792143031493,40.5298039126091],[-74.2792274046432,40.5298272426087]]}},{"type":"Feature","id":28174,"properties":{"OBJECTID":28174,"PRIMENAME":"FR RAMP A113280 to CO 624 EB","ELEVTYP_F":0,"ELEVTYP_T":0},"geometry":{"type":"LineString","coordinates":[[-74.2920132512095,40.5185970889461],[-74.291724153433,40.5185683805611],[-74.2914357894691,40.5185356556409],[-74.291103829593,40.5185025081558],[-74.2907724927589,40.5184659106841],[-74.2906749046628,40.5184545522311],[-74.2905779539254,40.5184403668214]]}},{"type":"Feature","id":28286,"properties":{"OBJECTID":28286,"PRIMENAME":"Sheridan Street","ELEVTYP_F":0,"ELEVTYP_T":0},"geometry":{"type":"LineString","coordinates":[[-74.2824401807353,40.5091901558893],[-74.2830032236946,40.5080180857351]]}},{"type":"Feature","id":28543,"properties":{"OBJECTID":28543,"PRIMENAME":"Grove Street","ELEVTYP_F":0,"ELEVTYP_T":0},"geometry":{"type":"LineString","coordinates":[[-74.2688190012666,40.5256935890258],[-74.2687840450177,40.5256799853653],[-74.2673747285577,40.5251755148239]]}},{"type":"Feature","id":28940,"properties":{"OBJECTID":28940,"PRIMENAME":"Pfeiffer Boulevard","ELEVTYP_F":0,"ELEVTYP_T":0},"geometry":{"type":"LineString","coordinates":[[-74.2760940846302,40.5281982288807],[-74.2759934513579,40.5281792296576],[-74.2758474747366,40.5281431232565],[-74.275822601704,40.5281361852109]]}},{"type":"Feature","id":29184,"properties":{"OBJECTID":29184,"PRIMENAME":"Alpine Street","ELEVTYP_F":0,"ELEVTYP_T":0},"geometry":{"type":"LineString","coordinates":[[-74.2684042891054,40.5241917717854],[-74.2678228047443,40.5239819052814],[-74.2677518456263,40.5239562884467]]}},{"type":"Feature","id":29270,"properties":{"OBJECTID":29270,"PRIMENAME":"State Highway 440","ELEVTYP_F":1,"ELEVTYP_T":1},"geometry":{"type":"LineString","coordinates":[[-74.2647728162494,40.5252505150424],[-74.2651080407715,40.5252868005367],[-74.265758884878,40.5253596044602],[-74.2659105669367,40.5253761087112]]}},{"type":"Feature","id":29309,"properties":{"OBJECTID":29309,"PRIMENAME":"State Highway 440","ELEVTYP_F":1,"ELEVTYP_T":1},"geometry":{"type":"LineString","coordinates":[[-74.264643681765,40.5252365265444],[-74.2647728162494,40.5252505150424]]}},{"type":"Feature","id":29666,"properties":{"OBJECTID":29666,"PRIMENAME":"Florida Grove Road","ELEVTYP_F":0,"ELEVTYP_T":0},"geometry":{"type":"LineString","coordinates":[[-74.2901360800565,40.5288076477765],[-74.2901844079625,40.528930689986],[-74.290273866329,40.5290852639172],[-74.2903895068373,40.529265663006],[-74.2905908054011,40.5296091405779],[-74.2906996305782,40.5297836792221]]}},{"type":"Feature","id":29682,"properties":{"OBJECTID":29682,"PRIMENAME":"Convery Boulevard","ELEVTYP_F":0,"ELEVTYP_T":0},"geometry":{"type":"LineString","coordinates":[[-74.2839936103816,40.5184139636818],[-74.2839308008927,40.5184938661738],[-74.2837561627103,40.5186957179232],[-74.2835842929831,40.5188866490659],[-74.2834069217188,40.5190874513259],[-74.2831886292462,40.51932844812],[-74.2830100197265,40.5195333651019],[-74.282907203785,40.5196258745347]]}},{"type":"Feature","id":29723,"properties":{"OBJECTID":29723,"PRIMENAME":"Pershing Place","ELEVTYP_F":0,"ELEVTYP_T":0},"geometry":{"type":"LineString","coordinates":[[-74.277358853366,40.528370842487],[-74.2775130346899,40.5275909500056]]}},{"type":"Feature","id":29835,"properties":{"OBJECTID":29835,"PRIMENAME":"Fayette Street","ELEVTYP_F":0,"ELEVTYP_T":0},"geometry":{"type":"LineString","coordinates":[[-74.2776471862825,40.5132741501266],[-74.2767491369319,40.5130264830523]]}},{"type":"Feature","id":30027,"properties":{"OBJECTID":30027,"PRIMENAME":"Barry Avenue","ELEVTYP_F":0,"ELEVTYP_T":0},"geometry":{"type":"LineString","coordinates":[[-74.2888737256384,40.5335731447165],[-74.2888367341858,40.5336547719939],[-74.2887941862749,40.5337646633502],[-74.2887692234341,40.5338773319439],[-74.2887476684248,40.5340275601548],[-74.2887367217413,40.5341563404376],[-74.2887363593706,40.5342717171423],[-74.2887464634295,40.5344112425456],[-74.2887519238258,40.5344368645234]]}},{"type":"Feature","id":30061,"properties":{"OBJECTID":30061,"PRIMENAME":"New Brunswick Avenue","ELEVTYP_F":0,"ELEVTYP_T":0},"geometry":{"type":"LineString","coordinates":[[-74.2842390058076,40.5203312017912],[-74.2838525831216,40.5201234153797],[-74.2836640156097,40.5200242384136]]}},{"type":"Feature","id":30378,"properties":{"OBJECTID":30378,"PRIMENAME":"Gadek Place","ELEVTYP_F":0,"ELEVTYP_T":0},"geometry":{"type":"LineString","coordinates":[[-74.2623135838691,40.5241003021955],[-74.2622454472669,40.5242334098026],[-74.2619720709985,40.5248265061221]]}},{"type":"Feature","id":30428,"properties":{"OBJECTID":30428,"PRIMENAME":"Florida Grove Road","ELEVTYP_F":0,"ELEVTYP_T":0},"geometry":{"type":"LineString","coordinates":[[-74.2931428562496,40.5397261118393],[-74.2913719273816,40.5386058438924],[-74.2912406692877,40.5385821572451],[-74.2911058768648,40.5385797683462]]}},{"type":"Feature","id":30501,"properties":{"OBJECTID":30501,"PRIMENAME":"FROM RAMP TO HIGH ST","ELEVTYP_F":0,"ELEVTYP_T":0},"geometry":{"type":"LineString","coordinates":[[-74.2626316888332,40.5268001186586],[-74.2624422055669,40.5269197665934],[-74.2619432861495,40.5272203083482],[-74.2617427353594,40.5273275955412]]}},{"type":"Feature","id":30852,"properties":{"OBJECTID":30852,"PRIMENAME":"Pine Street","ELEVTYP_F":0,"ELEVTYP_T":0},"geometry":{"type":"LineString","coordinates":[[-74.2695685301605,40.5306403291831],[-74.2699479514649,40.5300177239766]]}},{"type":"Feature","id":31169,"properties":{"OBJECTID":31169,"PRIMENAME":"Grove Street","ELEVTYP_F":0,"ELEVTYP_T":0},"geometry":{"type":"LineString","coordinates":[[-74.2747250455325,40.5277949458558],[-74.2740207088464,40.5275401414405],[-74.2732237636394,40.5272468572678]]}},{"type":"Feature","id":31277,"properties":{"OBJECTID":31277,"PRIMENAME":"Convery Boulevard","ELEVTYP_F":0,"ELEVTYP_T":0},"geometry":{"type":"LineString","coordinates":[[-74.2825820697307,40.519923685445],[-74.2824784419385,40.520033322905],[-74.2824029588,40.5201267614393],[-74.2823152116478,40.5202532559828],[-74.282236134322,40.5203678803082],[-74.282168542575,40.5204794523855],[-74.2821194755539,40.5205688507683]]}},{"type":"Feature","id":31584,"properties":{"OBJECTID":31584,"PRIMENAME":"Elm Street","ELEVTYP_F":0,"ELEVTYP_T":0},"geometry":{"type":"LineString","coordinates":[[-74.272585859645,40.5132989714061],[-74.2732019031846,40.5120540060529]]}},{"type":"Feature","id":31623,"properties":{"OBJECTID":31623,"PRIMENAME":"Franklin Drive","ELEVTYP_F":0,"ELEVTYP_T":0},"geometry":{"type":"LineString","coordinates":[[-74.2807654254046,40.5356952523109],[-74.2807645990862,40.5356948940953],[-74.280641086564,40.5356488989023],[-74.2804950236144,40.5356114527077],[-74.2803227485038,40.535579666463],[-74.2792812407903,40.5354490183248],[-74.2787358488615,40.5353816801946],[-74.2785253632537,40.5353556928742]]}},{"type":"Feature","id":31734,"properties":{"OBJECTID":31734,"PRIMENAME":"Sayre Avenue","ELEVTYP_F":0,"ELEVTYP_T":0},"geometry":{"type":"LineString","coordinates":[[-74.2811884978319,40.5168830029855],[-74.2804431764448,40.5166269798652],[-74.2803245380594,40.5165862360255]]}},{"type":"Feature","id":31870,"properties":{"OBJECTID":31870,"PRIMENAME":"Amboy Avenue","ELEVTYP_F":0,"ELEVTYP_T":0},"geometry":{"type":"LineString","coordinates":[[-74.2760877149626,40.5207719060067],[-74.2762258403556,40.5212172953094],[-74.2763346623056,40.5215618258527],[-74.2763347674212,40.5215625123344]]}},{"type":"Feature","id":31919,"properties":{"OBJECTID":31919,"PRIMENAME":"Leon Avenue","ELEVTYP_F":0,"ELEVTYP_T":0},"geometry":{"type":"LineString","coordinates":[[-74.272317933632,40.5293437439024],[-74.2716972996382,40.5291226079966],[-74.2706968241082,40.5287673031171]]}},{"type":"Feature","id":32052,"properties":{"OBJECTID":32052,"PRIMENAME":"Lawton Place","ELEVTYP_F":0,"ELEVTYP_T":0},"geometry":{"type":"LineString","coordinates":[[-74.2811884978319,40.5168830029855],[-74.2811256848131,40.516941272673],[-74.280029491722,40.5179582900105]]}},{"type":"Feature","id":32269,"properties":{"OBJECTID":32269,"PRIMENAME":"Adams Avenue","ELEVTYP_F":0,"ELEVTYP_T":0},"geometry":{"type":"LineString","coordinates":[[-74.2785097723623,40.5381344297361],[-74.2790810089778,40.5382108759198],[-74.2795568297621,40.538274703252],[-74.2796617212687,40.5382949422271],[-74.2797627507983,40.538329448653],[-74.2798526086047,40.5383696436686],[-74.2799821218827,40.5384414279017]]}},{"type":"Feature","id":32369,"properties":{"OBJECTID":32369,"PRIMENAME":"Amboy Avenue","ELEVTYP_F":0,"ELEVTYP_T":0},"geometry":{"type":"LineString","coordinates":[[-74.2757501314713,40.519235632227],[-74.2757672636688,40.5195349378427]]}},{"type":"Feature","id":32694,"properties":{"OBJECTID":32694,"PRIMENAME":"FR FLORIDA GROVE RD to RT 440 NB","ELEVTYP_F":0,"ELEVTYP_T":0},"geometry":{"type":"LineString","coordinates":[[-74.2904146170807,40.5229121160583],[-74.2903591281467,40.5229894207397],[-74.2900768625631,40.5233654012337],[-74.2899560957255,40.5235304024846],[-74.2898374682559,40.5236963051333]]}},{"type":"Feature","id":32721,"properties":{"OBJECTID":32721,"PRIMENAME":"Florida Grove Road","ELEVTYP_F":0,"ELEVTYP_T":0},"geometry":{"type":"LineString","coordinates":[[-74.2899522008574,40.5231309043763],[-74.2899118639632,40.5232467868403],[-74.2898525529951,40.5233591187339],[-74.2897848896201,40.5234506002848],[-74.2897075444883,40.5235436564851],[-74.2896292591205,40.5236149967926],[-74.2895572707272,40.5236744350143],[-74.2894602076598,40.523745768026],[-74.2893663173016,40.5238146912557],[-74.2892817937037,40.5238788833814],[-74.2891917893062,40.5239474839239]]}},{"type":"Feature","id":32755,"properties":{"OBJECTID":32755,"PRIMENAME":"Bruck Avenue","ELEVTYP_F":0,"ELEVTYP_T":0},"geometry":{"type":"LineString","coordinates":[[-74.2710812254746,40.5281442931683],[-74.2714267522504,40.5282666130867],[-74.2718900326087,40.5284303411299]]}},{"type":"Feature","id":32802,"properties":{"OBJECTID":32802,"PRIMENAME":"Paterson Street","ELEVTYP_F":0,"ELEVTYP_T":0},"geometry":{"type":"LineString","coordinates":[[-74.2812324944785,40.5075289970772],[-74.281531349913,40.5076102138334],[-74.2820456143982,40.5077534375546],[-74.2821265701433,40.5077757979379]]}},{"type":"Feature","id":32966,"properties":{"OBJECTID":32966,"PRIMENAME":"Chamberlain Avenue","ELEVTYP_F":0,"ELEVTYP_T":0},"geometry":{"type":"LineString","coordinates":[[-74.2871190604537,40.5318407234405],[-74.2869311803471,40.5321603479939]]}},{"type":"Feature","id":32984,"properties":{"OBJECTID":32984,"PRIMENAME":"Johnstone Street","ELEVTYP_F":0,"ELEVTYP_T":0},"geometry":{"type":"LineString","coordinates":[[-74.2739449159375,40.5167224434111],[-74.2736072371259,40.5173842620321]]}},{"type":"Feature","id":33430,"properties":{"OBJECTID":33430,"PRIMENAME":"Florida Grove Road","ELEVTYP_F":0,"ELEVTYP_T":0},"geometry":{"type":"LineString","coordinates":[[-74.289182334448,40.5251051104846],[-74.2892676901446,40.5252351375178],[-74.2892953802472,40.5252727684822]]}},{"type":"Feature","id":33502,"properties":{"OBJECTID":33502,"PRIMENAME":"Silzer Street","ELEVTYP_F":0,"ELEVTYP_T":0},"geometry":{"type":"LineString","coordinates":[[-74.2841791902334,40.5113554767528],[-74.2834344834985,40.5129141093025]]}},{"type":"Feature","id":33866,"properties":{"OBJECTID":33866,"PRIMENAME":"Market Street","ELEVTYP_F":0,"ELEVTYP_T":0},"geometry":{"type":"LineString","coordinates":[[-74.2772726379016,40.5094415927763],[-74.2769122324971,40.5093417166772],[-74.2765816876245,40.509250296457]]}},{"type":"Feature","id":34557,"properties":{"OBJECTID":34557,"PRIMENAME":"Market Street","ELEVTYP_F":0,"ELEVTYP_T":0},"geometry":{"type":"LineString","coordinates":[[-74.284881463158,40.5115513049679],[-74.2847371840966,40.5115110951979],[-74.2841791902334,40.5113554767528]]}},{"type":"Feature","id":34628,"properties":{"OBJECTID":34628,"PRIMENAME":"Leon Avenue","ELEVTYP_F":0,"ELEVTYP_T":0},"geometry":{"type":"LineString","coordinates":[[-74.2706968241082,40.5287673031171],[-74.2697671811416,40.5284371942479],[-74.26906032227,40.5281869108781]]}},{"type":"Feature","id":34685,"properties":{"OBJECTID":34685,"PRIMENAME":"Clement Street","ELEVTYP_F":0,"ELEVTYP_T":0},"geometry":{"type":"LineString","coordinates":[[-74.2879585880112,40.5153143243933],[-74.2875922820077,40.5159867004908]]}},{"type":"Feature","id":34864,"properties":{"OBJECTID":34864,"PRIMENAME":"Barclay Street","ELEVTYP_F":0,"ELEVTYP_T":0},"geometry":{"type":"LineString","coordinates":[[-74.2710171076627,40.5158835896406],[-74.272057549985,40.5161817354042]]}},{"type":"Feature","id":34890,"properties":{"OBJECTID":34890,"PRIMENAME":"Sayre Avenue","ELEVTYP_F":0,"ELEVTYP_T":0},"geometry":{"type":"LineString","coordinates":[[-74.2839936103816,40.5184139636818],[-74.2835550738622,40.5181630080462],[-74.2832657648062,40.5180062959628]]}},{"type":"Feature","id":34906,"properties":{"OBJECTID":34906,"PRIMENAME":"State Highway 440","ELEVTYP_F":0,"ELEVTYP_T":1},"geometry":{"type":"LineString","coordinates":[[-74.2510879689381,40.5246015486434],[-74.2512799430177,40.5245917732157],[-74.2522012512497,40.524544960203],[-74.2522887277366,40.5245403077877],[-74.2534287729966,40.5244796724376],[-74.2540940176995,40.5244453207235],[-74.2545047423391,40.5244196624644],[-74.2546468801314,40.5244107824555],[-74.2550732073297,40.5243902474475],[-74.255363623924,40.5243801289687],[-74.2556118767391,40.5243806542675],[-74.2558601425074,40.5243776107762],[-74.2561692986575,40.5243782635355],[-74.2564502475523,40.5243895617731],[-74.2566563992767,40.5243935922893],[-74.2568998878413,40.5244084067447],[-74.2571480750126,40.5244268267654],[-74.2574243700297,40.5244523598725],[-74.257756877014,40.5244816892337],[-74.2583608085984,40.5245508402667],[-74.2593066270196,40.524652928814],[-74.2594884189855,40.5246729590131]]}},{"type":"Feature","id":34958,"properties":{"OBJECTID":34958,"PRIMENAME":"Compton Avenue","ELEVTYP_F":0,"ELEVTYP_T":0},"geometry":{"type":"LineString","coordinates":[[-74.2794418872295,40.5205798852626],[-74.2791678629934,40.5204986845833],[-74.2784805816725,40.520295024178],[-74.2777270289681,40.5200834931327]]}},{"type":"Feature","id":35111,"properties":{"OBJECTID":35111,"PRIMENAME":"Keene Street","ELEVTYP_F":0,"ELEVTYP_T":0},"geometry":{"type":"LineString","coordinates":[[-74.2691593331487,40.5251338263534],[-74.2694136167639,40.5252231115557],[-74.2706157432934,40.5256516285667]]}},{"type":"Feature","id":35158,"properties":{"OBJECTID":35158,"PRIMENAME":"Raritan Avenue","ELEVTYP_F":0,"ELEVTYP_T":0},"geometry":{"type":"LineString","coordinates":[[-74.2865280147649,40.5229639322896],[-74.2861581627115,40.5236700608813]]}},{"type":"Feature","id":35240,"properties":{"OBJECTID":35240,"PRIMENAME":"Riverview Drive","ELEVTYP_F":0,"ELEVTYP_T":0},"geometry":{"type":"LineString","coordinates":[[-74.285814170373,40.5083359995059],[-74.2855962905903,40.5081109613013],[-74.2852533201653,40.5077752550652],[-74.2847300167891,40.5072513622302],[-74.2846266071407,40.5071425175598],[-74.2845776547416,40.5070982598975],[-74.2845241009403,40.5070572240765],[-74.2844663083572,40.5070196879499],[-74.2844046683114,40.5069859056742],[-74.2843158085272,40.5069495048204],[-74.2841231999306,40.5068880383444],[-74.2837824648628,40.5067900594587],[-74.2835365442917,40.5067216843858],[-74.2833172010142,40.5066760058663],[-74.2829111136421,40.506602799775],[-74.282546477342,40.5065454826213],[-74.2823094204339,40.5064952675077],[-74.2820575321605,40.5064268510254],[-74.2816426814366,40.5063174429373],[-74.2812130443436,40.5061988918909],[-74.2809175274714,40.5061217154483]]}},{"type":"Feature","id":35406,"properties":{"OBJECTID":35406,"PRIMENAME":"Harrington Street","ELEVTYP_F":0,"ELEVTYP_T":0},"geometry":{"type":"LineString","coordinates":[[-74.2792762925044,40.5237214939328],[-74.2789484980195,40.523679334015]]}},{"type":"Feature","id":35493,"properties":{"OBJECTID":35493,"PRIMENAME":"FR GROVE ST TO A100400","ELEVTYP_F":0,"ELEVTYP_T":0},"geometry":{"type":"LineString","coordinates":[[-74.2702451476059,40.526248531205],[-74.2700183871825,40.5261889243386],[-74.2697943434011,40.5261236095724],[-74.2696460904066,40.5260754930938],[-74.2694989166076,40.5260254848949],[-74.2693528634575,40.525973599062],[-74.269207972094,40.5259198502105],[-74.2685280313565,40.5256754650265],[-74.2679047163793,40.5254730534261]]}},{"type":"Feature","id":35513,"properties":{"OBJECTID":35513,"PRIMENAME":"Broadhead Place","ELEVTYP_F":0,"ELEVTYP_T":0},"geometry":{"type":"LineString","coordinates":[[-74.2807356609996,40.5183998672417],[-74.2819210800872,40.5172754856795]]}},{"type":"Feature","id":35527,"properties":{"OBJECTID":35527,"PRIMENAME":"Kelly Avenue","ELEVTYP_F":0,"ELEVTYP_T":0},"geometry":{"type":"LineString","coordinates":[[-74.2783842985798,40.5360183944155],[-74.2785773608848,40.536044268449]]}},{"type":"Feature","id":35601,"properties":{"OBJECTID":35601,"PRIMENAME":"Unnamed Segment","ELEVTYP_F":0,"ELEVTYP_T":0},"geometry":{"type":"LineString","coordinates":[[-74.2749877997574,40.5297345796106],[-74.2751691143888,40.5298309041832],[-74.2756013177827,40.5297967315703],[-74.2762746763653,40.5296842485174],[-74.2769734482825,40.5299802824707],[-74.2776189129626,40.5302091039437]]}},{"type":"Feature","id":35658,"properties":{"OBJECTID":35658,"PRIMENAME":"Smith Street","ELEVTYP_F":0,"ELEVTYP_T":0},"geometry":{"type":"LineString","coordinates":[[-74.2785266216066,40.5115511323984],[-74.2782942170569,40.5114887315832],[-74.2782548795783,40.5114781673803],[-74.2778673019053,40.5113688810039]]}},{"type":"Feature","id":35780,"properties":{"OBJECTID":35780,"PRIMENAME":"State Highway 440","ELEVTYP_F":0,"ELEVTYP_T":0},"geometry":{"type":"LineString","coordinates":[[-74.2856606894008,40.5279720002729],[-74.2858407665551,40.5278841177517],[-74.2860179672573,40.5277928946358],[-74.286089779343,40.5277545312053],[-74.2862560277242,40.5276623010678],[-74.286419101799,40.5275668284548],[-74.2865788929873,40.527468176943],[-74.2867352948963,40.5273664122257]]}},{"type":"Feature","id":35844,"properties":{"OBJECTID":35844,"PRIMENAME":"Smith Street","ELEVTYP_F":0,"ELEVTYP_T":0},"geometry":{"type":"LineString","coordinates":[[-74.279413156091,40.5117963203271],[-74.2789529509177,40.5116671895715]]}},{"type":"Feature","id":35904,"properties":{"OBJECTID":35904,"PRIMENAME":"Steuerwald Place","ELEVTYP_F":0,"ELEVTYP_T":0},"geometry":{"type":"LineString","coordinates":[[-74.2888204007444,40.5238439190297],[-74.2879613602324,40.523636571478]]}},{"type":"Feature","id":36017,"properties":{"OBJECTID":36017,"PRIMENAME":"Convery Boulevard","ELEVTYP_F":0,"ELEVTYP_T":0},"geometry":{"type":"LineString","coordinates":[[-74.2811634841754,40.5233146061247],[-74.2810983899105,40.5236191353564],[-74.2810263556126,40.523944240625]]}},{"type":"Feature","id":36138,"properties":{"OBJECTID":36138,"PRIMENAME":"Smith Street","ELEVTYP_F":0,"ELEVTYP_T":0},"geometry":{"type":"LineString","coordinates":[[-74.2749358445783,40.5105578996736],[-74.2746638047162,40.5104796830608],[-74.2740619331401,40.5103116861377]]}},{"type":"Feature","id":36141,"properties":{"OBJECTID":36141,"PRIMENAME":"Oak Street","ELEVTYP_F":0,"ELEVTYP_T":0},"geometry":{"type":"LineString","coordinates":[[-74.2749358445783,40.5105578996736],[-74.2744839483564,40.5114749328498],[-74.2740768123024,40.5122977575575]]}},{"type":"Feature","id":36152,"properties":{"OBJECTID":36152,"PRIMENAME":"Lawrie Street","ELEVTYP_F":0,"ELEVTYP_T":0},"geometry":{"type":"LineString","coordinates":[[-74.2756915848623,40.5179791595213],[-74.2755573649423,40.5179404393873],[-74.2736072371259,40.5173842620321]]}},{"type":"Feature","id":36397,"properties":{"OBJECTID":36397,"PRIMENAME":"Chamberlain Avenue","ELEVTYP_F":0,"ELEVTYP_T":0},"geometry":{"type":"LineString","coordinates":[[-74.2840541844386,40.5350480271643],[-74.2840361267232,40.5350578201412],[-74.2839121626832,40.535107577606],[-74.283802929919,40.5351184906],[-74.2836719287636,40.5350960377902],[-74.2835556239537,40.5350347134416],[-74.2832650529962,40.5348119520197],[-74.2831900869148,40.5347562571895],[-74.2830326432363,40.5346392874111],[-74.2829018591933,40.5345612727363],[-74.2827709492347,40.5345110104563],[-74.2827375086137,40.5345049908456],[-74.2825526107782,40.5344717296755],[-74.2824870102131,40.5344637545509]]}},{"type":"Feature","id":36535,"properties":{"OBJECTID":36535,"PRIMENAME":"Luther Avenue","ELEVTYP_F":0,"ELEVTYP_T":0},"geometry":{"type":"LineString","coordinates":[[-74.2906756200334,40.5260302943341],[-74.2926401332789,40.5259215055982]]}},{"type":"Feature","id":36848,"properties":{"OBJECTID":36848,"PRIMENAME":"Ford Street Connector","ELEVTYP_F":0,"ELEVTYP_T":0},"geometry":{"type":"LineString","coordinates":[[-74.2907720597768,40.5166038210525],[-74.2908879110897,40.5165014095294],[-74.2911093771994,40.5163267810127],[-74.2912947348761,40.516185248004]]}},{"type":"Feature","id":36881,"properties":{"OBJECTID":36881,"PRIMENAME":"Amboy Avenue","ELEVTYP_F":0,"ELEVTYP_T":0},"geometry":{"type":"LineString","coordinates":[[-74.2726673634081,40.5319119649359],[-74.2725916855379,40.5320979619019],[-74.2724445579397,40.5324210735161],[-74.272374919031,40.5325867965182]]}},{"type":"Feature","id":37128,"properties":{"OBJECTID":37128,"PRIMENAME":"West Side Avenue","ELEVTYP_F":0,"ELEVTYP_T":0},"geometry":{"type":"LineString","coordinates":[[-74.2690942971574,40.5223229982476],[-74.269052726383,40.5225810665155]]}},{"type":"Feature","id":37159,"properties":{"OBJECTID":37159,"PRIMENAME":"Sofield Avenue","ELEVTYP_F":0,"ELEVTYP_T":0},"geometry":{"type":"LineString","coordinates":[[-74.282364915429,40.5338244901675],[-74.2824448077302,40.5341853754533],[-74.2824398920498,40.5342147121866],[-74.2824669879335,40.5343579293651],[-74.2824870102131,40.5344637545509]]}},{"type":"Feature","id":37271,"properties":{"OBJECTID":37271,"PRIMENAME":"Wayne Street","ELEVTYP_F":0,"ELEVTYP_T":0},"geometry":{"type":"LineString","coordinates":[[-74.2637472499862,40.5216481465941],[-74.2636367033425,40.5215774257149],[-74.2627398903788,40.5213195232511]]}},{"type":"Feature","id":37353,"properties":{"OBJECTID":37353,"PRIMENAME":"State Highway 440","ELEVTYP_F":1,"ELEVTYP_T":1},"geometry":{"type":"LineString","coordinates":[[-74.2659105669367,40.5253761087112],[-74.2662270918941,40.5254105959531],[-74.2665267631603,40.5254505123806],[-74.2666298730663,40.5254677713333],[-74.2668076311107,40.5254975266545],[-74.2669937882002,40.525530981302],[-74.26700892621,40.5255337019982],[-74.2672429576907,40.5255806477872],[-74.2672827115625,40.5255900889714]]}},{"type":"Feature","id":37444,"properties":{"OBJECTID":37444,"PRIMENAME":"New Brunswick Avenue","ELEVTYP_F":0,"ELEVTYP_T":0},"geometry":{"type":"LineString","coordinates":[[-74.2844151432012,40.5204259352448],[-74.2842390058076,40.5203312017912]]}},{"type":"Feature","id":37660,"properties":{"OBJECTID":37660,"PRIMENAME":"Jacques Street","ELEVTYP_F":0,"ELEVTYP_T":0},"geometry":{"type":"LineString","coordinates":[[-74.2738443551491,40.5203266440162],[-74.2740813231957,40.5196340752996]]}},{"type":"Feature","id":37697,"properties":{"OBJECTID":37697,"PRIMENAME":"Kennedy Street","ELEVTYP_F":0,"ELEVTYP_T":0},"geometry":{"type":"LineString","coordinates":[[-74.2811634841754,40.5233146061247],[-74.2802829715531,40.5231926159602]]}},{"type":"Feature","id":37886,"properties":{"OBJECTID":37886,"PRIMENAME":"Francis Street","ELEVTYP_F":0,"ELEVTYP_T":0},"geometry":{"type":"LineString","coordinates":[[-74.268308174821,40.5294305626777],[-74.2679285450632,40.5300581570086]]}},{"type":"Feature","id":37959,"properties":{"OBJECTID":37959,"PRIMENAME":"Unnamed Segment","ELEVTYP_F":0,"ELEVTYP_T":0},"geometry":{"type":"LineString","coordinates":[[-74.2604843515477,40.5213996102334],[-74.2602989231113,40.5216610498624],[-74.2601733825635,40.5218223790592],[-74.2601087645237,40.5219800015336],[-74.2600963435325,40.5220102989715],[-74.2600228789154,40.5221690891522],[-74.2599637725571,40.5221954565432],[-74.2598596538047,40.5221899418276],[-74.2566129191187,40.5215182438143]]}},{"type":"Feature","id":38036,"properties":{"OBJECTID":38036,"PRIMENAME":"Augustine Place","ELEVTYP_F":0,"ELEVTYP_T":0},"geometry":{"type":"LineString","coordinates":[[-74.2805808032926,40.5163490227212],[-74.2803245380594,40.5165862360255]]}},{"type":"Feature","id":38184,"properties":{"OBJECTID":38184,"PRIMENAME":"Stanford Street","ELEVTYP_F":0,"ELEVTYP_T":0},"geometry":{"type":"LineString","coordinates":[[-74.2754759751027,40.5135055926519],[-74.2754131015133,40.513627110315],[-74.2753205075418,40.5138060690087]]}},{"type":"Feature","id":38366,"properties":{"OBJECTID":38366,"PRIMENAME":"Elm Street","ELEVTYP_F":0,"ELEVTYP_T":0},"geometry":{"type":"LineString","coordinates":[[-74.2732019031846,40.5120540060529],[-74.2735565030579,40.5113373737281],[-74.2740619331401,40.5103116861377]]}},{"type":"Feature","id":38478,"properties":{"OBJECTID":38478,"PRIMENAME":"Brighton Avenue","ELEVTYP_F":0,"ELEVTYP_T":0},"geometry":{"type":"LineString","coordinates":[[-74.2723701965945,40.5019697995831],[-74.271654318721,40.5034085090812]]}},{"type":"Feature","id":38560,"properties":{"OBJECTID":38560,"PRIMENAME":"McGuire Place","ELEVTYP_F":0,"ELEVTYP_T":0},"geometry":{"type":"LineString","coordinates":[[-74.2799253452106,40.5147058096677],[-74.2802562579597,40.5139892488556]]}},{"type":"Feature","id":38909,"properties":{"OBJECTID":38909,"PRIMENAME":"Amboy Avenue","ELEVTYP_F":0,"ELEVTYP_T":0},"geometry":{"type":"LineString","coordinates":[[-74.2756054021608,40.543325455251],[-74.2759440216762,40.5436354578848],[-74.276151834073,40.5438318184857],[-74.2764698948239,40.5441323528906],[-74.2766060374026,40.5442691850309],[-74.2767985204895,40.5444743427278],[-74.2769673869056,40.5446830768224],[-74.2772067221845,40.544888872736]]}},{"type":"Feature","id":38924,"properties":{"OBJECTID":38924,"PRIMENAME":"Hanson Avenue","ELEVTYP_F":0,"ELEVTYP_T":0},"geometry":{"type":"LineString","coordinates":[[-74.2844734226432,40.5248944931017],[-74.2852176107233,40.5233633892872]]}},{"type":"Feature","id":38938,"properties":{"OBJECTID":38938,"PRIMENAME":"FR GROVE ST to NJ 440 NB","ELEVTYP_F":0,"ELEVTYP_T":0},"geometry":{"type":"LineString","coordinates":[[-74.2732672609187,40.5274079332505],[-74.272978427708,40.5273170045297],[-74.2726908316005,40.5272238213453],[-74.2723204497545,40.527107681934],[-74.2719515451672,40.526988837596],[-74.2713587489534,40.5268182210549],[-74.2707668665513,40.5266457702065]]}},{"type":"Feature","id":38959,"properties":{"OBJECTID":38959,"PRIMENAME":"Pulaski Avenue","ELEVTYP_F":0,"ELEVTYP_T":0},"geometry":{"type":"LineString","coordinates":[[-74.2614819210924,40.52386388062],[-74.2620313279197,40.5240207993229],[-74.2623135838691,40.5241003021955]]}},{"type":"Feature","id":39042,"properties":{"OBJECTID":39042,"PRIMENAME":"Arnold Avenue","ELEVTYP_F":0,"ELEVTYP_T":0},"geometry":{"type":"LineString","coordinates":[[-74.2762239244452,40.5222910441482],[-74.2750696657735,40.5220454761079],[-74.274972247512,40.5220253843751]]}},{"type":"Feature","id":39202,"properties":{"OBJECTID":39202,"PRIMENAME":"Atlantic Avenue","ELEVTYP_F":0,"ELEVTYP_T":0},"geometry":{"type":"LineString","coordinates":[[-74.2783391704568,40.5219679851291],[-74.2780330446153,40.5227861570965]]}},{"type":"Feature","id":39309,"properties":{"OBJECTID":39309,"PRIMENAME":"Rowson Avenue","ELEVTYP_F":0,"ELEVTYP_T":0},"geometry":{"type":"LineString","coordinates":[[-74.283701052534,40.5375409984786],[-74.2854422325053,40.5366502714918]]}},{"type":"Feature","id":39473,"properties":{"OBJECTID":39473,"PRIMENAME":"Thomas Street","ELEVTYP_F":0,"ELEVTYP_T":0},"geometry":{"type":"LineString","coordinates":[[-74.2702060685496,40.5316231965711],[-74.2699523609492,40.5315268867549],[-74.2691919324224,40.5312560201019]]}},{"type":"Feature","id":39553,"properties":{"OBJECTID":39553,"PRIMENAME":"Hidden Village Drive","ELEVTYP_F":0,"ELEVTYP_T":0},"geometry":{"type":"LineString","coordinates":[[-74.2738966810273,40.5143966271191],[-74.2738034180258,40.514431124216],[-74.2732512321906,40.5144629870616]]}},{"type":"Feature","id":39573,"properties":{"OBJECTID":39573,"PRIMENAME":"Parker Street","ELEVTYP_F":0,"ELEVTYP_T":0},"geometry":{"type":"LineString","coordinates":[[-74.2627398903788,40.5213195232511],[-74.2624814869358,40.5218130037058],[-74.2623983651934,40.5219833594267]]}},{"type":"Feature","id":39723,"properties":{"OBJECTID":39723,"PRIMENAME":"Pine Street","ELEVTYP_F":0,"ELEVTYP_T":0},"geometry":{"type":"LineString","coordinates":[[-74.2710812254746,40.5281442931683],[-74.2715848872923,40.5273279315717]]}},{"type":"Feature","id":39803,"properties":{"OBJECTID":39803,"PRIMENAME":"Bertrand Avenue","ELEVTYP_F":0,"ELEVTYP_T":0},"geometry":{"type":"LineString","coordinates":[[-74.2797068623804,40.5101148337305],[-74.2789529509177,40.5116671895715]]}},{"type":"Feature","id":39936,"properties":{"OBJECTID":39936,"PRIMENAME":"Stockton Street","ELEVTYP_F":0,"ELEVTYP_T":0},"geometry":{"type":"LineString","coordinates":[[-74.2772784720007,40.5139943358772],[-74.2773098593817,40.5139329059322],[-74.2776471862825,40.5132741501266]]}},{"type":"Feature","id":40048,"properties":{"OBJECTID":40048,"PRIMENAME":"Market Street","ELEVTYP_F":0,"ELEVTYP_T":0},"geometry":{"type":"LineString","coordinates":[[-74.2790879051187,40.5099445527038],[-74.2789582283003,40.5099086218013],[-74.2786263061672,40.5098166527142]]}},{"type":"Feature","id":40080,"properties":{"OBJECTID":40080,"PRIMENAME":"Paderewski Avenue","ELEVTYP_F":0,"ELEVTYP_T":0},"geometry":{"type":"LineString","coordinates":[[-74.2712908236444,40.5227560444345],[-74.2697032513817,40.5224355283111]]}},{"type":"Feature","id":40150,"properties":{"OBJECTID":40150,"PRIMENAME":"Neville Street","ELEVTYP_F":0,"ELEVTYP_T":0},"geometry":{"type":"LineString","coordinates":[[-74.2821194755539,40.5205688507683],[-74.2822541905165,40.5206017992831],[-74.2822827398648,40.5206098821725],[-74.2835911216591,40.5209803093449],[-74.2839212449735,40.5210893870117],[-74.283974709085,40.5211184573265],[-74.2840225734578,40.5211527432539],[-74.2840639710138,40.5211916237003],[-74.2840981518183,40.5212343943405],[-74.2841244966657,40.5212802803766],[-74.2841425282968,40.521328450573],[-74.2841519200459,40.5213780323143],[-74.2841525017597,40.5214281274126],[-74.2841518983321,40.5214588059223],[-74.2841473523332,40.5214892911311],[-74.2841389082379,40.521519287901],[-74.2841266471803,40.5215485074529]]}},{"type":"Feature","id":40293,"properties":{"OBJECTID":40293,"PRIMENAME":"Amboy Avenue","ELEVTYP_F":0,"ELEVTYP_T":0},"geometry":{"type":"LineString","coordinates":[[-74.2759126805672,40.523698054997],[-74.275762370399,40.5243929647898]]}},{"type":"Feature","id":40373,"properties":{"OBJECTID":40373,"PRIMENAME":"New Brunswick Avenue","ELEVTYP_F":0,"ELEVTYP_T":0},"geometry":{"type":"LineString","coordinates":[[-74.2858873735483,40.5211883844751],[-74.2856518911844,40.5210670530455],[-74.2855849511736,40.5210319286608]]}},{"type":"Feature","id":40477,"properties":{"OBJECTID":40477,"PRIMENAME":"Kirkland Place","ELEVTYP_F":0,"ELEVTYP_T":0},"geometry":{"type":"LineString","coordinates":[[-74.2815926598147,40.5124026305805],[-74.2809493676272,40.5141762446926]]}},{"type":"Feature","id":40656,"properties":{"OBJECTID":40656,"PRIMENAME":"Gordon Street","ELEVTYP_F":0,"ELEVTYP_T":0},"geometry":{"type":"LineString","coordinates":[[-74.2654726300237,40.5044264308745],[-74.2642897053928,40.504084891037]]}},{"type":"Feature","id":40672,"properties":{"OBJECTID":40672,"PRIMENAME":"Unnamed Segment","ELEVTYP_F":0,"ELEVTYP_T":0},"geometry":{"type":"LineString","coordinates":[[-74.2836678597503,40.5327867005005],[-74.2835863257094,40.5327724206054],[-74.2834908592095,40.5327557008703],[-74.2832218591903,40.5328047012314]]}},{"type":"Feature","id":40761,"properties":{"OBJECTID":40761,"PRIMENAME":"West Pond Road","ELEVTYP_F":0,"ELEVTYP_T":0},"geometry":{"type":"LineString","coordinates":[[-74.2940356428255,40.5334825392622],[-74.2938712965147,40.5334226770011],[-74.2935932382196,40.5333105093254],[-74.2933467287005,40.5332000446512],[-74.2931542196246,40.5331144370385],[-74.292954827517,40.5330209930332],[-74.2927260413246,40.5329039977258],[-74.292669784319,40.5328728891449],[-74.2925573034564,40.5328106908731],[-74.2923647897444,40.5327039442393],[-74.2920442271152,40.5325049508397],[-74.2915227809289,40.5321736093281],[-74.2908536397695,40.5317418296707]]}},{"type":"Feature","id":40808,"properties":{"OBJECTID":40808,"PRIMENAME":"Amboy Avenue","ELEVTYP_F":0,"ELEVTYP_T":0},"geometry":{"type":"LineString","coordinates":[[-74.2741671436292,40.5414076194658],[-74.2742773634935,40.5415577275769],[-74.2743257346027,40.5416236027746],[-74.2744682692654,40.5418250238441]]}},{"type":"Feature","id":40817,"properties":{"OBJECTID":40817,"PRIMENAME":"Birch Street","ELEVTYP_F":0,"ELEVTYP_T":0},"geometry":{"type":"LineString","coordinates":[[-74.2718900326087,40.5284303411299],[-74.2723860114549,40.5276285924898]]}},{"type":"Feature","id":40883,"properties":{"OBJECTID":40883,"PRIMENAME":"Dillman Lane","ELEVTYP_F":0,"ELEVTYP_T":0},"geometry":{"type":"LineString","coordinates":[[-74.2683459623899,40.5225306234811],[-74.2682965095938,40.52253845796],[-74.2682652303782,40.5225542895098],[-74.2682313412776,40.522576072566],[-74.2682104105507,40.5226058152324],[-74.2681828451997,40.5226611016887],[-74.2679979506775,40.5232227455]]}},{"type":"Feature","id":40929,"properties":{"OBJECTID":40929,"PRIMENAME":"State Street","ELEVTYP_F":0,"ELEVTYP_T":0},"geometry":{"type":"LineString","coordinates":[[-74.2693013366775,40.5055367994696],[-74.2686060941501,40.506926556761],[-74.2685565911824,40.5070254467583]]}},{"type":"Feature","id":40973,"properties":{"OBJECTID":40973,"PRIMENAME":"Sayre Avenue","ELEVTYP_F":0,"ELEVTYP_T":0},"geometry":{"type":"LineString","coordinates":[[-74.2869448833387,40.5200165534417],[-74.2862207299836,40.5196243380885]]}},{"type":"Feature","id":41034,"properties":{"OBJECTID":41034,"PRIMENAME":"New Brunswick Avenue","ELEVTYP_F":0,"ELEVTYP_T":0},"geometry":{"type":"LineString","coordinates":[[-74.280029491722,40.5179582900105],[-74.2797315202981,40.5177694623046],[-74.2793208546258,40.5175152762283]]}},{"type":"Feature","id":41056,"properties":{"OBJECTID":41056,"PRIMENAME":"Grove Street","ELEVTYP_F":0,"ELEVTYP_T":0},"geometry":{"type":"LineString","coordinates":[[-74.2702451476059,40.526248531205],[-74.2688190012666,40.5256935890258]]}},{"type":"Feature","id":41209,"properties":{"OBJECTID":41209,"PRIMENAME":"Fayette Street","ELEVTYP_F":0,"ELEVTYP_T":0},"geometry":{"type":"LineString","coordinates":[[-74.2749599033603,40.512538580514],[-74.2740768123024,40.5122977575575]]}},{"type":"Feature","id":41217,"properties":{"OBJECTID":41217,"PRIMENAME":"Stanford Street","ELEVTYP_F":0,"ELEVTYP_T":0},"geometry":{"type":"LineString","coordinates":[[-74.2759371127038,40.5128050814509],[-74.2758166253764,40.5128472052585],[-74.2754759751027,40.5135055926519]]}},{"type":"Feature","id":41293,"properties":{"OBJECTID":41293,"PRIMENAME":"FR NJ 440 SB to NJ 440 SB","ELEVTYP_F":0,"ELEVTYP_T":0},"geometry":{"type":"LineString","coordinates":[[-74.2793092575944,40.5293219512122],[-74.2794440791124,40.529327881954],[-74.2795789919392,40.5293324465904],[-74.2797139722982,40.529335644317],[-74.2798489964005,40.5293374745701]]}},{"type":"Feature","id":41488,"properties":{"OBJECTID":41488,"PRIMENAME":"Market Street","ELEVTYP_F":0,"ELEVTYP_T":0},"geometry":{"type":"LineString","coordinates":[[-74.2657014099417,40.5062294537636],[-74.2655565464056,40.5061884776228],[-74.2647886400727,40.5059729347914],[-74.2647276723533,40.5059551322229]]}},{"type":"Feature","id":41499,"properties":{"OBJECTID":41499,"PRIMENAME":"Francis Street","ELEVTYP_F":0,"ELEVTYP_T":0},"geometry":{"type":"LineString","coordinates":[[-74.26906032227,40.5281869108781],[-74.2686816109816,40.5288130560535]]}},{"type":"Feature","id":41753,"properties":{"OBJECTID":41753,"PRIMENAME":"Brace Avenue","ELEVTYP_F":0,"ELEVTYP_T":0},"geometry":{"type":"LineString","coordinates":[[-74.2814330291062,40.5220859065206],[-74.2815918078146,40.5221882019047],[-74.2819463996871,40.5224166474774],[-74.2824648571427,40.5227445137063],[-74.2826216515798,40.5227927113421]]}},{"type":"Feature","id":41801,"properties":{"OBJECTID":41801,"PRIMENAME":"Hazel Avenue","ELEVTYP_F":0,"ELEVTYP_T":0},"geometry":{"type":"LineString","coordinates":[[-74.2893456672123,40.5225048485094],[-74.2888204007444,40.5238439190297]]}},{"type":"Feature","id":41810,"properties":{"OBJECTID":41810,"PRIMENAME":"Laura Place","ELEVTYP_F":0,"ELEVTYP_T":0},"geometry":{"type":"LineString","coordinates":[[-74.2714428616068,40.5311070420431],[-74.271263541629,40.5317760838254]]}},{"type":"Feature","id":41838,"properties":{"OBJECTID":41838,"PRIMENAME":"FR CO 611 SB to RT 440 SB","ELEVTYP_F":0,"ELEVTYP_T":1},"geometry":{"type":"LineString","coordinates":[[-74.2664676748014,40.5256528449043],[-74.2666794779187,40.5256570616965],[-74.2669684508763,40.5256804558911],[-74.2672530794758,40.5257328579109]]}},{"type":"Feature","id":41872,"properties":{"OBJECTID":41872,"PRIMENAME":"Madison Avenue","ELEVTYP_F":0,"ELEVTYP_T":0},"geometry":{"type":"LineString","coordinates":[[-74.272576324189,40.504282041878],[-74.2728785541848,40.5036432967629],[-74.2735590085081,40.5022943311131]]}},{"type":"Feature","id":42087,"properties":{"OBJECTID":42087,"PRIMENAME":"Smith Street","ELEVTYP_F":0,"ELEVTYP_T":0},"geometry":{"type":"LineString","coordinates":[[-74.2691829325744,40.5089602000606],[-74.2690106024031,40.5089132715754],[-74.2678753946238,40.5085883896517],[-74.2677941578994,40.5085651126929]]}},{"type":"Feature","id":42234,"properties":{"OBJECTID":42234,"PRIMENAME":"Gordon Street","ELEVTYP_F":0,"ELEVTYP_T":0},"geometry":{"type":"LineString","coordinates":[[-74.2806791850653,40.5086968496016],[-74.2797958235536,40.5084493437938]]}},{"type":"Feature","id":42430,"properties":{"OBJECTID":42430,"PRIMENAME":"Carlock Avenue","ELEVTYP_F":0,"ELEVTYP_T":0},"geometry":{"type":"LineString","coordinates":[[-74.2876246329597,40.5245197171151],[-74.2875976710158,40.5246163498973],[-74.2868384577334,40.5260425224737],[-74.2868114194749,40.5260945207302]]}},{"type":"Feature","id":42591,"properties":{"OBJECTID":42591,"PRIMENAME":"Market Street","ELEVTYP_F":0,"ELEVTYP_T":0},"geometry":{"type":"LineString","coordinates":[[-74.2748244861525,40.5087642655657],[-74.2745884838646,40.5086990754273]]}},{"type":"Feature","id":42674,"properties":{"OBJECTID":42674,"PRIMENAME":"Carson Avenue","ELEVTYP_F":0,"ELEVTYP_T":0},"geometry":{"type":"LineString","coordinates":[[-74.2826216515798,40.5227927113421],[-74.2831537892843,40.5216566552941]]}},{"type":"Feature","id":42738,"properties":{"OBJECTID":42738,"PRIMENAME":"Unnamed Segment","ELEVTYP_F":0,"ELEVTYP_T":0},"geometry":{"type":"LineString","coordinates":[[-74.2915624337824,40.5194370851243],[-74.2918178409631,40.5195049962718]]}},{"type":"Feature","id":42988,"properties":{"OBJECTID":42988,"PRIMENAME":"Pine Street","ELEVTYP_F":0,"ELEVTYP_T":0},"geometry":{"type":"LineString","coordinates":[[-74.2699479514649,40.5300177239766],[-74.2702832266907,40.5294675841568],[-74.2703218986601,40.5293943662565]]}},{"type":"Feature","id":43106,"properties":{"OBJECTID":43106,"PRIMENAME":"Barry Avenue","ELEVTYP_F":0,"ELEVTYP_T":0},"geometry":{"type":"LineString","coordinates":[[-74.2887519238258,40.5344368645234],[-74.2887776253997,40.5345589039661],[-74.2888193822457,40.5347011494624],[-74.2888892152653,40.5348623053413],[-74.2889870506316,40.535066364083],[-74.2890639261639,40.5352194622011],[-74.2890848107571,40.5352946061966],[-74.2890845667251,40.5353724297105],[-74.2890667183457,40.535442150582],[-74.2890278571549,40.535511833086],[-74.2889678738475,40.5355707703647],[-74.2888938587612,40.5356296558583],[-74.288798749737,40.5356804583624],[-74.2887142762067,40.5357125039944],[-74.2885135250303,40.5357872705212],[-74.2883374562565,40.5358620819141],[-74.2881965646498,40.5359288870186],[-74.2881817513352,40.5359371222028]]}},{"type":"Feature","id":43776,"properties":{"OBJECTID":43776,"PRIMENAME":"Loretta Street","ELEVTYP_F":0,"ELEVTYP_T":0},"geometry":{"type":"LineString","coordinates":[[-74.2911811754953,40.5244060443523],[-74.2902325777002,40.5241773600613]]}},{"type":"Feature","id":43777,"properties":{"OBJECTID":43777,"PRIMENAME":"Gordon Street","ELEVTYP_F":0,"ELEVTYP_T":0},"geometry":{"type":"LineString","coordinates":[[-74.2728422242248,40.5065557768785],[-74.2716492080053,40.5062094886464],[-74.2716447887083,40.5062082442498]]}},{"type":"Feature","id":44171,"properties":{"OBJECTID":44171,"PRIMENAME":"Center Street","ELEVTYP_F":0,"ELEVTYP_T":0},"geometry":{"type":"LineString","coordinates":[[-74.2666229250244,40.5109476893438],[-74.2653961496267,40.5105949272759]]}},{"type":"Feature","id":44696,"properties":{"OBJECTID":44696,"PRIMENAME":"Compton Avenue","ELEVTYP_F":0,"ELEVTYP_T":0},"geometry":{"type":"LineString","coordinates":[[-74.2777270289681,40.5200834931327],[-74.2769352441055,40.5198612055303],[-74.2757672636688,40.5195349378427]]}},{"type":"Feature","id":44967,"properties":{"OBJECTID":44967,"PRIMENAME":"Catherine Street","ELEVTYP_F":0,"ELEVTYP_T":0},"geometry":{"type":"LineString","coordinates":[[-74.2673439726351,40.5223763666023],[-74.2671437178368,40.5229569669696],[-74.2665931774972,40.5245985075054],[-74.2665166718267,40.5245968209813]]}},{"type":"Feature","id":45075,"properties":{"OBJECTID":45075,"PRIMENAME":"Penn Street","ELEVTYP_F":0,"ELEVTYP_T":0},"geometry":{"type":"LineString","coordinates":[[-74.2704156229424,40.5203677025733],[-74.2706425589254,40.5196840147083]]}},{"type":"Feature","id":45076,"properties":{"OBJECTID":45076,"PRIMENAME":"FR RAMP A113280 to CO 624 EB","ELEVTYP_F":0,"ELEVTYP_T":0},"geometry":{"type":"LineString","coordinates":[[-74.2892639021836,40.5178764551309],[-74.2892488264713,40.5178644071932],[-74.2892334620965,40.5178525735512],[-74.2892178142882,40.5178409582324],[-74.2892018883725,40.5178295651902]]}},{"type":"Feature","id":45152,"properties":{"OBJECTID":45152,"PRIMENAME":"Florida Grove Road","ELEVTYP_F":0,"ELEVTYP_T":0},"geometry":{"type":"LineString","coordinates":[[-74.2892953802472,40.5252727684822],[-74.2894261302007,40.5254503141911],[-74.289529841109,40.5256123827588],[-74.2895681003967,40.5256640880926]]}},{"type":"Feature","id":45218,"properties":{"OBJECTID":45218,"PRIMENAME":"New Brunswick Avenue","ELEVTYP_F":0,"ELEVTYP_T":0},"geometry":{"type":"LineString","coordinates":[[-74.2821581859418,40.5192338346741],[-74.2818789402042,40.5190904791205],[-74.2816861555687,40.5189848676736],[-74.2815423661882,40.5189003755013],[-74.2814277762237,40.5188300485224]]}},{"type":"Feature","id":46343,"properties":{"OBJECTID":46343,"PRIMENAME":"Smith Street","ELEVTYP_F":0,"ELEVTYP_T":0},"geometry":{"type":"LineString","coordinates":[[-74.2899725413882,40.5147274455187],[-74.2895471982676,40.5146097826796],[-74.2889152573458,40.5144294833147],[-74.2887939304478,40.5143970893706]]}},{"type":"Feature","id":46348,"properties":{"OBJECTID":46348,"PRIMENAME":"Buckingham Avenue","ELEVTYP_F":0,"ELEVTYP_T":0},"geometry":{"type":"LineString","coordinates":[[-74.2628142540256,40.515835668454],[-74.261545417477,40.5154669670819]]}},{"type":"Feature","id":46416,"properties":{"OBJECTID":46416,"PRIMENAME":"Thomas Street","ELEVTYP_F":0,"ELEVTYP_T":0},"geometry":{"type":"LineString","coordinates":[[-74.2726673634081,40.5319119649359],[-74.2714805286847,40.531795865807],[-74.271263541629,40.5317760838254]]}},{"type":"Feature","id":46447,"properties":{"OBJECTID":46447,"PRIMENAME":"Market Street","ELEVTYP_F":0,"ELEVTYP_T":0},"geometry":{"type":"LineString","coordinates":[[-74.2647276723533,40.5059551322229],[-74.2635172520332,40.5056024102946]]}},{"type":"Feature","id":46605,"properties":{"OBJECTID":46605,"PRIMENAME":"Hall Avenue","ELEVTYP_F":0,"ELEVTYP_T":0},"geometry":{"type":"LineString","coordinates":[[-74.2752069688661,40.5213356362451],[-74.2763347674212,40.5215625123344]]}},{"type":"Feature","id":46653,"properties":{"OBJECTID":46653,"PRIMENAME":"2nd Street","ELEVTYP_F":0,"ELEVTYP_T":0},"geometry":{"type":"LineString","coordinates":[[-74.2740806689486,40.5069148783077],[-74.2745646813002,40.5059472607868],[-74.2750310825057,40.5049934692851]]}},{"type":"Feature","id":46993,"properties":{"OBJECTID":46993,"PRIMENAME":"Florida Grove Road","ELEVTYP_F":0,"ELEVTYP_T":0},"geometry":{"type":"LineString","coordinates":[[-74.2905741308931,40.5315678871345],[-74.2903961979885,40.5319221221231],[-74.2903426642875,40.5322680203421],[-74.2903049734118,40.532528627359]]}},{"type":"Feature","id":47136,"properties":{"OBJECTID":47136,"PRIMENAME":"High Street","ELEVTYP_F":0,"ELEVTYP_T":0},"geometry":{"type":"LineString","coordinates":[[-74.2637706722009,40.5108961880691],[-74.2640237519774,40.5103878135919],[-74.2641038130449,40.5102235446561]]}},{"type":"Feature","id":47499,"properties":{"OBJECTID":47499,"PRIMENAME":"Florida Grove Road","ELEVTYP_F":0,"ELEVTYP_T":0},"geometry":{"type":"LineString","coordinates":[[-74.2893449194128,40.5362599271354],[-74.2892957194829,40.5362836985997],[-74.2891055833209,40.5363579910599],[-74.2890970701182,40.5363613186432],[-74.2890480521148,40.5363804782306],[-74.2888829241297,40.5364544863479],[-74.2887140068549,40.5365313981203],[-74.2884324184894,40.5366938870673],[-74.2881732966336,40.5368506795276],[-74.2880833826296,40.5369075593678]]}},{"type":"Feature","id":47552,"properties":{"OBJECTID":47552,"PRIMENAME":"Water Street","ELEVTYP_F":0,"ELEVTYP_T":0},"geometry":{"type":"LineString","coordinates":[[-74.2635172520332,40.5056024102946],[-74.2632087934639,40.5062344604189],[-74.2627630073012,40.5071478799656]]}},{"type":"Feature","id":47796,"properties":{"OBJECTID":47796,"PRIMENAME":"Jeffries Street","ELEVTYP_F":0,"ELEVTYP_T":0},"geometry":{"type":"LineString","coordinates":[[-74.2760877149626,40.5207719060067],[-74.2759501054557,40.5207446006361],[-74.2738443551491,40.5203266440162]]}},{"type":"Feature","id":48066,"properties":{"OBJECTID":48066,"PRIMENAME":"Johnstone Street","ELEVTYP_F":0,"ELEVTYP_T":0},"geometry":{"type":"LineString","coordinates":[[-74.2745503406002,40.5147780901975],[-74.2748340781346,40.5149476400617],[-74.2748277194979,40.514988328882],[-74.2742853031548,40.516055440492]]}},{"type":"Feature","id":48089,"properties":{"OBJECTID":48089,"PRIMENAME":"New Brunswick Avenue","ELEVTYP_F":0,"ELEVTYP_T":0},"geometry":{"type":"LineString","coordinates":[[-74.2682636456435,40.5097151367388],[-74.2682138567133,40.509580340554]]}},{"type":"Feature","id":48239,"properties":{"OBJECTID":48239,"PRIMENAME":"William Street","ELEVTYP_F":0,"ELEVTYP_T":0},"geometry":{"type":"LineString","coordinates":[[-74.2668318412813,40.5155310104541],[-74.2678078731755,40.5158191269663],[-74.2680254264608,40.5158884664644],[-74.2682131120579,40.5158108099193]]}},{"type":"Feature","id":48268,"properties":{"OBJECTID":48268,"PRIMENAME":"FR RT 35 NB to NJ 184 WB","ELEVTYP_F":0,"ELEVTYP_T":0},"geometry":{"type":"LineString","coordinates":[[-74.2796050874794,40.5296842893641],[-74.279538272716,40.5297296642356],[-74.2794695637988,40.529773361227],[-74.2794529719325,40.5297855154813],[-74.2794381575015,40.5297989403283],[-74.2794252866277,40.5298134852292],[-74.2794145036393,40.5298289870855],[-74.2794059294524,40.5298452720677],[-74.279399660215,40.5298621575647],[-74.2793957662289,40.5298794542314],[-74.2793942911609,40.5298969681118],[-74.2793980348812,40.5299159462786],[-74.2794032871514,40.5299347151284],[-74.2794100284546,40.5299532049141],[-74.2794182337407,40.5299713469254],[-74.279427872519,40.5299890737445],[-74.2794389089718,40.5300063194963],[-74.2794513020872,40.5300230200936],[-74.2794650058119,40.5300391134747],[-74.2794799692219,40.5300545398345],[-74.2794961367121,40.5300692418467],[-74.2795134482026,40.5300831648765],[-74.2795318393623,40.5300962571841],[-74.2795512418476,40.5301084701166],[-74.2795715835567,40.5301197582891],[-74.2795927888973,40.5301300797529],[-74.2796147790676,40.5301393961522]]}},{"type":"Feature","id":48342,"properties":{"OBJECTID":48342,"PRIMENAME":"Kozusko Avenue","ELEVTYP_F":0,"ELEVTYP_T":0},"geometry":{"type":"LineString","coordinates":[[-74.2777893014942,40.538740264924],[-74.2771291082412,40.5386553496562]]}},{"type":"Feature","id":48515,"properties":{"OBJECTID":48515,"PRIMENAME":"Lawrie Street","ELEVTYP_F":0,"ELEVTYP_T":0},"geometry":{"type":"LineString","coordinates":[[-74.2736072371259,40.5173842620321],[-74.2723278683863,40.5170193384186],[-74.271731662397,40.5168515334068]]}},{"type":"Feature","id":48749,"properties":{"OBJECTID":48749,"PRIMENAME":"Penn Street","ELEVTYP_F":0,"ELEVTYP_T":0},"geometry":{"type":"LineString","coordinates":[[-74.2706425589254,40.5196840147083],[-74.2707277863847,40.5194272680195],[-74.270890438967,40.5189861208053]]}},{"type":"Feature","id":48797,"properties":{"OBJECTID":48797,"PRIMENAME":"Great Beds Court","ELEVTYP_F":0,"ELEVTYP_T":0},"geometry":{"type":"LineString","coordinates":[[-74.2592991361362,40.5183695298316],[-74.2593262519062,40.518320723639],[-74.2595581353358,40.5179030150448],[-74.259685215717,40.51774241461],[-74.2597371442829,40.5176942363148]]}},{"type":"Feature","id":49284,"properties":{"OBJECTID":49284,"PRIMENAME":"Dekalb Avenue","ELEVTYP_F":0,"ELEVTYP_T":0},"geometry":{"type":"LineString","coordinates":[[-74.2649281406648,40.5144306969288],[-74.2636705501116,40.5140900701534]]}},{"type":"Feature","id":49370,"properties":{"OBJECTID":49370,"PRIMENAME":"Lee Avenue","ELEVTYP_F":0,"ELEVTYP_T":0},"geometry":{"type":"LineString","coordinates":[[-74.2843517817753,40.5232147754249],[-74.2843903775711,40.5231594237319],[-74.2850196637712,40.5218728887757],[-74.285056196286,40.52179911247]]}},{"type":"Feature","id":49577,"properties":{"OBJECTID":49577,"PRIMENAME":"Pearl Place","ELEVTYP_F":0,"ELEVTYP_T":0},"geometry":{"type":"LineString","coordinates":[[-74.2618624009282,40.5163443581363],[-74.2620894668045,40.5164101538087]]}},{"type":"Feature","id":49703,"properties":{"OBJECTID":49703,"PRIMENAME":"Linden Street","ELEVTYP_F":0,"ELEVTYP_T":0},"geometry":{"type":"LineString","coordinates":[[-74.2691185388217,40.5013501152112],[-74.2692544274653,40.499831205205]]}},{"type":"Feature","id":49825,"properties":{"OBJECTID":49825,"PRIMENAME":"Market Street","ELEVTYP_F":0,"ELEVTYP_T":0},"geometry":{"type":"LineString","coordinates":[[-74.269865849595,40.5073911863244],[-74.2697166428954,40.5073493709695],[-74.2696102424421,40.507319550696],[-74.2685565911824,40.5070254467583]]}},{"type":"Feature","id":50213,"properties":{"OBJECTID":50213,"PRIMENAME":"Maple Street","ELEVTYP_F":0,"ELEVTYP_T":0},"geometry":{"type":"LineString","coordinates":[[-74.2719522245594,40.5097288977244],[-74.2727216382493,40.508185347428]]}},{"type":"Feature","id":50220,"properties":{"OBJECTID":50220,"PRIMENAME":"Harbortown Boulevard","ELEVTYP_F":0,"ELEVTYP_T":0},"geometry":{"type":"LineString","coordinates":[[-74.2600442003996,40.5195274882493],[-74.2601148904703,40.5193946888423],[-74.2601288964705,40.5193595391958],[-74.2601404589526,40.5193238757158],[-74.2601495458705,40.5192877972581],[-74.2601561320402,40.5192514038283],[-74.2601601992097,40.5192147963051],[-74.2601617361092,40.5191780761604],[-74.2601607384829,40.519141345178],[-74.2601572091002,40.5191047051717]]}},{"type":"Feature","id":50235,"properties":{"OBJECTID":50235,"PRIMENAME":"FR CO 655 SB TO FLORDIA GROVE RD","ELEVTYP_F":0,"ELEVTYP_T":0},"geometry":{"type":"LineString","coordinates":[[-74.2895681003967,40.5256640880926],[-74.2895644812933,40.5254660984397]]}},{"type":"Feature","id":50323,"properties":{"OBJECTID":50323,"PRIMENAME":"Zambory Avenue","ELEVTYP_F":0,"ELEVTYP_T":0},"geometry":{"type":"LineString","coordinates":[[-74.2777209681803,40.5299659852981],[-74.2776427898974,40.5299445323706],[-74.2771934162403,40.5297345710442],[-74.2765318814615,40.5294304255365],[-74.2764425372704,40.5293918761255],[-74.2763448389511,40.5293660750541],[-74.2762051201407,40.5293402195435],[-74.2760514299789,40.5293292439558],[-74.275903272987,40.5293310975104],[-74.2757438779811,40.5293478632528],[-74.2755620341008,40.5293859138094],[-74.2753717647702,40.5294367131795],[-74.2752514054757,40.5294855344618],[-74.2751841879298,40.5295216395061],[-74.2751141440212,40.5295748680235],[-74.2750720742524,40.5296110219415],[-74.2750243642453,40.5296664076455],[-74.2749877997574,40.5297345796106]]}},{"type":"Feature","id":50357,"properties":{"OBJECTID":50357,"PRIMENAME":"Meinzer Street","ELEVTYP_F":0,"ELEVTYP_T":0},"geometry":{"type":"LineString","coordinates":[[-74.2681832741379,40.5263896023519],[-74.2671981021924,40.5260366591985]]}},{"type":"Feature","id":51353,"properties":{"OBJECTID":51353,"PRIMENAME":"Convery Boulevard","ELEVTYP_F":0,"ELEVTYP_T":0},"geometry":{"type":"LineString","coordinates":[[-74.2788280362118,40.5339843478193],[-74.2786743093297,40.5346807351551]]}},{"type":"Feature","id":51638,"properties":{"OBJECTID":51638,"PRIMENAME":"Huntington Street","ELEVTYP_F":0,"ELEVTYP_T":0},"geometry":{"type":"LineString","coordinates":[[-74.2650429967293,40.5205999839084],[-74.2651233347276,40.5206168376598],[-74.2659432875252,40.52078883616]]}},{"type":"Feature","id":51689,"properties":{"OBJECTID":51689,"PRIMENAME":"Sutton Street","ELEVTYP_F":0,"ELEVTYP_T":0},"geometry":{"type":"LineString","coordinates":[[-74.2711273415944,40.5183095611353],[-74.2701665760414,40.5181182683977]]}},{"type":"Feature","id":51717,"properties":{"OBJECTID":51717,"PRIMENAME":"New Street","ELEVTYP_F":0,"ELEVTYP_T":0},"geometry":{"type":"LineString","coordinates":[[-74.2694110575245,40.5113240149634],[-74.2693859231853,40.5113746945478],[-74.2689162571208,40.5123209884755]]}},{"type":"Feature","id":52123,"properties":{"OBJECTID":52123,"PRIMENAME":"Division Street","ELEVTYP_F":0,"ELEVTYP_T":0},"geometry":{"type":"LineString","coordinates":[[-74.2686229950572,40.5107470620416],[-74.2685051578257,40.5109804636845],[-74.2680909504484,40.5118098682768],[-74.2679743070583,40.51205084782]]}},{"type":"Feature","id":52961,"properties":{"OBJECTID":52961,"PRIMENAME":"Harbortown Boulevard","ELEVTYP_F":0,"ELEVTYP_T":0},"geometry":{"type":"LineString","coordinates":[[-74.2597495231215,40.5200710460685],[-74.2599774223428,40.519650668925]]}},{"type":"Feature","id":54068,"properties":{"OBJECTID":54068,"PRIMENAME":"Water Street","ELEVTYP_F":0,"ELEVTYP_T":0},"geometry":{"type":"LineString","coordinates":[[-74.2685065435734,40.4996147388691],[-74.2684287826896,40.4995770024548],[-74.2682647645154,40.4995672855141],[-74.2678954708446,40.4996135132445],[-74.2674805065966,40.4998162027951],[-74.2672051956571,40.4999815645917],[-74.2670613563703,40.5000533063241],[-74.2666707231106,40.5003312041341],[-74.266362410632,40.500534049975],[-74.2662884674782,40.5005671166321]]}},{"type":"Feature","id":54771,"properties":{"OBJECTID":54771,"PRIMENAME":"FR RAMP A100400 to CO 611 SB","ELEVTYP_F":0,"ELEVTYP_T":0},"geometry":{"type":"LineString","coordinates":[[-74.2648660028999,40.5259983366948],[-74.2648669879707,40.5259120046106],[-74.2648614926887,40.5257948029618]]}},{"type":"Feature","id":55705,"properties":{"OBJECTID":55705,"PRIMENAME":"Bentley Avenue","ELEVTYP_F":0,"ELEVTYP_T":0},"geometry":{"type":"LineString","coordinates":[[-74.2792447721966,40.5332497063339],[-74.279508607665,40.5332832567488],[-74.2795498206068,40.5332776524348],[-74.2795948495542,40.5332605814118],[-74.2801018697775,40.5329270009282],[-74.2801282006589,40.5328955921717],[-74.2801320639502,40.5328584306917],[-74.2801102975038,40.5328144117092],[-74.2800510181073,40.5327553340066],[-74.2798219615017,40.5325632887021],[-74.2797584125328,40.5325231446767],[-74.2796910290805,40.5325001493293],[-74.279601158487,40.5324770831336],[-74.279462530401,40.5324567797053],[-74.2794340497328,40.5324529625287]]}},{"type":"Feature","id":55803,"properties":{"OBJECTID":55803,"PRIMENAME":"Howard Street","ELEVTYP_F":0,"ELEVTYP_T":0},"geometry":{"type":"LineString","coordinates":[[-74.2901360800565,40.5288076477765],[-74.2916245342222,40.5287213721819],[-74.2929067887384,40.5286523315065]]}},{"type":"Feature","id":56057,"properties":{"OBJECTID":56057,"PRIMENAME":"Dorsey Street","ELEVTYP_F":0,"ELEVTYP_T":0},"geometry":{"type":"LineString","coordinates":[[-74.2856958904095,40.5142872081663],[-74.2860068907067,40.5136253863272]]}},{"type":"Feature","id":56063,"properties":{"OBJECTID":56063,"PRIMENAME":"Jeffries Street","ELEVTYP_F":0,"ELEVTYP_T":0},"geometry":{"type":"LineString","coordinates":[[-74.2723442097198,40.5200255788578],[-74.2706425589254,40.5196840147083]]}},{"type":"Feature","id":56136,"properties":{"OBJECTID":56136,"PRIMENAME":"Rudyard Drive","ELEVTYP_F":0,"ELEVTYP_T":0},"geometry":{"type":"LineString","coordinates":[[-74.2777310264323,40.5390078554987],[-74.2778679584954,40.5390248317223],[-74.2783023235234,40.5390786785371],[-74.278307396357,40.5390789629609]]}},{"type":"Feature","id":56789,"properties":{"OBJECTID":56789,"PRIMENAME":"Jefferson Street","ELEVTYP_F":0,"ELEVTYP_T":0},"geometry":{"type":"LineString","coordinates":[[-74.2715312180332,40.5105734545359],[-74.2724540829564,40.51083154131],[-74.2727141502017,40.5109042682496]]}},{"type":"Feature","id":56840,"properties":{"OBJECTID":56840,"PRIMENAME":"FR RT 440 NB to CO 611 NB","ELEVTYP_F":0,"ELEVTYP_T":1},"geometry":{"type":"LineString","coordinates":[[-74.2679047163793,40.5254730534261],[-74.2678812215933,40.525463645117],[-74.2674406761736,40.5253087305118],[-74.2673497852347,40.5252833471102]]}},{"type":"Feature","id":56865,"properties":{"OBJECTID":56865,"PRIMENAME":"Mechanic Street","ELEVTYP_F":0,"ELEVTYP_T":0},"geometry":{"type":"LineString","coordinates":[[-74.2653961496267,40.5105949272759],[-74.2650643355973,40.5112716127962]]}},{"type":"Feature","id":57043,"properties":{"OBJECTID":57043,"PRIMENAME":"Unnamed Segment","ELEVTYP_F":0,"ELEVTYP_T":0},"geometry":{"type":"LineString","coordinates":[[-74.2856392606007,40.5429164970193],[-74.2854472989328,40.5426733116711],[-74.2849413394184,40.5429107447151]]}},{"type":"Feature","id":57327,"properties":{"OBJECTID":57327,"PRIMENAME":"Fayette Street","ELEVTYP_F":0,"ELEVTYP_T":0},"geometry":{"type":"LineString","coordinates":[[-74.2710900032241,40.511456016734],[-74.2706536440584,40.5113324993769],[-74.269292496233,40.5109400652625]]}},{"type":"Feature","id":57380,"properties":{"OBJECTID":57380,"PRIMENAME":"Garretson Avenue","ELEVTYP_F":0,"ELEVTYP_T":0},"geometry":{"type":"LineString","coordinates":[[-74.2685329887986,40.5317631243038],[-74.2686840170568,40.5318172859741],[-74.2687538133141,40.5318382607564],[-74.2687963393433,40.5318383458541],[-74.2688237210226,40.5318268167875],[-74.2688481024873,40.5317990578365],[-74.2689684504852,40.5316089827438]]}},{"type":"Feature","id":57647,"properties":{"OBJECTID":57647,"PRIMENAME":"Buckingham Avenue","ELEVTYP_F":0,"ELEVTYP_T":0},"geometry":{"type":"LineString","coordinates":[[-74.261545417477,40.5154669670819],[-74.2615114626583,40.5154570702555],[-74.2606651462849,40.5152150950398]]}},{"type":"Feature","id":57998,"properties":{"OBJECTID":57998,"PRIMENAME":"Convery Boulevard","ELEVTYP_F":0,"ELEVTYP_T":0},"geometry":{"type":"LineString","coordinates":[[-74.2768437759547,40.5432204100643],[-74.2768352035918,40.5433528167942],[-74.2768347215624,40.5434980595325],[-74.2768400568801,40.543603619392]]}},{"type":"Feature","id":58245,"properties":{"OBJECTID":58245,"PRIMENAME":"Cortlandt Street","ELEVTYP_F":0,"ELEVTYP_T":0},"geometry":{"type":"LineString","coordinates":[[-74.2664363896277,40.5221982172167],[-74.2668619516179,40.5209814515664]]}},{"type":"Feature","id":58258,"properties":{"OBJECTID":58258,"PRIMENAME":"Smith Street","ELEVTYP_F":0,"ELEVTYP_T":0},"geometry":{"type":"LineString","coordinates":[[-74.2860068907067,40.5136253863272],[-74.2858460339718,40.5135825660508],[-74.2849756264234,40.5133409987969],[-74.2842850854179,40.513148486702]]}},{"type":"Feature","id":58430,"properties":{"OBJECTID":58430,"PRIMENAME":"FR RAMP A100400 to CO 611 SB","ELEVTYP_F":0,"ELEVTYP_T":1},"geometry":{"type":"LineString","coordinates":[[-74.2627448536605,40.5273016389545],[-74.2628640600657,40.5273690685923],[-74.2630178153557,40.5274320460195],[-74.2632280309866,40.5274951407458],[-74.2633337912825,40.5275158880872],[-74.2633793380412,40.527524823715],[-74.2634973371855,40.5275387719203],[-74.2636666852391,40.5275469520512],[-74.2638271378436,40.5275432552032],[-74.2640141156051,40.5275189041989],[-74.264096427621,40.5274981543165],[-74.2641936969194,40.5274698038902],[-74.26429601217,40.5274282316686],[-74.264393374337,40.527373308275],[-74.2644758126147,40.5273164054253],[-74.2645199509845,40.5272761968428]]}},{"type":"Feature","id":58449,"properties":{"OBJECTID":58449,"PRIMENAME":"Kirkland Place","ELEVTYP_F":0,"ELEVTYP_T":0},"geometry":{"type":"LineString","coordinates":[[-74.2809493676272,40.5141762446926],[-74.2806260859254,40.515047005089],[-74.280590526094,40.515142779782]]}},{"type":"Feature","id":58549,"properties":{"OBJECTID":58549,"PRIMENAME":"Barry Avenue","ELEVTYP_F":0,"ELEVTYP_T":0},"geometry":{"type":"LineString","coordinates":[[-74.2871190604537,40.5318407234405],[-74.2869246478648,40.531780329369],[-74.2862773204219,40.5315594972837]]}},{"type":"Feature","id":58830,"properties":{"OBJECTID":58830,"PRIMENAME":"Pfeiffer Boulevard","ELEVTYP_F":0,"ELEVTYP_T":0},"geometry":{"type":"LineString","coordinates":[[-74.2801358691133,40.5280283809562],[-74.2799719006267,40.5281466858882],[-74.2795558532973,40.5284833775352],[-74.2794362369274,40.5285590513829],[-74.2793217476349,40.528585405779],[-74.2791973781717,40.528596560221],[-74.2790999888276,40.5285863266944]]}},{"type":"Feature","id":58929,"properties":{"OBJECTID":58929,"PRIMENAME":"FR A213280 TO LOCAL RD","ELEVTYP_F":0,"ELEVTYP_T":0},"geometry":{"type":"LineString","coordinates":[[-74.2920132512095,40.5185970889461],[-74.2918220824695,40.5185691017334],[-74.2916847016834,40.5185372681844],[-74.2915496326391,40.5185001173592],[-74.2914172284528,40.5184577463838],[-74.2912878352719,40.5184102660312],[-74.2911796854016,40.518367948297],[-74.2910745950316,40.5183213569703],[-74.290972853857,40.5182706204891],[-74.2908747423385,40.5182158787179],[-74.2908048379839,40.5181671742025],[-74.2907396118461,40.5181148262262],[-74.290679389176,40.5180590958315],[-74.2906244702712,40.5180002609275]]}},{"type":"Feature","id":58977,"properties":{"OBJECTID":58977,"PRIMENAME":"Amboy Avenue","ELEVTYP_F":1,"ELEVTYP_T":1},"geometry":{"type":"LineString","coordinates":[[-74.2750248413694,40.5281573908998],[-74.2750065184595,40.5282039401351],[-74.2749734631367,40.5282772525176]]}},{"type":"Feature","id":59038,"properties":{"OBJECTID":59038,"PRIMENAME":"Johnstone Street","ELEVTYP_F":0,"ELEVTYP_T":0},"geometry":{"type":"LineString","coordinates":[[-74.2733557309709,40.5147715808305],[-74.2739599827619,40.5147414701954]]}},{"type":"Feature","id":59282,"properties":{"OBJECTID":59282,"PRIMENAME":"Center Street","ELEVTYP_F":0,"ELEVTYP_T":0},"geometry":{"type":"LineString","coordinates":[[-74.2653961496267,40.5105949272759],[-74.2645827607191,40.5103610639257],[-74.2641038130449,40.5102235446561]]}},{"type":"Feature","id":59460,"properties":{"OBJECTID":59460,"PRIMENAME":"Catalpa Avenue","ELEVTYP_F":0,"ELEVTYP_T":0},"geometry":{"type":"LineString","coordinates":[[-74.2720295351681,40.5000671939843],[-74.2720276863196,40.5000822056565],[-74.2719218140623,40.5009327678204],[-74.2718474074916,40.5016340285868],[-74.2718214503407,40.5018233088243]]}},{"type":"Feature","id":59461,"properties":{"OBJECTID":59461,"PRIMENAME":"Dobranski Drive","ELEVTYP_F":0,"ELEVTYP_T":0},"geometry":{"type":"LineString","coordinates":[[-74.2794615487508,40.5311032323121],[-74.2793518149457,40.5310930519917],[-74.2793252650233,40.5310905885132],[-74.2792374130173,40.5310612449185],[-74.279199386332,40.5309969828319],[-74.2791996448864,40.5309182073537],[-74.2792499379582,40.5307403261949],[-74.2792545760313,40.5304923341077],[-74.2792433436795,40.5304193718277],[-74.2791864161718,40.5302879688543],[-74.2789808055089,40.5300220684176],[-74.2788052569716,40.5299166978599]]}},{"type":"Feature","id":59700,"properties":{"OBJECTID":59700,"PRIMENAME":"FR NJ 440 SB to NJ 440 SB","ELEVTYP_F":0,"ELEVTYP_T":0},"geometry":{"type":"LineString","coordinates":[[-74.2856486362742,40.5280627313674],[-74.2857703548565,40.5279990502134],[-74.2858909461846,40.5279341324983],[-74.28600300706,40.5278690495935],[-74.2861132965303,40.5278022281844],[-74.2862217682836,40.5277336963334],[-74.2863283767714,40.5276634828212],[-74.2864330772284,40.5275916171346],[-74.2865358256908,40.527518129454],[-74.2866365790152,40.5274430506412],[-74.2867352948963,40.5273664122257]]}},{"type":"Feature","id":59733,"properties":{"OBJECTID":59733,"PRIMENAME":"East Avenue","ELEVTYP_F":0,"ELEVTYP_T":0},"geometry":{"type":"LineString","coordinates":[[-74.2704532498123,40.513891681848],[-74.2711711708136,40.5124219670874]]}},{"type":"Feature","id":59821,"properties":{"OBJECTID":59821,"PRIMENAME":"Lindbergh Avenue","ELEVTYP_F":0,"ELEVTYP_T":0},"geometry":{"type":"LineString","coordinates":[[-74.2786743093297,40.5346807351551],[-74.2788975031269,40.5347065186653],[-74.2790587450336,40.5347251458141],[-74.2795944826252,40.5347890596445]]}},{"type":"Feature","id":60045,"properties":{"OBJECTID":60045,"PRIMENAME":"FR RT 440 SB to FLORIDA GROVE RD","ELEVTYP_F":0,"ELEVTYP_T":0},"geometry":{"type":"LineString","coordinates":[[-74.2886879279419,40.5256021443779],[-74.2888132389863,40.5254788806348],[-74.2889374144732,40.5253549496728],[-74.289060448307,40.5252303575819],[-74.289182334448,40.5251051104846]]}},{"type":"Feature","id":60373,"properties":{"OBJECTID":60373,"PRIMENAME":"Unnamed Segment","ELEVTYP_F":0,"ELEVTYP_T":0},"geometry":{"type":"LineString","coordinates":[[-74.2832218591903,40.5328047012314],[-74.2832268580645,40.532789701678],[-74.2832328598153,40.5324437014431]]}},{"type":"Feature","id":61012,"properties":{"OBJECTID":61012,"PRIMENAME":"Truxton Drive","ELEVTYP_F":0,"ELEVTYP_T":0},"geometry":{"type":"LineString","coordinates":[[-74.281297067685,40.537818368995],[-74.2812456035694,40.5381980570801],[-74.2812529159445,40.5382730398561],[-74.2812903748136,40.5383827231403],[-74.2813579933567,40.5385125852484],[-74.2815455083936,40.5388394426064]]}},{"type":"Feature","id":61057,"properties":{"OBJECTID":61057,"PRIMENAME":"Silzer Street","ELEVTYP_F":0,"ELEVTYP_T":0},"geometry":{"type":"LineString","coordinates":[[-74.2834344834985,40.5129141093025],[-74.283228040535,40.5133462160044],[-74.2826234070682,40.5146313629173]]}},{"type":"Feature","id":61539,"properties":{"OBJECTID":61539,"PRIMENAME":"Gordon Street","ELEVTYP_F":0,"ELEVTYP_T":0},"geometry":{"type":"LineString","coordinates":[[-74.266782923044,40.5048061799578],[-74.2657129088436,40.5044957930296],[-74.2654726300237,40.5044264308745]]}},{"type":"Feature","id":61664,"properties":{"OBJECTID":61664,"PRIMENAME":"State Street","ELEVTYP_F":0,"ELEVTYP_T":0},"geometry":{"type":"LineString","coordinates":[[-74.2677941578994,40.5085651126929],[-74.2673774039786,40.5094151532901]]}},{"type":"Feature","id":61876,"properties":{"OBJECTID":61876,"PRIMENAME":"Chester Street","ELEVTYP_F":0,"ELEVTYP_T":0},"geometry":{"type":"LineString","coordinates":[[-74.2732237636394,40.5272468572678],[-74.2735605330907,40.5266891885418]]}},{"type":"Feature","id":61932,"properties":{"OBJECTID":61932,"PRIMENAME":"New Brunswick Avenue","ELEVTYP_F":0,"ELEVTYP_T":0},"geometry":{"type":"LineString","coordinates":[[-74.2908454776318,40.5228637521665],[-74.2907254166598,40.5228354244084],[-74.2906736543959,40.5228230875231]]}},{"type":"Feature","id":62607,"properties":{"OBJECTID":62607,"PRIMENAME":"Robbins Street","ELEVTYP_F":0,"ELEVTYP_T":0},"geometry":{"type":"LineString","coordinates":[[-74.2871454120876,40.5300392906765],[-74.2870611245028,40.5302304977776],[-74.2866829088942,40.5308630152453],[-74.2862773204219,40.5315594972837]]}},{"type":"Feature","id":63059,"properties":{"OBJECTID":63059,"PRIMENAME":null,"ELEVTYP_F":0,"ELEVTYP_T":0},"geometry":{"type":"LineString","coordinates":[[-74.2883973610133,40.517995354996],[-74.2885948697189,40.5180079875497],[-74.2887046289653,40.5180149961416],[-74.2888588197348,40.5180311173203],[-74.2890071253597,40.5180426973877],[-74.2891734561289,40.5180758054471],[-74.2893479957858,40.5181180416889],[-74.2894991446048,40.5181635844976],[-74.289623589807,40.5182136077568],[-74.2897361076569,40.5182704161287],[-74.2898545251425,40.5183385740291],[-74.2899640391788,40.5184247498055],[-74.2900675665636,40.5185154996998],[-74.2901326405432,40.5185722223842],[-74.2901858309048,40.5186447628042],[-74.2902448985506,40.5187240937962],[-74.290289126269,40.5188101786569],[-74.2903186268219,40.518878173779],[-74.2903479696047,40.5189619809355],[-74.290368527409,40.5190367127285],[-74.2903771164875,40.5191318193319],[-74.2903857410781,40.5192268989788],[-74.2903913092206,40.5193333092856],[-74.2904057418482,40.5194691645922],[-74.2904318537349,40.5197818811962]]}},{"type":"Feature","id":63516,"properties":{"OBJECTID":63516,"PRIMENAME":"Fayette Street","ELEVTYP_F":0,"ELEVTYP_T":0},"geometry":{"type":"LineString","coordinates":[[-74.281784213111,40.5144023752365],[-74.2814994164937,40.5143246442059],[-74.2809493676272,40.5141762446926]]}},{"type":"Feature","id":63519,"properties":{"OBJECTID":63519,"PRIMENAME":"Mechanic Street","ELEVTYP_F":0,"ELEVTYP_T":0},"geometry":{"type":"LineString","coordinates":[[-74.2650643355973,40.5112716127962],[-74.2645927207701,40.5122235122914],[-74.2645925389773,40.5122238694708]]}},{"type":"Feature","id":64048,"properties":{"OBJECTID":64048,"PRIMENAME":"Barclay Street","ELEVTYP_F":0,"ELEVTYP_T":0},"geometry":{"type":"LineString","coordinates":[[-74.2756546490899,40.5172113049392],[-74.2772696902088,40.5176592754964],[-74.2776066697721,40.5177536159595]]}},{"type":"Feature","id":64167,"properties":{"OBJECTID":64167,"PRIMENAME":"Crencoun Street","ELEVTYP_F":0,"ELEVTYP_T":0},"geometry":{"type":"LineString","coordinates":[[-74.2635161168501,40.5174540102344],[-74.2633771420711,40.5175320984098],[-74.2633010594139,40.5175748494204],[-74.2632517192547,40.5176010651845],[-74.2632067034345,40.5176314775564],[-74.2631666214537,40.5176656747662],[-74.2631320160128,40.5177031937984],[-74.2630756044629,40.5177673965106],[-74.2629625415465,40.5179537504703],[-74.2627927216709,40.5182815260192],[-74.2627163154779,40.5184357818259],[-74.2626739662964,40.5185107739105],[-74.2625835879861,40.5186285462094],[-74.2624481695156,40.5187783710676],[-74.262330282382,40.5189239223165]]}},{"type":"Feature","id":64632,"properties":{"OBJECTID":64632,"PRIMENAME":"Unnamed Segment","ELEVTYP_F":0,"ELEVTYP_T":0},"geometry":{"type":"LineString","coordinates":[[-74.2910406692696,40.5193362046188],[-74.2909425284594,40.5197722094019]]}},{"type":"Feature","id":64763,"properties":{"OBJECTID":64763,"PRIMENAME":"FR RT 440 NB to CO 611 NB","ELEVTYP_F":1,"ELEVTYP_T":0},"geometry":{"type":"LineString","coordinates":[[-74.2626187905521,40.5269450228076],[-74.2626158078088,40.5269785235943],[-74.2626586481408,40.5271358970312],[-74.2627448536605,40.5273016389545]]}},{"type":"Feature","id":64864,"properties":{"OBJECTID":64864,"PRIMENAME":"Madison Avenue","ELEVTYP_F":0,"ELEVTYP_T":0},"geometry":{"type":"LineString","coordinates":[[-74.2716447887083,40.5062082442498],[-74.2720157508664,40.5054666125304],[-74.272576324189,40.504282041878]]}},{"type":"Feature","id":65520,"properties":{"OBJECTID":65520,"PRIMENAME":"State Street","ELEVTYP_F":0,"ELEVTYP_T":0},"geometry":{"type":"LineString","coordinates":[[-74.2666229250244,40.5109476893438],[-74.2662879853543,40.5116266776425]]}},{"type":"Feature","id":66201,"properties":{"OBJECTID":66201,"PRIMENAME":"FR CO 611 SB to RT 440 SB","ELEVTYP_F":1,"ELEVTYP_T":0},"geometry":{"type":"LineString","coordinates":[[-74.2651316293409,40.5263410556422],[-74.2651521983476,40.5263023912105],[-74.265244798457,40.5261885194903],[-74.2653847718245,40.5260556938288],[-74.2655371577317,40.5259532803303],[-74.2656994515018,40.5258566246122],[-74.2658691648612,40.525788532669],[-74.266168519298,40.5256921539137],[-74.2663031479899,40.5256677202682],[-74.2664676748014,40.5256528449043]]}},{"type":"Feature","id":66417,"properties":{"OBJECTID":66417,"PRIMENAME":"Amboy Avenue","ELEVTYP_F":0,"ELEVTYP_T":0},"geometry":{"type":"LineString","coordinates":[[-74.275762370399,40.5243929647898],[-74.2757297795355,40.5245437457865],[-74.2754674723153,40.5255421840442],[-74.2754007040966,40.5257899932954],[-74.2753767930057,40.5259049397684],[-74.2753610606402,40.5259945647965]]}},{"type":"Feature","id":66515,"properties":{"OBJECTID":66515,"PRIMENAME":"Water Street","ELEVTYP_F":0,"ELEVTYP_T":0},"geometry":{"type":"LineString","coordinates":[[-74.2642897053928,40.504084891037],[-74.2638159592469,40.5050405452622],[-74.2637374402828,40.5051882376041],[-74.2635172520332,40.5056024102946]]}},{"type":"Feature","id":66817,"properties":{"OBJECTID":66817,"PRIMENAME":"Florida Grove Road","ELEVTYP_F":0,"ELEVTYP_T":0},"geometry":{"type":"LineString","coordinates":[[-74.2898854306018,40.5274497046156],[-74.289902354256,40.5275485323501],[-74.2899479759071,40.5278465156187],[-74.2899848106512,40.5280439008897],[-74.2899968470612,40.5281294606908]]}},{"type":"Feature","id":66868,"properties":{"OBJECTID":66868,"PRIMENAME":"FR RAMP A113280 to CO 624 EB","ELEVTYP_F":0,"ELEVTYP_T":0},"geometry":{"type":"LineString","coordinates":[[-74.2903127843738,40.518386375135],[-74.2902182319315,40.5183614179117],[-74.2901250029817,40.5183337122452],[-74.2900597490818,40.5183125247557],[-74.2899953473678,40.5182898695311],[-74.289931854509,40.518265766507],[-74.2898693263749,40.5182402368928],[-74.2898078179856,40.5182133031531],[-74.289747383464,40.5181849889882],[-74.2896880759878,40.5181553193129],[-74.2896299477425,40.5181243202349],[-74.2895420224238,40.5180745085948],[-74.2894574012803,40.5180214685902],[-74.2893762876357,40.5179653276683],[-74.2892988763845,40.517906220727],[-74.2892639021836,40.5178764551309]]}},{"type":"Feature","id":67669,"properties":{"OBJECTID":67669,"PRIMENAME":"Ridgeley Street","ELEVTYP_F":0,"ELEVTYP_T":0},"geometry":{"type":"LineString","coordinates":[[-74.2726690892669,40.5193481464993],[-74.2740813231957,40.5196340752996]]}},{"type":"Feature","id":67695,"properties":{"OBJECTID":67695,"PRIMENAME":"Sheridan Street","ELEVTYP_F":0,"ELEVTYP_T":0},"geometry":{"type":"LineString","coordinates":[[-74.281728329223,40.510671976552],[-74.2824401807353,40.5091901558893]]}},{"type":"Feature","id":68158,"properties":{"OBJECTID":68158,"PRIMENAME":"Columbus Drive","ELEVTYP_F":0,"ELEVTYP_T":0},"geometry":{"type":"LineString","coordinates":[[-74.2882987493953,40.5303723058943],[-74.2883526301101,40.5301935879287],[-74.288393735917,40.530095497635]]}},{"type":"Feature","id":68571,"properties":{"OBJECTID":68571,"PRIMENAME":"FR RAMP Y104550 TO NJ TURNPIKE NB","ELEVTYP_F":0,"ELEVTYP_T":0},"geometry":{"type":"LineString","coordinates":[[-74.2885197158056,40.5424003632875],[-74.2884307077668,40.5424826677651],[-74.2883444220042,40.5425666425332],[-74.2881217718314,40.542768859174],[-74.2879026651591,40.5429733163934],[-74.2874200793791,40.5434656978886],[-74.2873604765695,40.5435302552363],[-74.2872977295155,40.5435930546981],[-74.2872319272064,40.5436540072015],[-74.2871631629661,40.5437130262936],[-74.2870814211441,40.5437813777055],[-74.286997306676,40.5438480328566],[-74.2869108800185,40.5439129438339],[-74.2868222032903,40.5439760639779],[-74.2867313402283,40.5440373479163],[-74.2866383561417,40.5440967515965],[-74.2865433178646,40.5441542323175],[-74.2864462937083,40.5442097487604],[-74.2863123255562,40.5442802594754],[-74.2861747090485,40.5443465554599],[-74.2860336718974,40.54440852701],[-74.2858894474771,40.5444660715775],[-74.2851075704775,40.5447720174699],[-74.2847066342683,40.5449375114548],[-74.284309970153,40.5451088930545],[-74.2840328906982,40.5452384835907],[-74.2837599907031,40.5453731369825],[-74.2834914291085,40.5455127748179],[-74.2832273623315,40.5456573157819],[-74.2829650391322,40.5458164027175],[-74.2827046786842,40.5459773556318],[-74.2824463038028,40.5461401604291],[-74.2821899371297,40.5463048028515]]}},{"type":"Feature","id":68659,"properties":{"OBJECTID":68659,"PRIMENAME":"FR RT 440 NB to CO 611 NB","ELEVTYP_F":1,"ELEVTYP_T":1},"geometry":{"type":"LineString","coordinates":[[-74.2626316888332,40.5268001186586],[-74.2626187905521,40.5269450228076]]}},{"type":"Feature","id":68985,"properties":{"OBJECTID":68985,"PRIMENAME":"FR NJ TURNPIKE SB TO GARDEN STATE PKWY SB","ELEVTYP_F":1,"ELEVTYP_T":0},"geometry":{"type":"LineString","coordinates":[[-74.2879515535518,40.5440960460424],[-74.2879583034362,40.5440041804421],[-74.2879689701132,40.5439125311709],[-74.287983542259,40.5438211953888],[-74.2880020044093,40.5437302699229],[-74.2880945930623,40.5434445924188],[-74.2881223776421,40.5433685826483],[-74.2881532036284,40.5432932583988],[-74.2881870420337,40.5432186904773],[-74.2882238610392,40.5431449489794],[-74.2882636260245,40.5430721032238],[-74.2883062996002,40.5430002216867],[-74.2883518416433,40.5429293719381],[-74.2884002093347,40.5428596205775]]}},{"type":"Feature","id":69074,"properties":{"OBJECTID":69074,"PRIMENAME":"Augustine Place","ELEVTYP_F":0,"ELEVTYP_T":0},"geometry":{"type":"LineString","coordinates":[[-74.2803245380594,40.5165862360255],[-74.280165650305,40.5167333208198],[-74.279905736307,40.5169739288102]]}},{"type":"Feature","id":70351,"properties":{"OBJECTID":70351,"PRIMENAME":"FR RT 440 NB to RT 184","ELEVTYP_F":0,"ELEVTYP_T":0},"geometry":{"type":"LineString","coordinates":[[-74.2834620720996,40.5283415936636],[-74.2831861740128,40.5283188956871]]}},{"type":"Feature","id":70870,"properties":{"OBJECTID":70870,"PRIMENAME":"FROM RAMP TO HIGH ST","ELEVTYP_F":0,"ELEVTYP_T":0},"geometry":{"type":"LineString","coordinates":[[-74.2645597512512,40.5260805608763],[-74.2640958548096,40.5262355645943],[-74.2637740663454,40.526326210053],[-74.2636044573183,40.526374031419],[-74.2634268344877,40.5264243975114],[-74.2632546753413,40.5264867087293],[-74.2630336268213,40.5265861252329],[-74.2627791390264,40.5267070120566],[-74.2626316888332,40.5268001186586]]}},{"type":"Feature","id":71059,"properties":{"OBJECTID":71059,"PRIMENAME":"FR HIGH ST TO RAMP Y100400","ELEVTYP_F":0,"ELEVTYP_T":0},"geometry":{"type":"LineString","coordinates":[[-74.261837319208,40.5274315769297],[-74.2623620164564,40.527099758562],[-74.2626187905521,40.5269450228076]]}},{"type":"Feature","id":71115,"properties":{"OBJECTID":71115,"PRIMENAME":"Unnamed Segment","ELEVTYP_F":0,"ELEVTYP_T":0},"geometry":{"type":"LineString","coordinates":[[-74.2836678597503,40.5327867005005],[-74.2836778596448,40.5328146998689],[-74.2837068601004,40.5328387009006],[-74.2837548607641,40.5328467009388]]}},{"type":"Feature","id":71385,"properties":{"OBJECTID":71385,"PRIMENAME":"Unnamed Segment","ELEVTYP_F":0,"ELEVTYP_T":0},"geometry":{"type":"LineString","coordinates":[[-74.2922635293297,40.5202562097303],[-74.29214865749,40.520299519713],[-74.2920407191306,40.5203149027778],[-74.2919036683036,40.5203146560582],[-74.2918540258378,40.5203089098072],[-74.2917083699151,40.5202920514842],[-74.2914985286232,40.5202652081041]]}},{"type":"Feature","id":71387,"properties":{"OBJECTID":71387,"PRIMENAME":"Hall Avenue","ELEVTYP_F":0,"ELEVTYP_T":0},"geometry":{"type":"LineString","coordinates":[[-74.2663890075893,40.5195469132143],[-74.2672989741414,40.5197328915806]]}},{"type":"Feature","id":71397,"properties":{"OBJECTID":71397,"PRIMENAME":"Gordon Street","ELEVTYP_F":0,"ELEVTYP_T":0},"geometry":{"type":"LineString","coordinates":[[-74.2704480454161,40.5058720665278],[-74.2693013366775,40.5055367994696]]}},{"type":"Feature","id":71501,"properties":{"OBJECTID":71501,"PRIMENAME":"Route 440 Connector","ELEVTYP_F":0,"ELEVTYP_T":0},"geometry":{"type":"LineString","coordinates":[[-74.2793629911454,40.513746963643],[-74.2792792175054,40.513811927241],[-74.2792367456049,40.5138448613659],[-74.2792202050433,40.513879317369],[-74.2792059560125,40.5139143646798],[-74.2791940345824,40.5139499145889],[-74.2791844709314,40.5139858771145],[-74.2791772892704,40.5140221612302],[-74.279172507781,40.5140586750956],[-74.2791701385698,40.5140953262886],[-74.2791701876377,40.5141320220392],[-74.2791726548643,40.5141686694647],[-74.2791775340086,40.5142051758043],[-74.2791848127247,40.5142414486545],[-74.2791944725926,40.5142773962024],[-74.2792064891655,40.5143129274584],[-74.2792208320308,40.5143479524865],[-74.2792374648877,40.5143823826319],[-74.2792563456388,40.5144161307454],[-74.279358538121,40.5145456760123],[-74.2795537170882,40.5147172895506],[-74.279803622932,40.5149491249142],[-74.2800011487135,40.5151298556197],[-74.2802011138408,40.5153014771611],[-74.280358251728,40.5154147372812],[-74.2805202523741,40.5155152418121],[-74.2807966706036,40.5156596932281],[-74.2810135130175,40.5157748507336],[-74.2813495177811,40.515946755005],[-74.2822075219839,40.516371014093],[-74.2828081005748,40.5166618099607],[-74.2835446577324,40.5169947475069],[-74.2842121452818,40.5172765470029],[-74.284717012401,40.5174811765663]]}},{"type":"Feature","id":71560,"properties":{"OBJECTID":71560,"PRIMENAME":"Amboy Avenue","ELEVTYP_F":0,"ELEVTYP_T":0},"geometry":{"type":"LineString","coordinates":[[-74.2752242125987,40.5272871935316],[-74.2752089161259,40.5274083431012],[-74.2751778356109,40.5276545094697],[-74.2751585883805,40.5277838218231],[-74.2751219032114,40.527888449184]]}},{"type":"Feature","id":71572,"properties":{"OBJECTID":71572,"PRIMENAME":"Groom Street","ELEVTYP_F":0,"ELEVTYP_T":0},"geometry":{"type":"LineString","coordinates":[[-74.2804387563582,40.5185665357448],[-74.2805153359331,40.5184125702332],[-74.2805738320564,40.5182998569281]]}},{"type":"Feature","id":71915,"properties":{"OBJECTID":71915,"PRIMENAME":"FR RT 440 SB to FLORIDA GROVE RD","ELEVTYP_F":0,"ELEVTYP_T":0},"geometry":{"type":"LineString","coordinates":[[-74.289182334448,40.5251051104846],[-74.2893004995755,40.5249819878087],[-74.2894418750866,40.5248452320205],[-74.2895823454539,40.5247079343503]]}},{"type":"Feature","id":72069,"properties":{"OBJECTID":72069,"PRIMENAME":"Pikeview Lane","ELEVTYP_F":0,"ELEVTYP_T":0},"geometry":{"type":"LineString","coordinates":[[-74.2911058768648,40.5385797683462],[-74.2902612146146,40.5393349451808],[-74.2902572140152,40.5393659464373],[-74.2902622143208,40.5393959454253],[-74.2902952131954,40.5394329462546],[-74.2917955680273,40.5403670785982],[-74.2920460141652,40.5404922040095]]}},{"type":"Feature","id":72159,"properties":{"OBJECTID":72159,"PRIMENAME":"High Street","ELEVTYP_F":0,"ELEVTYP_T":0},"geometry":{"type":"LineString","coordinates":[[-74.2620726023937,40.5189605060322],[-74.2620868227403,40.5190894737021],[-74.2620915045926,40.5191795506316],[-74.2620718535289,40.5192621292695]]}},{"type":"Feature","id":72351,"properties":{"OBJECTID":72351,"PRIMENAME":"FR RT 440 SB to FLORIDA GROVE RD","ELEVTYP_F":0,"ELEVTYP_T":0},"geometry":{"type":"LineString","coordinates":[[-74.2895823454539,40.5247079343503],[-74.2896446394365,40.524646545731]]}},{"type":"Feature","id":72627,"properties":{"OBJECTID":72627,"PRIMENAME":"FR CO 611 SB to RT 440 SB","ELEVTYP_F":0,"ELEVTYP_T":0},"geometry":{"type":"LineString","coordinates":[[-74.264654080491,40.5288872766269],[-74.2647731806036,40.528511136554],[-74.2647983200709,40.5283075380733]]}},{"type":"Feature","id":72736,"properties":{"OBJECTID":72736,"PRIMENAME":"FR RAMP A100400 to CO 611 SB","ELEVTYP_F":0,"ELEVTYP_T":0},"geometry":{"type":"LineString","coordinates":[[-74.2648614926887,40.5257948029618],[-74.2648484404296,40.5255164502716],[-74.2648463613376,40.5254730736499]]}},{"type":"Feature","id":73049,"properties":{"OBJECTID":73049,"PRIMENAME":"Bruck Avenue","ELEVTYP_F":0,"ELEVTYP_T":0},"geometry":{"type":"LineString","coordinates":[[-74.2678139839268,40.5269862259258],[-74.2686300533343,40.5272762092472]]}},{"type":"Feature","id":73282,"properties":{"OBJECTID":73282,"PRIMENAME":"Grove Street","ELEVTYP_F":0,"ELEVTYP_T":0},"geometry":{"type":"LineString","coordinates":[[-74.2732237636394,40.5272468572678],[-74.2727761429363,40.5270916744576],[-74.2717371851103,40.5267297975739]]}},{"type":"Feature","id":73345,"properties":{"OBJECTID":73345,"PRIMENAME":"Cornell Street","ELEVTYP_F":0,"ELEVTYP_T":0},"geometry":{"type":"LineString","coordinates":[[-74.2777594584005,40.5208076080405],[-74.2777412273861,40.5202611296615],[-74.2777270289681,40.5200834931327]]}},{"type":"Feature","id":73564,"properties":{"OBJECTID":73564,"PRIMENAME":"High Street","ELEVTYP_F":0,"ELEVTYP_T":0},"geometry":{"type":"LineString","coordinates":[[-74.261545417477,40.5154669670819],[-74.2615764506235,40.5153272229563],[-74.2622876465065,40.5139060560948],[-74.2628347045299,40.5127879660167]]}},{"type":"Feature","id":73848,"properties":{"OBJECTID":73848,"PRIMENAME":"Florida Grove Road","ELEVTYP_F":0,"ELEVTYP_T":0},"geometry":{"type":"LineString","coordinates":[[-74.2906996305782,40.5297836792221],[-74.2907585904314,40.5298782184894],[-74.2908219753992,40.5299955768028],[-74.290859161765,40.5300814296835],[-74.2908664571734,40.5301415056646],[-74.2908699055368,40.5302358606295],[-74.2908582816676,40.5303645309997],[-74.2908276540332,40.5305646217624],[-74.290774514937,40.5307847115879],[-74.2905741308931,40.5315678871345]]}},{"type":"Feature","id":74160,"properties":{"OBJECTID":74160,"PRIMENAME":"Unnamed Segment","ELEVTYP_F":0,"ELEVTYP_T":0},"geometry":{"type":"LineString","coordinates":[[-74.2846008584513,40.5320127000716],[-74.2838938599179,40.5325317004652]]}},{"type":"Feature","id":74332,"properties":{"OBJECTID":74332,"PRIMENAME":"State Street","ELEVTYP_F":0,"ELEVTYP_T":0},"geometry":{"type":"LineString","coordinates":[[-74.271053395174,40.499925372053],[-74.2710527229798,40.4999329198101],[-74.2709912241818,40.5006008256294],[-74.2708721680633,40.5015594074851],[-74.2708422596686,40.5016407417836]]}},{"type":"Feature","id":74737,"properties":{"OBJECTID":74737,"PRIMENAME":"Amboy Avenue","ELEVTYP_F":0,"ELEVTYP_T":0},"geometry":{"type":"LineString","coordinates":[[-74.2762239244452,40.5222910441482],[-74.276186605455,40.5224581310411],[-74.2760646759092,40.5230040272008]]}},{"type":"Feature","id":74786,"properties":{"OBJECTID":74786,"PRIMENAME":"FR CO 653 to RT 35 SB","ELEVTYP_F":0,"ELEVTYP_T":0},"geometry":{"type":"LineString","coordinates":[[-74.2758589716588,40.5434003326822],[-74.2756054021608,40.543325455251]]}},{"type":"Feature","id":74941,"properties":{"OBJECTID":74941,"PRIMENAME":"Pulaski Avenue","ELEVTYP_F":0,"ELEVTYP_T":0},"geometry":{"type":"LineString","coordinates":[[-74.2665166718267,40.5245968209813],[-74.2661150144889,40.5245879598143],[-74.2656329450555,40.5245418265521]]}},{"type":"Feature","id":75211,"properties":{"OBJECTID":75211,"PRIMENAME":"Unnamed Segment","ELEVTYP_F":0,"ELEVTYP_T":0},"geometry":{"type":"LineString","coordinates":[[-74.2737286690938,40.5152417445161],[-74.2730950325887,40.5150673328348],[-74.2729395848648,40.5149564510262]]}},{"type":"Feature","id":75655,"properties":{"OBJECTID":75655,"PRIMENAME":"Unnamed Segment","ELEVTYP_F":0,"ELEVTYP_T":0},"geometry":{"type":"LineString","coordinates":[[-74.2835029036598,40.5220756073073],[-74.2835564864897,40.5218787197035],[-74.2835897693868,40.5217678130027]]}},{"type":"Feature","id":75969,"properties":{"OBJECTID":75969,"PRIMENAME":"Unnamed Segment","ELEVTYP_F":0,"ELEVTYP_T":0},"geometry":{"type":"LineString","coordinates":[[-74.2910406692696,40.5193362046188],[-74.2913000930114,40.5193656016077],[-74.2915624337824,40.5194370851243]]}},{"type":"Feature","id":75988,"properties":{"OBJECTID":75988,"PRIMENAME":"Rector Street","ELEVTYP_F":0,"ELEVTYP_T":0},"geometry":{"type":"LineString","coordinates":[[-74.2640616223961,40.5075147891979],[-74.2640619196407,40.5074299657963],[-74.2641241122791,40.5072422709234],[-74.2643639014393,40.5067041942875],[-74.2647276723533,40.5059551322229]]}},{"type":"Feature","id":76881,"properties":{"OBJECTID":76881,"PRIMENAME":"Harbortown Boulevard","ELEVTYP_F":0,"ELEVTYP_T":0},"geometry":{"type":"LineString","coordinates":[[-74.2599296931909,40.51867308145],[-74.2598939938285,40.5186379110291],[-74.2598560623407,40.5186041288246],[-74.2598159912775,40.5185718172595],[-74.2597738784083,40.5185410551684],[-74.2597298264838,40.5185119176056],[-74.2596839429854,40.5184844756613],[-74.2596363398626,40.5184587962891],[-74.2595871332603,40.5184349421417],[-74.2594524349511,40.5183917550149],[-74.2593260755068,40.5183700524666],[-74.2592991361362,40.5183695298316]]}},{"type":"Feature","id":77277,"properties":{"OBJECTID":77277,"PRIMENAME":"State Street","ELEVTYP_F":0,"ELEVTYP_T":0},"geometry":{"type":"LineString","coordinates":[[-74.2637400096413,40.5168862006257],[-74.2636268406998,40.5171241907666],[-74.2635294098379,40.517315243432],[-74.2635187268607,40.5173436237808],[-74.2635042843762,40.5173819807983],[-74.2635080431492,40.5174282987906],[-74.2635161168501,40.5174540102344]]}},{"type":"Feature","id":77495,"properties":{"OBJECTID":77495,"PRIMENAME":"Brighton Avenue","ELEVTYP_F":0,"ELEVTYP_T":0},"geometry":{"type":"LineString","coordinates":[[-74.2704480454161,40.5058720665278],[-74.2697617893122,40.5072690959242],[-74.2697794987556,40.5072898718085],[-74.2698469296209,40.5073689886502],[-74.269865849595,40.5073911863244]]}},{"type":"Feature","id":77584,"properties":{"OBJECTID":77584,"PRIMENAME":"Lewis Street","ELEVTYP_F":0,"ELEVTYP_T":0},"geometry":{"type":"LineString","coordinates":[[-74.2718214503407,40.5018233088243],[-74.2718950492214,40.501838194736],[-74.2723701965945,40.5019697995831]]}},{"type":"Feature","id":77726,"properties":{"OBJECTID":77726,"PRIMENAME":"Penn Street","ELEVTYP_F":0,"ELEVTYP_T":0},"geometry":{"type":"LineString","coordinates":[[-74.272057549985,40.5161817354042],[-74.2723698461889,40.5155087259066]]}},{"type":"Feature","id":78484,"properties":{"OBJECTID":78484,"PRIMENAME":"State Street","ELEVTYP_F":0,"ELEVTYP_T":0},"geometry":{"type":"LineString","coordinates":[[-74.2642584871779,40.5191324108845],[-74.2641459404063,40.5195512785006],[-74.2639633373159,40.5202220048476],[-74.2639206004236,40.520386734218]]}},{"type":"Feature","id":78665,"properties":{"OBJECTID":78665,"PRIMENAME":"FR FLORIDA GROVE RD to RAMP B100270","ELEVTYP_F":0,"ELEVTYP_T":0},"geometry":{"type":"LineString","coordinates":[[-74.2903449986004,40.5213359102411],[-74.2903792761965,40.5213449239447],[-74.2904141577818,40.5213524685506],[-74.2905766084915,40.521390361003],[-74.2907386385389,40.521429288444],[-74.2907722159447,40.521442500829],[-74.2908050519283,40.5214567571558]]}},{"type":"Feature","id":78732,"properties":{"OBJECTID":78732,"PRIMENAME":"Huntington Street","ELEVTYP_F":0,"ELEVTYP_T":0},"geometry":{"type":"LineString","coordinates":[[-74.2668619516179,40.5209814515664],[-74.2677604909286,40.5211698736341]]}},{"type":"Feature","id":78981,"properties":{"OBJECTID":78981,"PRIMENAME":"High Street","ELEVTYP_F":0,"ELEVTYP_T":0},"geometry":{"type":"LineString","coordinates":[[-74.2632987308699,40.5118442107624],[-74.2633013750174,40.5118389186784],[-74.2637706722009,40.5108961880691]]}},{"type":"Feature","id":79580,"properties":{"OBJECTID":79580,"PRIMENAME":"Convery Boulevard","ELEVTYP_F":1,"ELEVTYP_T":0},"geometry":{"type":"LineString","coordinates":[[-74.2798489964005,40.5293374745701],[-74.2798403426749,40.5293763012009]]}},{"type":"Feature","id":79627,"properties":{"OBJECTID":79627,"PRIMENAME":"FR RAMP Y100400 to KREIL ST","ELEVTYP_F":0,"ELEVTYP_T":0},"geometry":{"type":"LineString","coordinates":[[-74.2700359412747,40.5267081110952],[-74.2701982101975,40.5267834903026],[-74.2703598672771,40.5268596313519],[-74.2705209063703,40.5269365313504],[-74.2706813213575,40.527014187377]]}},{"type":"Feature","id":79745,"properties":{"OBJECTID":79745,"PRIMENAME":"FR RT 184 WB to RT 184 EB","ELEVTYP_F":0,"ELEVTYP_T":0},"geometry":{"type":"LineString","coordinates":[[-74.2819485461089,40.529824513774],[-74.2819781332,40.5298000873392],[-74.2820082537641,40.5297760435141],[-74.282038899304,40.5297523890813],[-74.2820700611742,40.5297291307136]]}},{"type":"Feature","id":80378,"properties":{"OBJECTID":80378,"PRIMENAME":"Penn Street","ELEVTYP_F":0,"ELEVTYP_T":0},"geometry":{"type":"LineString","coordinates":[[-74.2701771135272,40.5210574614386],[-74.2704098072739,40.5203852874841],[-74.2704156229424,40.5203677025733]]}},{"type":"Feature","id":80386,"properties":{"OBJECTID":80386,"PRIMENAME":"Convery Boulevard","ELEVTYP_F":1,"ELEVTYP_T":1},"geometry":{"type":"LineString","coordinates":[[-74.2799282731977,40.5289790861779],[-74.2799072038033,40.5290741918355]]}},{"type":"Feature","id":80544,"properties":{"OBJECTID":80544,"PRIMENAME":"Hall Avenue","ELEVTYP_F":0,"ELEVTYP_T":0},"geometry":{"type":"LineString","coordinates":[[-74.2704156229424,40.5203677025733],[-74.2720101216213,40.520690171615]]}},{"type":"Feature","id":81028,"properties":{"OBJECTID":81028,"PRIMENAME":"Amboy Avenue","ELEVTYP_F":0,"ELEVTYP_T":0},"geometry":{"type":"LineString","coordinates":[[-74.2739050898818,40.5299041462859],[-74.2737095480849,40.5301741297228],[-74.2735155540908,40.5304540533585],[-74.2734719739259,40.5305110388138]]}},{"type":"Feature","id":81222,"properties":{"OBJECTID":81222,"PRIMENAME":"FR NJ 440 SB to NJ 440 SB","ELEVTYP_F":0,"ELEVTYP_T":0},"geometry":{"type":"LineString","coordinates":[[-74.2832736407075,40.5289414044579],[-74.2833054679363,40.5289337232624]]}},{"type":"Feature","id":81872,"properties":{"OBJECTID":81872,"PRIMENAME":"Rudyard Drive","ELEVTYP_F":0,"ELEVTYP_T":0},"geometry":{"type":"LineString","coordinates":[[-74.2799821218827,40.5384414279017],[-74.2800926146782,40.5383329319001],[-74.2801792091819,40.5382158533029],[-74.2802470937231,40.5380872912105],[-74.2802962601338,40.5379501294412],[-74.2803230224732,40.5377872032014],[-74.2803393558755,40.5376663667553]]}},{"type":"Feature","id":82030,"properties":{"OBJECTID":82030,"PRIMENAME":"Hall Avenue","ELEVTYP_F":0,"ELEVTYP_T":0},"geometry":{"type":"LineString","coordinates":[[-74.2620726023937,40.5189605060322],[-74.2622398591091,40.5189321634822]]}},{"type":"Feature","id":82543,"properties":{"OBJECTID":82543,"PRIMENAME":"Convery Boulevard","ELEVTYP_F":0,"ELEVTYP_T":0},"geometry":{"type":"LineString","coordinates":[[-74.2785253632537,40.5353556928742],[-74.2783969020512,40.5359607434374],[-74.2783842985798,40.5360183944155]]}},{"type":"Feature","id":82666,"properties":{"OBJECTID":82666,"PRIMENAME":"Unnamed Segment","ELEVTYP_F":0,"ELEVTYP_T":0},"geometry":{"type":"LineString","coordinates":[[-74.2602231080241,40.518503268418],[-74.2601517126957,40.5185279766859],[-74.2600052470236,40.5186237020495],[-74.2599296931909,40.51867308145]]}},{"type":"Feature","id":83047,"properties":{"OBJECTID":83047,"PRIMENAME":"New Brunswick Avenue","ELEVTYP_F":0,"ELEVTYP_T":0},"geometry":{"type":"LineString","coordinates":[[-74.272585859645,40.5132989714061],[-74.2724012664775,40.5131845361433]]}},{"type":"Feature","id":83059,"properties":{"OBJECTID":83059,"PRIMENAME":"Saint Joseph Terrace","ELEVTYP_F":0,"ELEVTYP_T":0},"geometry":{"type":"LineString","coordinates":[[-74.2763201776091,40.5454480126241],[-74.2760627826613,40.5451116227445],[-74.2756886762841,40.5446394249118],[-74.2753628652929,40.5442320493932],[-74.2752462265187,40.544074637543],[-74.2751295924919,40.5439265596489],[-74.2750009264801,40.5437506217127],[-74.2748481931441,40.5435192141209],[-74.274709682828,40.543285444696]]}},{"type":"Feature","id":83174,"properties":{"OBJECTID":83174,"PRIMENAME":"Buckingham Avenue","ELEVTYP_F":0,"ELEVTYP_T":0},"geometry":{"type":"LineString","coordinates":[[-74.2606651462849,40.5152150950398],[-74.2587256456498,40.5146604996078]]}},{"type":"Feature","id":83197,"properties":{"OBJECTID":83197,"PRIMENAME":"FR 440__X100380 TO 440__B100380","ELEVTYP_F":1,"ELEVTYP_T":1},"geometry":{"type":"LineString","coordinates":[[-74.2747783393171,40.5282100017472],[-74.2747893882153,40.5281874208554],[-74.2748001437747,40.5281647576542],[-74.2748106049427,40.5281420143622],[-74.2748207706954,40.528119193206],[-74.274823231333,40.5281110909162],[-74.274825431695,40.5281029451541],[-74.2748273704667,40.528094760787],[-74.2748290464898,40.5280865427054]]}},{"type":"Feature","id":83224,"properties":{"OBJECTID":83224,"PRIMENAME":"FR RT 440 NB to CO 611 NB","ELEVTYP_F":1,"ELEVTYP_T":0},"geometry":{"type":"LineString","coordinates":[[-74.2646807361174,40.5260490737327],[-74.2645597512512,40.5260805608763]]}},{"type":"Feature","id":84128,"properties":{"OBJECTID":84128,"PRIMENAME":"Unnamed Segment","ELEVTYP_F":0,"ELEVTYP_T":0},"geometry":{"type":"LineString","coordinates":[[-74.2855388617674,40.5435776670833],[-74.2855000608045,40.5435266530462]]}},{"type":"Feature","id":84469,"properties":{"OBJECTID":84469,"PRIMENAME":"New Brunswick Avenue","ELEVTYP_F":0,"ELEVTYP_T":0},"geometry":{"type":"LineString","coordinates":[[-74.2691757186959,40.5111795363366],[-74.2690512847999,40.5111031377279],[-74.2687821593518,40.5109318528888],[-74.2687219926977,40.5108777911062],[-74.2686798985177,40.5108400164224],[-74.2686229950572,40.5107470620416]]}},{"type":"Feature","id":84793,"properties":{"OBJECTID":84793,"PRIMENAME":"FR FLORIDA GROVE RD to RT 440 NB","ELEVTYP_F":0,"ELEVTYP_T":0},"geometry":{"type":"LineString","coordinates":[[-74.2901309162573,40.5220085040117],[-74.2901430100729,40.5219683634297],[-74.2901560481019,40.521928395352],[-74.2901700261237,40.521888612712],[-74.2901849396134,40.5218490283826],[-74.2902007837436,40.521809655173],[-74.2902175533858,40.5217705058237],[-74.290235243112,40.5217315930029],[-74.2902538471964,40.5216929293021],[-74.2902622248438,40.5216780401627],[-74.2902713500729,40.5216634091524],[-74.2902812092558,40.5216490581205],[-74.2902917876689,40.5216350084983],[-74.2903030695142,40.521621281267],[-74.2903150379436,40.5216078969262],[-74.2903276750833,40.5215948754636],[-74.2903409620614,40.5215822363249]]}},{"type":"Feature","id":84880,"properties":{"OBJECTID":84880,"PRIMENAME":"Madison Avenue","ELEVTYP_F":0,"ELEVTYP_T":0},"geometry":{"type":"LineString","coordinates":[[-74.269292496233,40.5109400652625],[-74.2696037056099,40.5103017590079],[-74.2697171872045,40.5100680179039]]}},{"type":"Feature","id":85034,"properties":{"OBJECTID":85034,"PRIMENAME":"Hall Avenue","ELEVTYP_F":0,"ELEVTYP_T":0},"geometry":{"type":"LineString","coordinates":[[-74.2642584871779,40.5191324108845],[-74.2647847895471,40.5192310483746],[-74.2654939278776,40.5193639497771]]}},{"type":"Feature","id":85670,"properties":{"OBJECTID":85670,"PRIMENAME":"High Street","ELEVTYP_F":0,"ELEVTYP_T":0},"geometry":{"type":"LineString","coordinates":[[-74.2684966899548,40.4997846033505],[-74.2685065435734,40.4996147388691]]}},{"type":"Feature","id":85866,"properties":{"OBJECTID":85866,"PRIMENAME":"FR RT 440 NB to CO 611 NB","ELEVTYP_F":0,"ELEVTYP_T":1},"geometry":{"type":"LineString","coordinates":[[-74.2645597512512,40.5260805608763],[-74.2640845991396,40.5261623566821],[-74.2632853561413,40.5263093652254],[-74.2630355912782,40.5263792174737],[-74.2628616521946,40.526482338158],[-74.2627201685257,40.5266103591084],[-74.2626327531399,40.5267881614231],[-74.2626316888332,40.5268001186586]]}},{"type":"Feature","id":86380,"properties":{"OBJECTID":86380,"PRIMENAME":"Chamberlain Avenue","ELEVTYP_F":0,"ELEVTYP_T":0},"geometry":{"type":"LineString","coordinates":[[-74.2824870102131,40.5344637545509],[-74.2822887714909,40.5344396362139],[-74.2822595842483,40.5344360867895],[-74.2821814526921,40.5344265865342],[-74.2820069647513,40.5344022720163],[-74.2816554607764,40.5343532879699]]}},{"type":"Feature","id":86491,"properties":{"OBJECTID":86491,"PRIMENAME":"Coddington Avenue","ELEVTYP_F":0,"ELEVTYP_T":0},"geometry":{"type":"LineString","coordinates":[[-74.2895194180016,40.5361651606966],[-74.2897168010935,40.5362007390377],[-74.289735965439,40.5362041971903],[-74.2898199339497,40.5362193462732],[-74.2912201421794,40.536471855148],[-74.2917015457119,40.5365566694754],[-74.2928256377028,40.536756420926],[-74.2932654830167,40.5368430203113],[-74.2934143951149,40.5368711294792],[-74.2937444287497,40.5369334218166]]}},{"type":"Feature","id":87374,"properties":{"OBJECTID":87374,"PRIMENAME":"FR RT 440 NB to CO 611 NB","ELEVTYP_F":1,"ELEVTYP_T":1},"geometry":{"type":"LineString","coordinates":[[-74.2648660028999,40.5259983366948],[-74.2647843645882,40.5260221083055],[-74.2646807361174,40.5260490737327]]}},{"type":"Feature","id":87375,"properties":{"OBJECTID":87375,"PRIMENAME":"Barry Avenue","ELEVTYP_F":0,"ELEVTYP_T":0},"geometry":{"type":"LineString","coordinates":[[-74.2881817513352,40.5359371222028],[-74.287999301431,40.5360385492733],[-74.2874602510849,40.5363568424308]]}},{"type":"Feature","id":87878,"properties":{"OBJECTID":87878,"PRIMENAME":"Unnamed Segment","ELEVTYP_F":0,"ELEVTYP_T":0},"geometry":{"type":"LineString","coordinates":[[-74.2832328598153,40.5324437014431],[-74.2832508937645,40.5322154382842],[-74.283312617523,40.5321334899043],[-74.284036624091,40.5315726132824]]}},{"type":"Feature","id":88024,"properties":{"OBJECTID":88024,"PRIMENAME":"Unnamed Segment","ELEVTYP_F":0,"ELEVTYP_T":0},"geometry":{"type":"LineString","coordinates":[[-74.2732512321906,40.5144629870616],[-74.273213452548,40.5142132253176]]}},{"type":"Feature","id":88102,"properties":{"OBJECTID":88102,"PRIMENAME":"Zambory Avenue","ELEVTYP_F":0,"ELEVTYP_T":0},"geometry":{"type":"LineString","coordinates":[[-74.2781829664459,40.5294685520096],[-74.278132911362,40.5296574568658],[-74.2781280896369,40.5296689323954],[-74.2780934952317,40.529751264273],[-74.2780569265568,40.5298109001651],[-74.2780232703285,40.5298492400252],[-74.2779783809984,40.5298896711619],[-74.2779335788352,40.5299258487901],[-74.2778859555138,40.5299556238289],[-74.2778355745535,40.5299704872795],[-74.2777796531498,40.5299746072892],[-74.2777209681803,40.5299659852981]]}},{"type":"Feature","id":88319,"properties":{"OBJECTID":88319,"PRIMENAME":"Unnamed Segment","ELEVTYP_F":0,"ELEVTYP_T":0},"geometry":{"type":"LineString","coordinates":[[-74.2597602118642,40.521128949997],[-74.2598074272322,40.5210489643455],[-74.2599273856941,40.5208457483474]]}},{"type":"Feature","id":88326,"properties":{"OBJECTID":88326,"PRIMENAME":"FR GROVE ST to NJ 440 NB","ELEVTYP_F":0,"ELEVTYP_T":0},"geometry":{"type":"LineString","coordinates":[[-74.2745443223833,40.5277683779473],[-74.2745011687449,40.5277607336793],[-74.2744581665359,40.5277526077415],[-74.2744153249896,40.5277440018785],[-74.2743726533049,40.5277349179382],[-74.2743301606442,40.5277253578713],[-74.2742878561315,40.5277153237303],[-74.2742457488503,40.5277048176699],[-74.2742038478419,40.5276938419459],[-74.274114957075,40.5276675689549]]}},{"type":"Feature","id":89100,"properties":{"OBJECTID":89100,"PRIMENAME":"Unnamed Segment","ELEVTYP_F":0,"ELEVTYP_T":0},"geometry":{"type":"LineString","coordinates":[[-74.2838628596396,40.5335357007844],[-74.2838204151355,40.5334904396869],[-74.283564860701,40.5332797011788],[-74.2837311715374,40.5329006869548],[-74.2837548607641,40.5328467009388]]}},{"type":"Feature","id":89595,"properties":{"OBJECTID":89595,"PRIMENAME":"Unnamed Segment","ELEVTYP_F":0,"ELEVTYP_T":0},"geometry":{"type":"LineString","coordinates":[[-74.2612205258162,40.5181513796875],[-74.2607123308989,40.5174482762982],[-74.2604140316816,40.5175792499011]]}},{"type":"Feature","id":90715,"properties":{"OBJECTID":90715,"PRIMENAME":"Columbus Drive","ELEVTYP_F":0,"ELEVTYP_T":0},"geometry":{"type":"LineString","coordinates":[[-74.2884152093041,40.5294448901713],[-74.2882040945696,40.5282125776941]]}},{"type":"Feature","id":91224,"properties":{"OBJECTID":91224,"PRIMENAME":"Great Beds Court","ELEVTYP_F":0,"ELEVTYP_T":0},"geometry":{"type":"LineString","coordinates":[[-74.2577656468665,40.52048224961],[-74.2582438948369,40.5207004708067],[-74.2584796150753,40.5207910309757],[-74.2586183392512,40.5208257581297],[-74.2587988160535,40.5208340821156],[-74.2589435753214,40.520807689578],[-74.2590363871871,40.52078644371],[-74.2591545632246,40.5207437841758],[-74.2592249511841,40.5207160681417],[-74.2592807982009,40.5206906544005]]}},{"type":"Feature","id":93530,"properties":{"OBJECTID":93530,"PRIMENAME":"Unnamed Segment","ELEVTYP_F":0,"ELEVTYP_T":0},"geometry":{"type":"LineString","coordinates":[[-74.2618697484522,40.5197170730948],[-74.2617929365915,40.5196927986728],[-74.2617900908792,40.519691899384],[-74.2615438034859,40.5196411490055]]}},{"type":"Feature","id":94235,"properties":{"OBJECTID":94235,"PRIMENAME":"Market Street","ELEVTYP_F":0,"ELEVTYP_T":0},"geometry":{"type":"LineString","coordinates":[[-74.2754605585317,40.5089401757982],[-74.2749513261187,40.5087992940562],[-74.2748244861525,40.5087642655657]]}},{"type":"Feature","id":94270,"properties":{"OBJECTID":94270,"PRIMENAME":"Gornik Drive","ELEVTYP_F":0,"ELEVTYP_T":0},"geometry":{"type":"LineString","coordinates":[[-74.283504238627,40.5362219333995],[-74.2839873238413,40.5358467840653],[-74.2842212709512,40.5356541576983],[-74.2842579329016,40.5356100027416],[-74.2842822945962,40.5355750751349]]}},{"type":"Feature","id":95094,"properties":{"OBJECTID":95094,"PRIMENAME":"Unnamed Segment","ELEVTYP_F":0,"ELEVTYP_T":0},"geometry":{"type":"LineString","coordinates":[[-74.2604669428801,40.5189322937686],[-74.2605326334629,40.5190519351295],[-74.2605320853996,40.5192059647739],[-74.2604966936272,40.5193731992584],[-74.26036008851,40.5196225502647],[-74.2602846738021,40.5197353388745]]}},{"type":"Feature","id":95616,"properties":{"OBJECTID":95616,"PRIMENAME":"Gadek Place","ELEVTYP_F":0,"ELEVTYP_T":0},"geometry":{"type":"LineString","coordinates":[[-74.2627418135301,40.5232635098007],[-74.2623135838691,40.5241003021955]]}},{"type":"Feature","id":95833,"properties":{"OBJECTID":95833,"PRIMENAME":"Market Street","ELEVTYP_F":0,"ELEVTYP_T":0},"geometry":{"type":"LineString","coordinates":[[-74.2721115955957,40.5080164470155],[-74.271800682431,40.5079303502242]]}},{"type":"Feature","id":95913,"properties":{"OBJECTID":95913,"PRIMENAME":"FR RAMP B105350 to NJ 184 WB","ELEVTYP_F":0,"ELEVTYP_T":0},"geometry":{"type":"LineString","coordinates":[[-74.2792274046432,40.5298272426087],[-74.279236474282,40.5298439995024],[-74.2792453021846,40.5298608313898],[-74.2792538872861,40.5298777362404],[-74.2792622285507,40.5298947120153],[-74.2792663329075,40.5299029696506],[-74.2792706690533,40.5299111580266],[-74.2792752349825,40.5299192733558],[-74.2792800285832,40.5299273118844],[-74.2792850476384,40.5299352698944],[-74.2792902898265,40.5299431437047],[-74.2792957527229,40.5299509296734],[-74.2793014338008,40.5299586241992]]}},{"type":"Feature","id":96627,"properties":{"OBJECTID":96627,"PRIMENAME":"Unnamed Segment","ELEVTYP_F":0,"ELEVTYP_T":0},"geometry":{"type":"LineString","coordinates":[[-74.2600516320512,40.5201722171485],[-74.2598410120712,40.5201016837634],[-74.2597495231215,40.5200710460685]]}},{"type":"Feature","id":96732,"properties":{"OBJECTID":96732,"PRIMENAME":"Lewis Street","ELEVTYP_F":0,"ELEVTYP_T":0},"geometry":{"type":"LineString","coordinates":[[-74.2723701965945,40.5019697995831],[-74.2727719467665,40.5020809994015],[-74.2735590085081,40.5022943311131]]}},{"type":"Feature","id":96755,"properties":{"OBJECTID":96755,"PRIMENAME":"Christopher Court","ELEVTYP_F":0,"ELEVTYP_T":0},"geometry":{"type":"LineString","coordinates":[[-74.2882040945696,40.5282125776941],[-74.2883148505769,40.5282396823645],[-74.2883904224717,40.5282436646573],[-74.288455946716,40.5282284118346],[-74.2885114825684,40.5281746812314],[-74.2885368827414,40.5281055784975],[-74.2885272680239,40.5279594936545],[-74.2884879306229,40.5276442275022],[-74.2884680374341,40.5275865707856],[-74.2884278423946,40.5275441947561],[-74.2883523192314,40.5275133387735],[-74.2881450113619,40.5274440014886],[-74.2879246624742,40.5273703024789]]}},{"type":"Feature","id":96828,"properties":{"OBJECTID":96828,"PRIMENAME":"Kelsey Avenue","ELEVTYP_F":0,"ELEVTYP_T":0},"geometry":{"type":"LineString","coordinates":[[-74.2774909478602,40.5401093637533],[-74.2762430727058,40.5399298109635]]}},{"type":"Feature","id":97369,"properties":{"OBJECTID":97369,"PRIMENAME":"Mechanic Street","ELEVTYP_F":0,"ELEVTYP_T":0},"geometry":{"type":"LineString","coordinates":[[-74.2641218163806,40.5131739296105],[-74.2636705501116,40.5140900701534]]}},{"type":"Feature","id":97666,"properties":{"OBJECTID":97666,"PRIMENAME":"FR RAMP B105350 to RAMP 00000440__Z100360","ELEVTYP_F":0,"ELEVTYP_T":0},"geometry":{"type":"LineString","coordinates":[[-74.2752774035824,40.5286706153525],[-74.2754857852891,40.5287326055577],[-74.2756951297515,40.5287926778296],[-74.2759054066484,40.5288508234666],[-74.2761165855235,40.5289070340463],[-74.2762335749942,40.5289382631245],[-74.2763514518436,40.5289674849967]]}},{"type":"Feature","id":98016,"properties":{"OBJECTID":98016,"PRIMENAME":"High Street","ELEVTYP_F":0,"ELEVTYP_T":0},"geometry":{"type":"LineString","coordinates":[[-74.2615209701311,40.5180347743612],[-74.2617256848788,40.5183042835879],[-74.2618823073204,40.5185260555372],[-74.2619703652256,40.5186575908395],[-74.2620288928601,40.5187891202021],[-74.2620677933486,40.5189167661427],[-74.2620726023937,40.5189605060322]]}},{"type":"Feature","id":98118,"properties":{"OBJECTID":98118,"PRIMENAME":"Long Ferry Road","ELEVTYP_F":0,"ELEVTYP_T":0},"geometry":{"type":"LineString","coordinates":[[-74.2592807982009,40.5206906544005],[-74.2592924436411,40.5207033342778],[-74.2594799894566,40.5209074674608],[-74.2596200359613,40.5210364225214],[-74.2596901118076,40.5210858974429],[-74.2597602118642,40.521128949997]]}},{"type":"Feature","id":99183,"properties":{"OBJECTID":99183,"PRIMENAME":"Convery Boulevard","ELEVTYP_F":0,"ELEVTYP_T":0},"geometry":{"type":"LineString","coordinates":[[-74.2774909478602,40.5401093637533],[-74.2774849406539,40.5401370635078],[-74.2772610564725,40.5411634541343],[-74.2770100918266,40.5423091075026],[-74.2769294995815,40.5426747927646],[-74.2769045551709,40.5427987398606],[-74.2768778390128,40.5429314700179],[-74.2768485529969,40.5431469868908],[-74.2768437759547,40.5432204100643]]}},{"type":"Feature","id":100063,"properties":{"OBJECTID":100063,"PRIMENAME":"Amboy Avenue","ELEVTYP_F":0,"ELEVTYP_T":0},"geometry":{"type":"LineString","coordinates":[[-74.2744682692654,40.5418250238441],[-74.2747382695762,40.5422065633111],[-74.2752305743123,40.5428794697693],[-74.2753383914679,40.5430377975608],[-74.275349573174,40.5430514079209]]}},{"type":"Feature","id":100216,"properties":{"OBJECTID":100216,"PRIMENAME":"Brace Avenue","ELEVTYP_F":0,"ELEVTYP_T":0},"geometry":{"type":"LineString","coordinates":[[-74.2834562105766,40.5230533077309],[-74.2834755441004,40.5230594105855],[-74.2841040643809,40.5231718455877],[-74.2843517817753,40.5232147754249]]}},{"type":"Feature","id":100320,"properties":{"OBJECTID":100320,"PRIMENAME":"Prospect Street","ELEVTYP_F":0,"ELEVTYP_T":0},"geometry":{"type":"LineString","coordinates":[[-74.2749599033603,40.512538580514],[-74.275310178089,40.5118306633314],[-74.2758166351915,40.5108029121961]]}},{"type":"Feature","id":100602,"properties":{"OBJECTID":100602,"PRIMENAME":"Brighton Avenue","ELEVTYP_F":0,"ELEVTYP_T":0},"geometry":{"type":"LineString","coordinates":[[-74.2713969667637,40.5039499429283],[-74.270776984228,40.5052023867693],[-74.2707044103865,40.5053501226628]]}},{"type":"Feature","id":100707,"properties":{"OBJECTID":100707,"PRIMENAME":"FR RAMP Y100400 to KREIL ST","ELEVTYP_F":0,"ELEVTYP_T":0},"geometry":{"type":"LineString","coordinates":[[-74.2682730294574,40.5260139210802],[-74.2683985157136,40.5260729402412],[-74.2685252202257,40.5261304240053],[-74.2686531107327,40.5261863577347],[-74.2687821546716,40.5262407271866],[-74.2688683595504,40.5262739715641]]}},{"type":"Feature","id":101196,"properties":{"OBJECTID":101196,"PRIMENAME":"FR FLORIDA GROVE RD to RT 440 NB","ELEVTYP_F":0,"ELEVTYP_T":0},"geometry":{"type":"LineString","coordinates":[[-74.2898374682559,40.5236963051333],[-74.2898291238363,40.5237080899775],[-74.2896997557779,40.5238808198776],[-74.2895750723168,40.5240555445009],[-74.2895163175519,40.5241407200941],[-74.2894592496493,40.5242265609718],[-74.2894038815481,40.5243130476808],[-74.2893502258023,40.5244001606218],[-74.2892982945779,40.5244878800533],[-74.2892480996504,40.5245761860963],[-74.2891996524017,40.5246650587387],[-74.289152963818,40.5247544778403]]}},{"type":"Feature","id":101345,"properties":{"OBJECTID":101345,"PRIMENAME":"Unnamed Segment","ELEVTYP_F":0,"ELEVTYP_T":0},"geometry":{"type":"LineString","coordinates":[[-74.285262859562,40.5324867005559],[-74.2849778604015,40.5322747008716]]}},{"type":"Feature","id":101582,"properties":{"OBJECTID":101582,"PRIMENAME":"Cornell Street","ELEVTYP_F":0,"ELEVTYP_T":0},"geometry":{"type":"LineString","coordinates":[[-74.2774209100154,40.5217809519696],[-74.2777596199259,40.520813016621],[-74.2777594584005,40.5208076080405]]}},{"type":"Feature","id":101586,"properties":{"OBJECTID":101586,"PRIMENAME":"Vincent Place","ELEVTYP_F":0,"ELEVTYP_T":0},"geometry":{"type":"LineString","coordinates":[[-74.2901593023335,40.5218113189933],[-74.2900419358648,40.5217847804585],[-74.2888303484696,40.5215107786033]]}},{"type":"Feature","id":101828,"properties":{"OBJECTID":101828,"PRIMENAME":"New Brunswick Avenue","ELEVTYP_F":0,"ELEVTYP_T":0},"geometry":{"type":"LineString","coordinates":[[-74.2836640156097,40.5200242384136],[-74.283209999222,40.5197853578918],[-74.2830452716685,40.5196985965602],[-74.282907203785,40.5196258745347]]}},{"type":"Feature","id":102041,"properties":{"OBJECTID":102041,"PRIMENAME":"Steadman Place","ELEVTYP_F":0,"ELEVTYP_T":0},"geometry":{"type":"LineString","coordinates":[[-74.2826666481242,40.5176816578682],[-74.2825995070966,40.5177439009864],[-74.2814277762237,40.5188300485224]]}},{"type":"Feature","id":102156,"properties":{"OBJECTID":102156,"PRIMENAME":"Florida Grove Road","ELEVTYP_F":0,"ELEVTYP_T":0},"geometry":{"type":"LineString","coordinates":[[-74.2896061474694,40.5257716012863],[-74.289627709238,40.5258944293389],[-74.2896348545195,40.5259446505055],[-74.2896578658771,40.5260866969666]]}},{"type":"Feature","id":102215,"properties":{"OBJECTID":102215,"PRIMENAME":"Unnamed Segment","ELEVTYP_F":0,"ELEVTYP_T":0},"geometry":{"type":"LineString","coordinates":[[-74.2602846738021,40.5197353388745],[-74.2605125804211,40.5197981402681],[-74.2607929361134,40.5192463398025],[-74.2607316007925,40.5188797293281],[-74.2606829404,40.5188636946557],[-74.2604669428801,40.5189322937686]]}},{"type":"Feature","id":102309,"properties":{"OBJECTID":102309,"PRIMENAME":"Boggs Street","ELEVTYP_F":0,"ELEVTYP_T":0},"geometry":{"type":"LineString","coordinates":[[-74.2688190012666,40.5256935890258],[-74.2688561937859,40.5256323928779],[-74.2691593331487,40.5251338263534]]}},{"type":"Feature","id":102392,"properties":{"OBJECTID":102392,"PRIMENAME":"FR RAMP B105350 to RAMP 00000440__Z100360","ELEVTYP_F":0,"ELEVTYP_T":0},"geometry":{"type":"LineString","coordinates":[[-74.2773339919141,40.5291520493641],[-74.2774090075651,40.529163371568],[-74.2777761025768,40.5292150692192],[-74.2781447270325,40.5292599871802],[-74.2784355442086,40.5292787723126],[-74.2787265906741,40.529295362408],[-74.2790178379642,40.5293097558438],[-74.2793092575944,40.5293219512122]]}},{"type":"Feature","id":102667,"properties":{"OBJECTID":102667,"PRIMENAME":"Neville Street","ELEVTYP_F":0,"ELEVTYP_T":0},"geometry":{"type":"LineString","coordinates":[[-74.2797744686937,40.5199023098467],[-74.281867279161,40.5205021347062],[-74.2819799080862,40.5205347401377],[-74.2821194755539,40.5205688507683]]}},{"type":"Feature","id":102777,"properties":{"OBJECTID":102777,"PRIMENAME":"FR HERBERT ST TO CO 624 EB","ELEVTYP_F":0,"ELEVTYP_T":0},"geometry":{"type":"LineString","coordinates":[[-74.2829515283387,40.5159872186778],[-74.2828462229829,40.5161283943088],[-74.2827979703268,40.5161894103714],[-74.2827545894571,40.5162345682983],[-74.2827063880026,40.5162687087619],[-74.2826662205318,40.5162992140675],[-74.2826212797303,40.5163260042937],[-74.2825699159277,40.516347951446],[-74.2825057641588,40.5163539522967],[-74.2824391023822,40.516357010536]]}},{"type":"Feature","id":103173,"properties":{"OBJECTID":103173,"PRIMENAME":"FR RAMP X100130 to RT 440 SB","ELEVTYP_F":0,"ELEVTYP_T":0},"geometry":{"type":"LineString","coordinates":[[-74.2833329559018,40.5289554889133],[-74.2834483639728,40.5289196106252],[-74.2835634665124,40.5288831654814],[-74.283678258738,40.5288461549965],[-74.2837927358802,40.5288085807082]]}},{"type":"Feature","id":103262,"properties":{"OBJECTID":103262,"PRIMENAME":"Smith Street","ELEVTYP_F":0,"ELEVTYP_T":0},"geometry":{"type":"LineString","coordinates":[[-74.2627630073012,40.5071478799656],[-74.2622478814902,40.506996553077]]}},{"type":"Feature","id":103734,"properties":{"OBJECTID":103734,"PRIMENAME":"Hunter Avenue","ELEVTYP_F":0,"ELEVTYP_T":0},"geometry":{"type":"LineString","coordinates":[[-74.2829031366477,40.5378662245586],[-74.2827812908458,40.5379154353802],[-74.2826828699028,40.5379526938051],[-74.2826147832741,40.5379670324712],[-74.2825391883875,40.5379668902251],[-74.2824371482399,40.5379551413172],[-74.2822028816758,40.5379201114712],[-74.2820366718874,40.5378909744516],[-74.2818250265174,40.5378703433744],[-74.281297067685,40.537818368995]]}},{"type":"Feature","id":103967,"properties":{"OBJECTID":103967,"PRIMENAME":"Unnamed Segment","ELEVTYP_F":0,"ELEVTYP_T":0},"geometry":{"type":"LineString","coordinates":[[-74.2599681835065,40.5179073466245],[-74.2602365535577,40.5181563573059],[-74.2604339309093,40.5184303026899],[-74.2602231080241,40.518503268418]]}},{"type":"Feature","id":104721,"properties":{"OBJECTID":104721,"PRIMENAME":"Ford Street Connector","ELEVTYP_F":0,"ELEVTYP_T":0},"geometry":{"type":"LineString","coordinates":[[-74.2883973610133,40.517995354996],[-74.2884808458745,40.51798471921],[-74.2886627542423,40.5179594678826],[-74.2888166133208,40.5179319413609],[-74.2889593222649,40.5179044762289],[-74.2891076191023,40.5178611538483],[-74.2891189244938,40.5178578259436],[-74.2892018883725,40.5178295651902]]}},{"type":"Feature","id":105108,"properties":{"OBJECTID":105108,"PRIMENAME":"Front Street","ELEVTYP_F":0,"ELEVTYP_T":0},"geometry":{"type":"LineString","coordinates":[[-74.2640596691286,40.5030637282779],[-74.263948282271,40.5032719111949],[-74.2638110234534,40.5034744410047],[-74.2635995881198,40.5037950779974],[-74.2635590690395,40.5038739722759]]}},{"type":"Feature","id":105270,"properties":{"OBJECTID":105270,"PRIMENAME":"Unnamed Segment","ELEVTYP_F":0,"ELEVTYP_T":0},"geometry":{"type":"LineString","coordinates":[[-74.2777209681803,40.5299659852981],[-74.2777112718934,40.5300313052849],[-74.2776189129626,40.5302091039437]]}},{"type":"Feature","id":105431,"properties":{"OBJECTID":105431,"PRIMENAME":"Franklin Drive","ELEVTYP_F":0,"ELEVTYP_T":0},"geometry":{"type":"LineString","coordinates":[[-74.2817246012056,40.5365739666526],[-74.2815942406099,40.5364313863908],[-74.2812070923588,40.5360183593655],[-74.2810974958151,40.5359014361372],[-74.2809741503818,40.5358039429539],[-74.2808694031427,40.535740853678],[-74.2807654254046,40.5356952523109]]}},{"type":"Feature","id":105486,"properties":{"OBJECTID":105486,"PRIMENAME":"Baker Place","ELEVTYP_F":0,"ELEVTYP_T":0},"geometry":{"type":"LineString","coordinates":[[-74.2821581859418,40.5192338346741],[-74.2832657648062,40.5180062959628]]}},{"type":"Feature","id":105594,"properties":{"OBJECTID":105594,"PRIMENAME":"Florida Grove Road","ELEVTYP_F":0,"ELEVTYP_T":0},"geometry":{"type":"LineString","coordinates":[[-74.2831814144912,40.5387139704963],[-74.2829877103046,40.538685442509],[-74.2827478615688,40.5386735448463],[-74.2825042696137,40.5386616396398],[-74.2822681441414,40.5386669319151],[-74.2820469303562,40.5386894096437],[-74.2817731063122,40.5387574925159],[-74.2815455083936,40.5388394426064]]}},{"type":"Feature","id":105651,"properties":{"OBJECTID":105651,"PRIMENAME":"Smith Street","ELEVTYP_F":0,"ELEVTYP_T":0},"geometry":{"type":"LineString","coordinates":[[-74.2758166351915,40.5108029121961],[-74.2756287064678,40.510750390233],[-74.2751291577641,40.5106135899478],[-74.2749358445783,40.5105578996736]]}},{"type":"Feature","id":105682,"properties":{"OBJECTID":105682,"PRIMENAME":"Alta Vista Place","ELEVTYP_F":0,"ELEVTYP_T":0},"geometry":{"type":"LineString","coordinates":[[-74.2747350492276,40.5227224014816],[-74.2744824914355,40.5233964940923]]}},{"type":"Feature","id":105753,"properties":{"OBJECTID":105753,"PRIMENAME":"Cutters Dock Road","ELEVTYP_F":0,"ELEVTYP_T":0},"geometry":{"type":"LineString","coordinates":[[-74.274709682828,40.543285444696],[-74.2742227175468,40.5434557343533],[-74.2738305021189,40.5436027092727]]}},{"type":"Feature","id":105805,"properties":{"OBJECTID":105805,"PRIMENAME":"Columbus Circle","ELEVTYP_F":0,"ELEVTYP_T":0},"geometry":{"type":"LineString","coordinates":[[-74.2884152093041,40.5294448901713],[-74.2874505841611,40.5291682513263],[-74.2867309299785,40.5289478371181],[-74.2865145387646,40.5288667314844],[-74.2863989047008,40.528789654714],[-74.286313658919,40.5286933633189],[-74.2862484877492,40.5285971909528],[-74.2862124125307,40.5285040102275]]}},{"type":"Feature","id":105915,"properties":{"OBJECTID":105915,"PRIMENAME":"Unnamed Segment","ELEVTYP_F":0,"ELEVTYP_T":0},"geometry":{"type":"LineString","coordinates":[[-74.2600442003996,40.5195274882493],[-74.259716960389,40.5194379730492],[-74.2592784772563,40.5194423705685],[-74.2596086958526,40.5195466292779]]}},{"type":"Feature","id":106158,"properties":{"OBJECTID":106158,"PRIMENAME":"Cornell Street","ELEVTYP_F":0,"ELEVTYP_T":0},"geometry":{"type":"LineString","coordinates":[[-74.2777270289681,40.5200834931327],[-74.2776855034166,40.5195652171633],[-74.2776737173721,40.5193000982442]]}},{"type":"Feature","id":106299,"properties":{"OBJECTID":106299,"PRIMENAME":"Harrington Street","ELEVTYP_F":0,"ELEVTYP_T":0},"geometry":{"type":"LineString","coordinates":[[-74.2844734226432,40.5248944931017],[-74.2836428798541,40.5246403078983]]}},{"type":"Feature","id":106596,"properties":{"OBJECTID":106596,"PRIMENAME":"Smith Street","ELEVTYP_F":0,"ELEVTYP_T":0},"geometry":{"type":"LineString","coordinates":[[-74.2899725413882,40.5147274455187],[-74.2899839604314,40.5147328952623],[-74.2904878691583,40.5149082950715],[-74.2905944688254,40.5149425833173],[-74.2906995152521,40.5149795585879],[-74.290802892196,40.5150191799682],[-74.2909044852614,40.5150614036148],[-74.2909337524483,40.5150738915487]]}},{"type":"Feature","id":107389,"properties":{"OBJECTID":107389,"PRIMENAME":"Brace Avenue","ELEVTYP_F":0,"ELEVTYP_T":0},"geometry":{"type":"LineString","coordinates":[[-74.2853338500797,40.5233827931491],[-74.2857464974508,40.5234907255393],[-74.2857892154427,40.5235018977634],[-74.2861350775854,40.5236555513808],[-74.2861581627115,40.5236700608813]]}},{"type":"Feature","id":107413,"properties":{"OBJECTID":107413,"PRIMENAME":"Gifford Street","ELEVTYP_F":0,"ELEVTYP_T":0},"geometry":{"type":"LineString","coordinates":[[-74.279413156091,40.5117963203271],[-74.2793758069459,40.5118670186691],[-74.2789104050754,40.5127477100228],[-74.2785068995117,40.5135112498219]]}},{"type":"Feature","id":107686,"properties":{"OBJECTID":107686,"PRIMENAME":"Brace Avenue","ELEVTYP_F":0,"ELEVTYP_T":0},"geometry":{"type":"LineString","coordinates":[[-74.2791348642647,40.5212060087959],[-74.279518116641,40.5213137181338]]}},{"type":"Feature","id":107757,"properties":{"OBJECTID":107757,"PRIMENAME":"State Street","ELEVTYP_F":0,"ELEVTYP_T":0},"geometry":{"type":"LineString","coordinates":[[-74.2651316293409,40.5263410556422],[-74.2650828663419,40.5261710334606],[-74.2650410595189,40.5260484893325]]}},{"type":"Feature","id":108445,"properties":{"OBJECTID":108445,"PRIMENAME":"Riverview Drive","ELEVTYP_F":0,"ELEVTYP_T":0},"geometry":{"type":"LineString","coordinates":[[-74.2892920032513,40.5104152362021],[-74.289246280644,40.5103953326735],[-74.2891305547532,40.5103449961309],[-74.2890179583742,40.5103063310396],[-74.2889290278453,40.5102903022573],[-74.2887956142228,40.510271967563],[-74.2884931042408,40.5102601050963],[-74.2881520964146,40.5102413625122],[-74.288065809293,40.5102329306446],[-74.2879806839406,40.5102192519883],[-74.2878972671113,40.5102004144005],[-74.2878160945843,40.5101765388736],[-74.2877376877222,40.5101477787585],[-74.2876625501222,40.5101143187791],[-74.2875911643811,40.5100763738458],[-74.2875239889958,40.5100341876752],[-74.28739678325,40.5099298310421],[-74.2871897900957,40.5097279576017],[-74.28694734849,40.5094875597517],[-74.2867019675323,40.5092335672587],[-74.2861934374087,40.5087277993828],[-74.285814170373,40.5083359995059]]}},{"type":"Feature","id":108815,"properties":{"OBJECTID":108815,"PRIMENAME":"Convery Boulevard","ELEVTYP_F":0,"ELEVTYP_T":0},"geometry":{"type":"LineString","coordinates":[[-74.2882385444764,40.5122855605231],[-74.289460478008,40.5105619955216],[-74.2894641247814,40.510557280165]]}},{"type":"Feature","id":108816,"properties":{"OBJECTID":108816,"PRIMENAME":"Robbins Street","ELEVTYP_F":0,"ELEVTYP_T":0},"geometry":{"type":"LineString","coordinates":[[-74.2862773204219,40.5315594972837],[-74.2859722042295,40.5320879161939]]}},{"type":"Feature","id":108825,"properties":{"OBJECTID":108825,"PRIMENAME":"Penn Street","ELEVTYP_F":0,"ELEVTYP_T":0},"geometry":{"type":"LineString","coordinates":[[-74.2699394382877,40.5217441187243],[-74.2701771135272,40.5210574614386]]}},{"type":"Feature","id":108889,"properties":{"OBJECTID":108889,"PRIMENAME":"Hazel Avenue","ELEVTYP_F":0,"ELEVTYP_T":0},"geometry":{"type":"LineString","coordinates":[[-74.2888204007444,40.5238439190297],[-74.2884833257016,40.5247031557557],[-74.288436166923,40.5248051879465]]}},{"type":"Feature","id":109271,"properties":{"OBJECTID":109271,"PRIMENAME":"Herbert Street","ELEVTYP_F":0,"ELEVTYP_T":0},"geometry":{"type":"LineString","coordinates":[[-74.2842850854179,40.513148486702],[-74.2848067831753,40.5117803292433],[-74.2848278869595,40.5117156105943],[-74.284855521116,40.5116308876131],[-74.2848739434547,40.5115744056204],[-74.284881463158,40.5115513049679]]}},{"type":"Feature","id":109361,"properties":{"OBJECTID":109361,"PRIMENAME":"Lynd Street","ELEVTYP_F":0,"ELEVTYP_T":0},"geometry":{"type":"LineString","coordinates":[[-74.2623983651934,40.5219833594267],[-74.2638080503803,40.5223840447757]]}},{"type":"Feature","id":109372,"properties":{"OBJECTID":109372,"PRIMENAME":"State Highway 440","ELEVTYP_F":0,"ELEVTYP_T":0},"geometry":{"type":"LineString","coordinates":[[-74.2710652030713,40.5268795312254],[-74.2717017833925,40.5271122040056],[-74.272955644912,40.5275650661559],[-74.274429453468,40.5280897990589],[-74.2747783393171,40.5282100017472]]}},{"type":"Feature","id":109699,"properties":{"OBJECTID":109699,"PRIMENAME":"Chamberlain Avenue","ELEVTYP_F":0,"ELEVTYP_T":0},"geometry":{"type":"LineString","coordinates":[[-74.2880527319827,40.5302834070907],[-74.287565568185,40.5310811491902],[-74.2873313916621,40.5314795004132]]}},{"type":"Feature","id":109721,"properties":{"OBJECTID":109721,"PRIMENAME":"Unnamed Segment","ELEVTYP_F":0,"ELEVTYP_T":0},"geometry":{"type":"LineString","coordinates":[[-74.2849413394184,40.5429107447151],[-74.2846079681985,40.5430549297275]]}},{"type":"Feature","id":110027,"properties":{"OBJECTID":110027,"PRIMENAME":"Read Street","ELEVTYP_F":0,"ELEVTYP_T":0},"geometry":{"type":"LineString","coordinates":[[-74.2843478437389,40.5151035701109],[-74.2848287587491,40.5140868775959]]}},{"type":"Feature","id":110209,"properties":{"OBJECTID":110209,"PRIMENAME":"Loretta Street","ELEVTYP_F":0,"ELEVTYP_T":0},"geometry":{"type":"LineString","coordinates":[[-74.2927245386052,40.5247740607421],[-74.2922864383865,40.524672474067],[-74.2911811754953,40.5244060443523]]}},{"type":"Feature","id":110484,"properties":{"OBJECTID":110484,"PRIMENAME":"FR RAMP Y104550 TO NJ TURNPIKE NB","ELEVTYP_F":0,"ELEVTYP_T":0},"geometry":{"type":"LineString","coordinates":[[-74.2924002681761,40.5413986002611],[-74.2922306162823,40.5413846247401],[-74.2921007274941,40.5413705519575],[-74.2919704813346,40.5413585547473],[-74.2918399347805,40.5413486383577],[-74.2917091449399,40.5413408071266],[-74.2915693949019,40.5413358063828],[-74.2914294979144,40.5413347627083],[-74.2912896464186,40.5413376775388],[-74.2911500327931,40.5413445468647],[-74.2910400855285,40.5413533199257],[-74.2909304820868,40.5413643154891],[-74.2908212996426,40.5413775258126],[-74.290712615074,40.5413929415945],[-74.2906045049088,40.5414105519801],[-74.2904970452706,40.5414303445694],[-74.290390311825,40.541452305426],[-74.2902843797265,40.5414764190865],[-74.2901802049323,40.541503277963],[-74.2900771342914,40.5415325112525],[-74.2899752607653,40.5415640925895],[-74.2898746762361,40.5415979934903],[-74.2897754714238,40.5416341833796],[-74.2896777358041,40.5416726296172],[-74.2895815575286,40.541713297528],[-74.2894870233444,40.5417561504331],[-74.2893949938913,40.5418028330676],[-74.2893043575447,40.5418510759792],[-74.2892151597495,40.5419008549807],[-74.2891274452293,40.5419521451146],[-74.2890412579645,40.5420049206658],[-74.2889566411702,40.5420591551744],[-74.2888736372742,40.542114821449],[-74.288792287896,40.5421718915802],[-74.2886533030341,40.5422842534852],[-74.2885197158056,40.5424003632875]]}},{"type":"Feature","id":110704,"properties":{"OBJECTID":110704,"PRIMENAME":"Brace Avenue","ELEVTYP_F":0,"ELEVTYP_T":0},"geometry":{"type":"LineString","coordinates":[[-74.2852176107233,40.5233633892872],[-74.2853338500797,40.5233827931491]]}},{"type":"Feature","id":111029,"properties":{"OBJECTID":111029,"PRIMENAME":"Zambory Avenue","ELEVTYP_F":0,"ELEVTYP_T":0},"geometry":{"type":"LineString","coordinates":[[-74.2749877997574,40.5297345796106],[-74.2749428167983,40.5298134147942],[-74.2748950498225,40.5298751686605],[-74.274830595276,40.52993477712],[-74.2747689691018,40.5299773431006],[-74.2747045436382,40.5300070570565],[-74.2746234023848,40.5300324829151],[-74.274511530197,40.5300493396348],[-74.2744052839109,40.5300512730446],[-74.2743158897983,40.5300382789686],[-74.2742460809447,40.5300210955492],[-74.2741483097296,40.5299846416743],[-74.2740406250398,40.5299383307902],[-74.2740087783854,40.5299246348291],[-74.2739050898818,40.5299041462859]]}},{"type":"Feature","id":111038,"properties":{"OBJECTID":111038,"PRIMENAME":"Johnstone Street","ELEVTYP_F":0,"ELEVTYP_T":0},"geometry":{"type":"LineString","coordinates":[[-74.2726690892669,40.5193481464993],[-74.2723442097198,40.5200255788578]]}},{"type":"Feature","id":111306,"properties":{"OBJECTID":111306,"PRIMENAME":"Ashley Street","ELEVTYP_F":0,"ELEVTYP_T":0},"geometry":{"type":"LineString","coordinates":[[-74.2679285450632,40.5300581570086],[-74.2688398728444,40.5303828095711],[-74.2695685301605,40.5306403291831]]}},{"type":"Feature","id":111714,"properties":{"OBJECTID":111714,"PRIMENAME":"East Avenue","ELEVTYP_F":0,"ELEVTYP_T":0},"geometry":{"type":"LineString","coordinates":[[-74.2699956062892,40.5148347640671],[-74.2704532498123,40.513891681848]]}},{"type":"Feature","id":112269,"properties":{"OBJECTID":112269,"PRIMENAME":"Ashley Street","ELEVTYP_F":0,"ELEVTYP_T":0},"geometry":{"type":"LineString","coordinates":[[-74.2695685301605,40.5306403291831],[-74.2706607733213,40.5310263238065],[-74.2714428616068,40.5311070420431]]}},{"type":"Feature","id":112338,"properties":{"OBJECTID":112338,"PRIMENAME":"FR NJ 440 SB to NJ 440 SB","ELEVTYP_F":0,"ELEVTYP_T":0},"geometry":{"type":"LineString","coordinates":[[-74.2833054679363,40.5289337232624],[-74.2833825446983,40.5289148916344],[-74.2834594838996,40.5288957353389],[-74.2835362831911,40.5288762549609],[-74.2836129402278,40.5288564510952]]}},{"type":"Feature","id":112471,"properties":{"OBJECTID":112471,"PRIMENAME":"Johnstone Street","ELEVTYP_F":0,"ELEVTYP_T":0},"geometry":{"type":"LineString","coordinates":[[-74.2729849006332,40.5186698163161],[-74.2726690892669,40.5193481464993]]}},{"type":"Feature","id":112675,"properties":{"OBJECTID":112675,"PRIMENAME":"Andrews Drive","ELEVTYP_F":0,"ELEVTYP_T":0},"geometry":{"type":"LineString","coordinates":[[-74.2786565629225,40.5374495856776],[-74.2787361876556,40.5370778853423],[-74.2788046097747,40.5367863488542]]}},{"type":"Feature","id":113260,"properties":{"OBJECTID":113260,"PRIMENAME":"FR RAMP Y105330 to RT 184 WB","ELEVTYP_F":1,"ELEVTYP_T":1},"geometry":{"type":"LineString","coordinates":[[-74.2820378011269,40.5297256105608],[-74.2820700611742,40.5297291307136]]}},{"type":"Feature","id":113715,"properties":{"OBJECTID":113715,"PRIMENAME":"Pfeiffer Boulevard","ELEVTYP_F":0,"ELEVTYP_T":0},"geometry":{"type":"LineString","coordinates":[[-74.2824721567787,40.5299338505231],[-74.282736236925,40.5298522957881],[-74.2829874721822,40.5297824100587],[-74.2832284082999,40.5297261480512],[-74.283497502078,40.5296738920512],[-74.2837614178248,40.529631397531],[-74.2839151424943,40.5296101907511],[-74.283923239791,40.5296093827204]]}},{"type":"Feature","id":113822,"properties":{"OBJECTID":113822,"PRIMENAME":"Convery Boulevard","ELEVTYP_F":0,"ELEVTYP_T":0},"geometry":{"type":"LineString","coordinates":[[-74.2777893014942,40.538740264924],[-74.2777310264323,40.5390078554987]]}},{"type":"Feature","id":113926,"properties":{"OBJECTID":113926,"PRIMENAME":"Amboy Avenue","ELEVTYP_F":0,"ELEVTYP_T":0},"geometry":{"type":"LineString","coordinates":[[-74.2755478222021,40.5151501704576],[-74.2755758173537,40.5156427822085],[-74.2756149375039,40.5164349077971]]}},{"type":"Feature","id":114084,"properties":{"OBJECTID":114084,"PRIMENAME":"Neville Street","ELEVTYP_F":0,"ELEVTYP_T":0},"geometry":{"type":"LineString","coordinates":[[-74.2757255340487,40.5187478592871],[-74.2758541594163,40.5187819832726],[-74.2775559167852,40.5192663267532],[-74.2776737173721,40.5193000982442]]}},{"type":"Feature","id":114142,"properties":{"OBJECTID":114142,"PRIMENAME":"High Street","ELEVTYP_F":0,"ELEVTYP_T":0},"geometry":{"type":"LineString","coordinates":[[-74.2620718535289,40.5192621292695],[-74.2620415178873,40.5193896137212],[-74.2619177727581,40.5196145959471],[-74.2618697484522,40.5197170730948]]}},{"type":"Feature","id":114651,"properties":{"OBJECTID":114651,"PRIMENAME":"Wagner Avenue","ELEVTYP_F":0,"ELEVTYP_T":0},"geometry":{"type":"LineString","coordinates":[[-74.2716658357612,40.5304323221653],[-74.2715561380378,40.53042296399],[-74.2709000643584,40.5303590769586],[-74.2699479514649,40.5300177239766]]}},{"type":"Feature","id":114653,"properties":{"OBJECTID":114653,"PRIMENAME":"Paderewski Avenue","ELEVTYP_F":0,"ELEVTYP_T":0},"geometry":{"type":"LineString","coordinates":[[-74.272890494916,40.5230777153226],[-74.2721068136851,40.5229207709939],[-74.2712908236444,40.5227560444345]]}},{"type":"Feature","id":114672,"properties":{"OBJECTID":114672,"PRIMENAME":"Wagner Avenue","ELEVTYP_F":0,"ELEVTYP_T":0},"geometry":{"type":"LineString","coordinates":[[-74.2699479514649,40.5300177239766],[-74.2688515793943,40.5296246596978],[-74.268308174821,40.5294305626777]]}},{"type":"Feature","id":114778,"properties":{"OBJECTID":114778,"PRIMENAME":"Lawrence Street","ELEVTYP_F":0,"ELEVTYP_T":0},"geometry":{"type":"LineString","coordinates":[[-74.2740099910839,40.5282139639198],[-74.2740338134711,40.528223014972],[-74.2747154737846,40.528472641503],[-74.2748546734057,40.5285129096313]]}},{"type":"Feature","id":114986,"properties":{"OBJECTID":114986,"PRIMENAME":"Florida Grove Road","ELEVTYP_F":0,"ELEVTYP_T":0},"geometry":{"type":"LineString","coordinates":[[-74.2901593023335,40.5218113189933],[-74.2901309162573,40.5220085040117]]}},{"type":"Feature","id":115014,"properties":{"OBJECTID":115014,"PRIMENAME":"New Brunswick Avenue","ELEVTYP_F":0,"ELEVTYP_T":0},"geometry":{"type":"LineString","coordinates":[[-74.282907203785,40.5196258745347],[-74.2823317818988,40.5193229394023],[-74.2821581859418,40.5192338346741]]}},{"type":"Feature","id":115027,"properties":{"OBJECTID":115027,"PRIMENAME":"State Highway 440","ELEVTYP_F":0,"ELEVTYP_T":0},"geometry":{"type":"LineString","coordinates":[[-74.2798789403205,40.5292021152212],[-74.2800662116059,40.5292028420381],[-74.2802534698518,40.5292010058434],[-74.280440654808,40.5291966072278],[-74.2806277062479,40.5291896476065],[-74.2808145639879,40.5291801292188],[-74.2810011679068,40.5291680551271],[-74.2811874579652,40.5291534292161],[-74.2813733742247,40.5291362561916],[-74.2815088183621,40.5291221140587],[-74.2818366367344,40.5290810332726],[-74.2821631693476,40.5290343706776],[-74.2824882529587,40.5289821496015],[-74.2828117250498,40.5289243961514],[-74.2829998653922,40.528883281519],[-74.2831870498457,40.5288397008771]]}},{"type":"Feature","id":115075,"properties":{"OBJECTID":115075,"PRIMENAME":"Pfeiffer Boulevard","ELEVTYP_F":0,"ELEVTYP_T":0},"geometry":{"type":"LineString","coordinates":[[-74.275822601704,40.5281361852109],[-74.2756368959167,40.5280842558055],[-74.2756352709746,40.5280838014365],[-74.2753185346657,40.5279674239646],[-74.2751219032114,40.527888449184]]}},{"type":"Feature","id":115857,"properties":{"OBJECTID":115857,"PRIMENAME":"Francis Street","ELEVTYP_F":0,"ELEVTYP_T":0},"geometry":{"type":"LineString","coordinates":[[-74.2706157432934,40.5256516285667],[-74.2702451476059,40.526248531205]]}},{"type":"Feature","id":115866,"properties":{"OBJECTID":115866,"PRIMENAME":"Harding Avenue","ELEVTYP_F":0,"ELEVTYP_T":0},"geometry":{"type":"LineString","coordinates":[[-74.2801571891617,40.5279333036355],[-74.2799598578791,40.5279128611757],[-74.2792639702537,40.5278176787388]]}},{"type":"Feature","id":115894,"properties":{"OBJECTID":115894,"PRIMENAME":"2nd Street","ELEVTYP_F":0,"ELEVTYP_T":0},"geometry":{"type":"LineString","coordinates":[[-74.2760077360234,40.5030160203646],[-74.2762999023659,40.5024288275455],[-74.2767603968447,40.5014834784399],[-74.2768529118558,40.5012935501607],[-74.2770995414232,40.5007700363712],[-74.2771705500484,40.5006331918472]]}},{"type":"Feature","id":115959,"properties":{"OBJECTID":115959,"PRIMENAME":"Florida Grove Road","ELEVTYP_F":0,"ELEVTYP_T":0},"geometry":{"type":"LineString","coordinates":[[-74.289726414728,40.5247689736303],[-74.2896248850589,40.5248875977797]]}},{"type":"Feature","id":116286,"properties":{"OBJECTID":116286,"PRIMENAME":"New Brunswick Avenue","ELEVTYP_F":0,"ELEVTYP_T":0},"geometry":{"type":"LineString","coordinates":[[-74.2807356609996,40.5183998672417],[-74.2805738320564,40.5182998569281]]}},{"type":"Feature","id":116767,"properties":{"OBJECTID":116767,"PRIMENAME":"South Park Drive","ELEVTYP_F":0,"ELEVTYP_T":0},"geometry":{"type":"LineString","coordinates":[[-74.2762277742439,40.5306563459546],[-74.276268719799,40.5304347378947],[-74.2762875788296,40.5304004605479],[-74.2763326827851,40.5303604970124]]}},{"type":"Feature","id":116781,"properties":{"OBJECTID":116781,"PRIMENAME":"Mechanic Street","ELEVTYP_F":0,"ELEVTYP_T":0},"geometry":{"type":"LineString","coordinates":[[-74.262465315381,40.5165190627181],[-74.262259404415,40.51692233689]]}},{"type":"Feature","id":116828,"properties":{"OBJECTID":116828,"PRIMENAME":"Oak Street","ELEVTYP_F":0,"ELEVTYP_T":0},"geometry":{"type":"LineString","coordinates":[[-74.2756737407936,40.5085145190413],[-74.2754605585317,40.5089401757982]]}},{"type":"Feature","id":116939,"properties":{"OBJECTID":116939,"PRIMENAME":"Maurer Road","ELEVTYP_F":0,"ELEVTYP_T":0},"geometry":{"type":"LineString","coordinates":[[-74.2621652005781,40.5361977964143],[-74.2624178419196,40.5363300983381]]}},{"type":"Feature","id":117050,"properties":{"OBJECTID":117050,"PRIMENAME":"FR RT 184 WB to RT 184 EB","ELEVTYP_F":0,"ELEVTYP_T":0},"geometry":{"type":"LineString","coordinates":[[-74.2820700611742,40.5297291307136],[-74.282148163787,40.529674073191],[-74.2821987455969,40.5296377848431],[-74.2822527843574,40.5296045241386],[-74.2823099695858,40.5295744821756],[-74.2823699727232,40.5295478315588],[-74.2824333268098,40.5295294803543],[-74.282498470038,40.5295152355558],[-74.2825649461428,40.5295051969342],[-74.2826322895247,40.5294994348001],[-74.2827621874406,40.5295087113985],[-74.282891462298,40.5295221305935],[-74.2830032499995,40.5295335421878],[-74.2831156812954,40.52954033993],[-74.283179206058,40.5295417011548],[-74.283242403039,40.5295365985743],[-74.2833041476004,40.5295251229926],[-74.2833633409524,40.5295074786263],[-74.2833867777119,40.5294965976541],[-74.2834088483714,40.5294841642123],[-74.2834293768127,40.5294702775172],[-74.2834481992242,40.5294550483817],[-74.2834651654084,40.5294385983308],[-74.2834801399804,40.5294210586323],[-74.2834930034481,40.5294025692488],[-74.283503653166,40.5293832777212],[-74.2835152737068,40.5293489842222],[-74.2835212056056,40.5293138533483],[-74.2835213564784,40.5292784322833],[-74.2835157239845,40.52924327273],[-74.2835003570115,40.5292141451197],[-74.2834826183058,40.5291858131089],[-74.2834625781853,40.5291583890034],[-74.2834403160898,40.5291319815099]]}},{"type":"Feature","id":117078,"properties":{"OBJECTID":117078,"PRIMENAME":"Harned Street","ELEVTYP_F":0,"ELEVTYP_T":0},"geometry":{"type":"LineString","coordinates":[[-74.2852278590584,40.5315486991801],[-74.2846008584513,40.5320127000716]]}},{"type":"Feature","id":117479,"properties":{"OBJECTID":117479,"PRIMENAME":"FR RAMP B105350 to NJ 184 WB","ELEVTYP_F":0,"ELEVTYP_T":0},"geometry":{"type":"LineString","coordinates":[[-74.2793014338008,40.5299586241992],[-74.2793165732573,40.5299774370819],[-74.2793330158711,40.5299956019673],[-74.2793507141202,40.5300130663542],[-74.279369616853,40.5300297797664],[-74.2793896694369,40.5300456938977],[-74.2794108139155,40.5300607627524],[-74.2794329891766,40.5300749427776],[-74.2794561311287,40.5300881929893],[-74.2794801728859,40.530100475091],[-74.2795050449619,40.5301117535843],[-74.2795306754701,40.5301219958712],[-74.279556990332,40.530131172349],[-74.2795839134909,40.5301392564951],[-74.2796113671319,40.5301462249443],[-74.2796392719068,40.5301520575557],[-74.2796675471634,40.5301567374717]]}},{"type":"Feature","id":117511,"properties":{"OBJECTID":117511,"PRIMENAME":"Unnamed Segment","ELEVTYP_F":0,"ELEVTYP_T":0},"geometry":{"type":"LineString","coordinates":[[-74.2596935839721,40.5201753368213],[-74.2593875247442,40.5200879289792],[-74.2590854204942,40.5199067137847],[-74.2594089285498,40.5199419106428]]}},{"type":"Feature","id":117921,"properties":{"OBJECTID":117921,"PRIMENAME":"Elizabeth Street","ELEVTYP_F":0,"ELEVTYP_T":0},"geometry":{"type":"LineString","coordinates":[[-74.2650429967293,40.5205999839084],[-74.2654939278776,40.5193639497771]]}},{"type":"Feature","id":118664,"properties":{"OBJECTID":118664,"PRIMENAME":"Unnamed Segment","ELEVTYP_F":0,"ELEVTYP_T":0},"geometry":{"type":"LineString","coordinates":[[-74.2776189129626,40.5302091039437],[-74.2779048604051,40.5304634891145]]}},{"type":"Feature","id":118721,"properties":{"OBJECTID":118721,"PRIMENAME":"FR NJ 440 SB to NJ 440 SB","ELEVTYP_F":0,"ELEVTYP_T":0},"geometry":{"type":"LineString","coordinates":[[-74.2798489964005,40.5293374745701],[-74.2800396821703,40.5293377438677],[-74.2802303413092,40.5293352974693],[-74.2804209073866,40.5293301362275],[-74.2806113140039,40.5293222619403],[-74.2809023870618,40.5293073069904],[-74.2811928265824,40.5292863756555],[-74.281482421819,40.5292594831235],[-74.2817709626382,40.5292266489078],[-74.2820730211236,40.529181002332],[-74.2823742314326,40.5291322022601],[-74.2826590060976,40.5290766158055],[-74.2829426293133,40.5290177020598],[-74.2832736407075,40.5289414044579]]}},{"type":"Feature","id":119064,"properties":{"OBJECTID":119064,"PRIMENAME":"Convery Boulevard","ELEVTYP_F":0,"ELEVTYP_T":0},"geometry":{"type":"LineString","coordinates":[[-74.2782349600229,40.5367017500781],[-74.2779940415232,40.5378009796366],[-74.2777893014942,40.538740264924]]}},{"type":"Feature","id":119181,"properties":{"OBJECTID":119181,"PRIMENAME":"Fayette Street","ELEVTYP_F":0,"ELEVTYP_T":0},"geometry":{"type":"LineString","coordinates":[[-74.2669568802285,40.5102705920275],[-74.2674878926255,40.510424620011],[-74.2686229950572,40.5107470620416]]}},{"type":"Feature","id":119279,"properties":{"OBJECTID":119279,"PRIMENAME":"Herbert Street","ELEVTYP_F":0,"ELEVTYP_T":0},"geometry":{"type":"LineString","coordinates":[[-74.285814170373,40.5083359995059],[-74.2856211603774,40.5086927818538],[-74.2854181405241,40.5091089508032],[-74.2851733394353,40.5096110455249],[-74.2851577470328,40.5096384905552],[-74.2851464289092,40.5096671303537],[-74.2851395377375,40.5096965786048],[-74.2851371664771,40.5097264380873],[-74.2851393471194,40.5097563060328],[-74.2851460502561,40.509785779558],[-74.2851571854757,40.5098144610992],[-74.2851726025822,40.5098419637754],[-74.2852966027704,40.510014231572],[-74.2854030638256,40.5101540512058]]}},{"type":"Feature","id":119416,"properties":{"OBJECTID":119416,"PRIMENAME":"Unnamed Segment","ELEVTYP_F":0,"ELEVTYP_T":0},"geometry":{"type":"LineString","coordinates":[[-74.2594954802473,40.5205086063339],[-74.2591742146646,40.5203769535699],[-74.2591453927196,40.5203693399362]]}},{"type":"Feature","id":119736,"properties":{"OBJECTID":119736,"PRIMENAME":"Hidden Village Drive","ELEVTYP_F":0,"ELEVTYP_T":0},"geometry":{"type":"LineString","coordinates":[[-74.2741103101613,40.5142556164673],[-74.2740356299352,40.5142893953484],[-74.2738966810273,40.5143966271191]]}},{"type":"Feature","id":119975,"properties":{"OBJECTID":119975,"PRIMENAME":"Thomas Street","ELEVTYP_F":0,"ELEVTYP_T":0},"geometry":{"type":"LineString","coordinates":[[-74.271263541629,40.5317760838254],[-74.2706150297397,40.5317169582499],[-74.270431498974,40.5316879898866],[-74.2702704930815,40.5316476739981],[-74.2702060685496,40.5316231965711]]}},{"type":"Feature","id":120505,"properties":{"OBJECTID":120505,"PRIMENAME":"Smith Street","ELEVTYP_F":0,"ELEVTYP_T":0},"geometry":{"type":"LineString","coordinates":[[-74.2667086018837,40.5082581353069],[-74.2664604339136,40.5081883468253],[-74.2656696132772,40.5079670265836],[-74.2653555472824,40.5078796433819],[-74.2652779374488,40.5078582930598]]}},{"type":"Feature","id":120681,"properties":{"OBJECTID":120681,"PRIMENAME":"Smith Street","ELEVTYP_F":0,"ELEVTYP_T":0},"geometry":{"type":"LineString","coordinates":[[-74.2869202230895,40.5138762483028],[-74.286546171496,40.5137688550841],[-74.2860068907067,40.5136253863272]]}},{"type":"Feature","id":120812,"properties":{"OBJECTID":120812,"PRIMENAME":"FR RAMP X100130 to RT 440 SB","ELEVTYP_F":0,"ELEVTYP_T":0},"geometry":{"type":"LineString","coordinates":[[-74.2832939916933,40.5289674392111],[-74.2833329559018,40.5289554889133]]}},{"type":"Feature","id":121144,"properties":{"OBJECTID":121144,"PRIMENAME":"Pine Street","ELEVTYP_F":0,"ELEVTYP_T":0},"geometry":{"type":"LineString","coordinates":[[-74.2689684504852,40.5316089827438],[-74.2691919324224,40.5312560201019]]}},{"type":"Feature","id":121148,"properties":{"OBJECTID":121148,"PRIMENAME":"Barclay Street","ELEVTYP_F":0,"ELEVTYP_T":0},"geometry":{"type":"LineString","coordinates":[[-74.2776066697721,40.5177536159595],[-74.2792452257244,40.5182125296553],[-74.2804387563582,40.5185665357448]]}},{"type":"Feature","id":121302,"properties":{"OBJECTID":121302,"PRIMENAME":"Harbortown Boulevard","ELEVTYP_F":0,"ELEVTYP_T":0},"geometry":{"type":"LineString","coordinates":[[-74.2596935839721,40.5201753368213],[-74.2597132087676,40.5201380285998],[-74.2597495231215,40.5200710460685]]}},{"type":"Feature","id":122846,"properties":{"OBJECTID":122846,"PRIMENAME":"Goodwin Street","ELEVTYP_F":0,"ELEVTYP_T":0},"geometry":{"type":"LineString","coordinates":[[-74.2793629911454,40.513746963643],[-74.2796932278513,40.5130941999898],[-74.280168630739,40.5120755121457],[-74.2801985385811,40.5120143802894]]}},{"type":"Feature","id":123142,"properties":{"OBJECTID":123142,"PRIMENAME":"1st Street","ELEVTYP_F":0,"ELEVTYP_T":0},"geometry":{"type":"LineString","coordinates":[[-74.2754702310627,40.5012295193732],[-74.2750379957608,40.5021168096893],[-74.2747650449458,40.5026653862332]]}},{"type":"Feature","id":123412,"properties":{"OBJECTID":123412,"PRIMENAME":"Florida Grove Road","ELEVTYP_F":0,"ELEVTYP_T":0},"geometry":{"type":"LineString","coordinates":[[-74.290238832176,40.5210744544497],[-74.2902275405935,40.5211659557533],[-74.2902160155012,40.5212857876795]]}},{"type":"Feature","id":123590,"properties":{"OBJECTID":123590,"PRIMENAME":"State Street","ELEVTYP_F":0,"ELEVTYP_T":0},"geometry":{"type":"LineString","coordinates":[[-74.2649281406648,40.5144306969288],[-74.2646976294791,40.5149009341303]]}},{"type":"Feature","id":123881,"properties":{"OBJECTID":123881,"PRIMENAME":"Seaman Avenue","ELEVTYP_F":0,"ELEVTYP_T":0},"geometry":{"type":"LineString","coordinates":[[-74.279905736307,40.5169739288102],[-74.2798497734937,40.5169388490087],[-74.2777124511331,40.5155993109791]]}},{"type":"Feature","id":124362,"properties":{"OBJECTID":124362,"PRIMENAME":"Hall Avenue","ELEVTYP_F":0,"ELEVTYP_T":0},"geometry":{"type":"LineString","coordinates":[[-74.2736092728757,40.5210135887328],[-74.2742473781325,40.5211426226575],[-74.2752069688661,40.5213356362451]]}},{"type":"Feature","id":124926,"properties":{"OBJECTID":124926,"PRIMENAME":"FR HIGH ST TO RAMP Y100400","ELEVTYP_F":0,"ELEVTYP_T":1},"geometry":{"type":"LineString","coordinates":[[-74.2626187905521,40.5269450228076],[-74.2627992130063,40.5268362967973],[-74.2631206299381,40.5266567992734],[-74.2633288409856,40.5265593151754],[-74.2634984412331,40.5264950406482],[-74.2637564658656,40.5264207434835],[-74.2639954713195,40.5263520817477],[-74.2645007851034,40.5262049865977],[-74.2646720102809,40.5261574328902]]}},{"type":"Feature","id":125059,"properties":{"OBJECTID":125059,"PRIMENAME":"Juliette Street","ELEVTYP_F":0,"ELEVTYP_T":0},"geometry":{"type":"LineString","coordinates":[[-74.2914588296486,40.5237530982671],[-74.2929964673819,40.5241186852422]]}},{"type":"Feature","id":125172,"properties":{"OBJECTID":125172,"PRIMENAME":"Pine Street","ELEVTYP_F":0,"ELEVTYP_T":0},"geometry":{"type":"LineString","coordinates":[[-74.2691919324224,40.5312560201019],[-74.2692290470378,40.531197349095],[-74.2695685301605,40.5306403291831]]}},{"type":"Feature","id":125239,"properties":{"OBJECTID":125239,"PRIMENAME":"Groom Street","ELEVTYP_F":0,"ELEVTYP_T":0},"geometry":{"type":"LineString","coordinates":[[-74.2797744686937,40.5199023098467],[-74.2801083097122,40.5192222113255]]}},{"type":"Feature","id":125284,"properties":{"OBJECTID":125284,"PRIMENAME":"Ogden Place","ELEVTYP_F":0,"ELEVTYP_T":0},"geometry":{"type":"LineString","coordinates":[[-74.2771445049404,40.5161517983407],[-74.2777124511331,40.5155993109791]]}},{"type":"Feature","id":125511,"properties":{"OBJECTID":125511,"PRIMENAME":"FR RT 35 NB to NJ 184 WB","ELEVTYP_F":0,"ELEVTYP_T":0},"geometry":{"type":"LineString","coordinates":[[-74.2796147790676,40.5301393961522],[-74.2796211948287,40.5301418684276],[-74.279627666057,40.530144255054],[-74.2796341907885,40.5301465553071],[-74.2796407670435,40.5301487684889],[-74.2796473928262,40.5301508939279],[-74.2796540661261,40.5301529309789],[-74.2796607849181,40.5301548790239],[-74.2796675471634,40.5301567374717]]}},{"type":"Feature","id":125605,"properties":{"OBJECTID":125605,"PRIMENAME":"Amboy Avenue","ELEVTYP_F":0,"ELEVTYP_T":0},"geometry":{"type":"LineString","coordinates":[[-74.2753610606402,40.5259945647965],[-74.2753383601676,40.526124062338],[-74.2752819622099,40.5266378935993]]}},{"type":"Feature","id":125686,"properties":{"OBJECTID":125686,"PRIMENAME":"Franklin Drive","ELEVTYP_F":0,"ELEVTYP_T":0},"geometry":{"type":"LineString","coordinates":[[-74.2824793870488,40.5373995549188],[-74.2817246012056,40.5365739666526]]}},{"type":"Feature","id":125829,"properties":{"OBJECTID":125829,"PRIMENAME":"Unnamed Segment","ELEVTYP_F":0,"ELEVTYP_T":0},"geometry":{"type":"LineString","coordinates":[[-74.2615438034859,40.5196411490055],[-74.2612823908739,40.5195872804061],[-74.2610965720142,40.5199772816045],[-74.2613434296388,40.5200388722657],[-74.2615438034859,40.5196411490055]]}},{"type":"Feature","id":126193,"properties":{"OBJECTID":126193,"PRIMENAME":"Market Street","ELEVTYP_F":0,"ELEVTYP_T":0},"geometry":{"type":"LineString","coordinates":[[-74.284881463158,40.5115513049679],[-74.284999031802,40.5116095558072],[-74.2858291365096,40.5118427930886],[-74.2861038119375,40.511919966076]]}},{"type":"Feature","id":126308,"properties":{"OBJECTID":126308,"PRIMENAME":"Fayette Street","ELEVTYP_F":0,"ELEVTYP_T":0},"geometry":{"type":"LineString","coordinates":[[-74.2785068995117,40.5135112498219],[-74.2776471862825,40.5132741501266]]}},{"type":"Feature","id":126772,"properties":{"OBJECTID":126772,"PRIMENAME":"Amboy Avenue","ELEVTYP_F":0,"ELEVTYP_T":0},"geometry":{"type":"LineString","coordinates":[[-74.2752819622099,40.5266378935993],[-74.2752606655828,40.5268317949622],[-74.2752358890208,40.5271946786479],[-74.2752242125987,40.5272871935316]]}},{"type":"Feature","id":126969,"properties":{"OBJECTID":126969,"PRIMENAME":"Parker Street","ELEVTYP_F":0,"ELEVTYP_T":0},"geometry":{"type":"LineString","coordinates":[[-74.2614819210924,40.52386388062],[-74.2610614254592,40.5247154806368]]}},{"type":"Feature","id":127892,"properties":{"OBJECTID":127892,"PRIMENAME":"Krochmally Avenue","ELEVTYP_F":0,"ELEVTYP_T":0},"geometry":{"type":"LineString","coordinates":[[-74.2804591729434,40.5265651628202],[-74.2801287572861,40.5266817232602],[-74.2794558623288,40.5269184703142]]}},{"type":"Feature","id":128056,"properties":{"OBJECTID":128056,"PRIMENAME":"Unnamed Segment","ELEVTYP_F":0,"ELEVTYP_T":0},"geometry":{"type":"LineString","coordinates":[[-74.2599273856941,40.5208457483474],[-74.2600572387528,40.5206257686662],[-74.2602812965092,40.520249126474],[-74.2600516320512,40.5201722171485]]}},{"type":"Feature","id":128178,"properties":{"OBJECTID":128178,"PRIMENAME":"South Charles Street","ELEVTYP_F":0,"ELEVTYP_T":0},"geometry":{"type":"LineString","coordinates":[[-74.2914588296486,40.5237530982671],[-74.2911811754953,40.5244060443523]]}},{"type":"Feature","id":128479,"properties":{"OBJECTID":128479,"PRIMENAME":"Cornell Street","ELEVTYP_F":0,"ELEVTYP_T":0},"geometry":{"type":"LineString","coordinates":[[-74.2771115698531,40.5226649701054],[-74.2774209100154,40.5217809519696]]}},{"type":"Feature","id":128593,"properties":{"OBJECTID":128593,"PRIMENAME":"Harned Avenue","ELEVTYP_F":0,"ELEVTYP_T":0},"geometry":{"type":"LineString","coordinates":[[-74.292906853813,40.5347203520539],[-74.2927784658316,40.5346531855721],[-74.2900861521064,40.5332446492067]]}},{"type":"Feature","id":128698,"properties":{"OBJECTID":128698,"PRIMENAME":"Colgate Avenue","ELEVTYP_F":0,"ELEVTYP_T":0},"geometry":{"type":"LineString","coordinates":[[-74.2868969028956,40.5241271979857],[-74.2869358873233,40.5240395631796],[-74.287167438857,40.5234628561436]]}},{"type":"Feature","id":128700,"properties":{"OBJECTID":128700,"PRIMENAME":"Wagner Avenue","ELEVTYP_F":0,"ELEVTYP_T":0},"geometry":{"type":"LineString","coordinates":[[-74.2730514506708,40.5311049151173],[-74.2724478401585,40.5308976791679],[-74.2721021608076,40.5306883417451],[-74.2717383500585,40.5304581053612],[-74.2716813375512,40.5304336154744],[-74.2716658357612,40.5304323221653]]}},{"type":"Feature","id":128747,"properties":{"OBJECTID":128747,"PRIMENAME":"Elizabeth Street","ELEVTYP_F":0,"ELEVTYP_T":0},"geometry":{"type":"LineString","coordinates":[[-74.2654939278776,40.5193639497771],[-74.2655145566928,40.5193074421142],[-74.2660614556157,40.5177150360987]]}},{"type":"Feature","id":129055,"properties":{"OBJECTID":129055,"PRIMENAME":"State Street","ELEVTYP_F":0,"ELEVTYP_T":0},"geometry":{"type":"LineString","coordinates":[[-74.264071847962,40.5162039195404],[-74.2640077484277,40.5163352839969],[-74.2639368555439,40.5164805717606],[-74.2637464234832,40.5168727628558],[-74.2637400096413,40.5168862006257]]}},{"type":"Feature","id":129162,"properties":{"OBJECTID":129162,"PRIMENAME":"Alpine Street","ELEVTYP_F":0,"ELEVTYP_T":0},"geometry":{"type":"LineString","coordinates":[[-74.2724160934687,40.5256271329466],[-74.2724157339549,40.5256269953432],[-74.2709541749559,40.5251064884074]]}},{"type":"Feature","id":129167,"properties":{"OBJECTID":129167,"PRIMENAME":"Gordon Street","ELEVTYP_F":0,"ELEVTYP_T":0},"geometry":{"type":"LineString","coordinates":[[-74.2642897053928,40.504084891037],[-74.2635590690395,40.5038739722759]]}},{"type":"Feature","id":129520,"properties":{"OBJECTID":129520,"PRIMENAME":"Alpine Street","ELEVTYP_F":0,"ELEVTYP_T":0},"geometry":{"type":"LineString","coordinates":[[-74.2694931833216,40.5245847563457],[-74.2684042891054,40.5241917717854]]}},{"type":"Feature","id":129879,"properties":{"OBJECTID":129879,"PRIMENAME":"Amboy Avenue","ELEVTYP_F":0,"ELEVTYP_T":0},"geometry":{"type":"LineString","coordinates":[[-74.2730514506708,40.5311049151173],[-74.2729949912543,40.5311932520021],[-74.2729669039284,40.5312539728701]]}},{"type":"Feature","id":130362,"properties":{"OBJECTID":130362,"PRIMENAME":"Catherine Street","ELEVTYP_F":0,"ELEVTYP_T":0},"geometry":{"type":"LineString","coordinates":[[-74.2677604909286,40.5211698736341],[-74.2676800466163,40.5214022242583],[-74.2673439726351,40.5223763666023]]}},{"type":"Feature","id":130616,"properties":{"OBJECTID":130616,"PRIMENAME":"Huntington Street","ELEVTYP_F":0,"ELEVTYP_T":0},"geometry":{"type":"LineString","coordinates":[[-74.2659432875252,40.52078883616],[-74.2668619516179,40.5209814515664]]}},{"type":"Feature","id":130628,"properties":{"OBJECTID":130628,"PRIMENAME":"Arnold Avenue","ELEVTYP_F":0,"ELEVTYP_T":0},"geometry":{"type":"LineString","coordinates":[[-74.2717687163096,40.5213791048509],[-74.2716445226912,40.5213527809216],[-74.2701771135272,40.5210574614386]]}},{"type":"Feature","id":130834,"properties":{"OBJECTID":130834,"PRIMENAME":"Florida Grove Road","ELEVTYP_F":0,"ELEVTYP_T":0},"geometry":{"type":"LineString","coordinates":[[-74.2909425284594,40.5197722094019],[-74.2908659969655,40.5201837155683]]}},{"type":"Feature","id":131993,"properties":{"OBJECTID":131993,"PRIMENAME":"Johnstone Street","ELEVTYP_F":0,"ELEVTYP_T":0},"geometry":{"type":"LineString","coordinates":[[-74.2720101216213,40.520690171615],[-74.2719557134986,40.5208231482142],[-74.2718449591771,40.5211725199378],[-74.2717687163096,40.5213791048509]]}},{"type":"Feature","id":132056,"properties":{"OBJECTID":132056,"PRIMENAME":"Amboy Avenue","ELEVTYP_F":0,"ELEVTYP_T":0},"geometry":{"type":"LineString","coordinates":[[-74.2729669039284,40.5312539728701],[-74.2729285599662,40.5313368550951],[-74.2727862218614,40.5316491889027],[-74.272686592357,40.531864593813],[-74.2726673634081,40.5319119649359]]}},{"type":"Feature","id":132314,"properties":{"OBJECTID":132314,"PRIMENAME":"Forbes Avenue","ELEVTYP_F":0,"ELEVTYP_T":0},"geometry":{"type":"LineString","coordinates":[[-74.2857420117406,40.5347893951268],[-74.2860486489499,40.5345565463472],[-74.2863484749872,40.5342807225],[-74.2863663389873,40.5342637364046]]}},{"type":"Feature","id":132423,"properties":{"OBJECTID":132423,"PRIMENAME":"Great Beds Court","ELEVTYP_F":0,"ELEVTYP_T":0},"geometry":{"type":"LineString","coordinates":[[-74.2597371442829,40.5176942363148],[-74.2598120715612,40.5176247212873],[-74.2600233285577,40.5174922409907],[-74.2601584978208,40.5174131330443],[-74.2602270651542,40.5173766206703]]}},{"type":"Feature","id":132551,"properties":{"OBJECTID":132551,"PRIMENAME":"Spruce Street","ELEVTYP_F":0,"ELEVTYP_T":0},"geometry":{"type":"LineString","coordinates":[[-74.271944106825,40.5299688105229],[-74.272317933632,40.5293437439024]]}},{"type":"Feature","id":132705,"properties":{"OBJECTID":132705,"PRIMENAME":"Harding Avenue","ELEVTYP_F":0,"ELEVTYP_T":0},"geometry":{"type":"LineString","coordinates":[[-74.2796675471634,40.5301567374717],[-74.2797651054638,40.5301804377549],[-74.279863045646,40.5302032026737],[-74.2799613523058,40.5302250286476],[-74.2800600099819,40.5302459122438],[-74.2801733286519,40.5302686526307],[-74.2802870634151,40.5302901497561],[-74.2803358937022,40.5302974071922],[-74.2803849397111,40.5303037615625],[-74.2804341727593,40.5303092091507],[-74.2804835640545,40.530313746771]]}},{"type":"Feature","id":132967,"properties":{"OBJECTID":132967,"PRIMENAME":"Long Ferry Road","ELEVTYP_F":0,"ELEVTYP_T":0},"geometry":{"type":"LineString","coordinates":[[-74.2597602118642,40.521128949997],[-74.2602803684443,40.5213233688297]]}},{"type":"Feature","id":133012,"properties":{"OBJECTID":133012,"PRIMENAME":"Convery Boulevard","ELEVTYP_F":0,"ELEVTYP_T":0},"geometry":{"type":"LineString","coordinates":[[-74.2810263556126,40.523944240625],[-74.2809820344477,40.5241440283417],[-74.2808616534632,40.5246780548928],[-74.2807491572929,40.5252210457601],[-74.2807065028284,40.5254162793151]]}},{"type":"Feature","id":133099,"properties":{"OBJECTID":133099,"PRIMENAME":"Groom Street","ELEVTYP_F":0,"ELEVTYP_T":0},"geometry":{"type":"LineString","coordinates":[[-74.2791348642647,40.5212060087959],[-74.2794418872295,40.5205798852626]]}},{"type":"Feature","id":133298,"properties":{"OBJECTID":133298,"PRIMENAME":"Unnamed Segment","ELEVTYP_F":0,"ELEVTYP_T":0},"geometry":{"type":"LineString","coordinates":[[-74.2610980015191,40.5204921535974],[-74.2613669769894,40.5205668481285],[-74.2614452491203,40.5205885842739]]}},{"type":"Feature","id":133356,"properties":{"OBJECTID":133356,"PRIMENAME":"Herbert Street","ELEVTYP_F":0,"ELEVTYP_T":0},"geometry":{"type":"LineString","coordinates":[[-74.2854030638256,40.5101540512058],[-74.2854295169975,40.5101887934741],[-74.2854425905098,40.5102058772157],[-74.2854531424526,40.5102239481559],[-74.2854610466976,40.510242790295],[-74.2854662087641,40.5102621784147],[-74.285468566948,40.510281880771],[-74.2854680930596,40.5103016618632],[-74.2854647927609,40.5103212852495],[-74.2854587054977,40.510340516373],[-74.2854108836599,40.5104490795221],[-74.2850615846095,40.511179648692],[-74.284881463158,40.5115513049679]]}},{"type":"Feature","id":133495,"properties":{"OBJECTID":133495,"PRIMENAME":"Hazel Avenue","ELEVTYP_F":0,"ELEVTYP_T":0},"geometry":{"type":"LineString","coordinates":[[-74.288436166923,40.5248051879465],[-74.288226377714,40.5252591205553],[-74.2878858242806,40.5259164175504],[-74.2878023809002,40.5260933798644],[-74.2877076438823,40.5261952676123],[-74.2877025727555,40.5262007223998],[-74.2876194268186,40.5262828130708]]}},{"type":"Feature","id":133524,"properties":{"OBJECTID":133524,"PRIMENAME":"Dilman Lane","ELEVTYP_F":0,"ELEVTYP_T":0},"geometry":{"type":"LineString","coordinates":[[-74.2672530794758,40.5257328579109],[-74.2672052642679,40.5259629122881],[-74.2671981021924,40.5260366591985]]}},{"type":"Feature","id":134828,"properties":{"OBJECTID":134828,"PRIMENAME":"Chamberlain Avenue","ELEVTYP_F":0,"ELEVTYP_T":0},"geometry":{"type":"LineString","coordinates":[[-74.2816554607764,40.5343532879699],[-74.281409272063,40.534318967983],[-74.2810096772748,40.5342632614801],[-74.2803084514037,40.5341736744636]]}},{"type":"Feature","id":134895,"properties":{"OBJECTID":134895,"PRIMENAME":"Hanson Avenue","ELEVTYP_F":0,"ELEVTYP_T":0},"geometry":{"type":"LineString","coordinates":[[-74.2835611837544,40.5267540040721],[-74.283597570596,40.5266817113527],[-74.2837996234586,40.5262733139136]]}},{"type":"Feature","id":134937,"properties":{"OBJECTID":134937,"PRIMENAME":"Rudyard Drive","ELEVTYP_F":0,"ELEVTYP_T":0},"geometry":{"type":"LineString","coordinates":[[-74.2805322975594,40.5363062560598],[-74.2805646690836,40.5360891245223],[-74.2805950861548,40.535963373918],[-74.2806177693234,40.5359033542769],[-74.2806667562148,40.5358205167825],[-74.2807654254046,40.5356952523109]]}},{"type":"Feature","id":135056,"properties":{"OBJECTID":135056,"PRIMENAME":"James Street","ELEVTYP_F":0,"ELEVTYP_T":0},"geometry":{"type":"LineString","coordinates":[[-74.2928467146803,40.527972945023],[-74.292533817435,40.5279899801112],[-74.2908758479333,40.5280811483923]]}},{"type":"Feature","id":135215,"properties":{"OBJECTID":135215,"PRIMENAME":"Sayre Avenue","ELEVTYP_F":0,"ELEVTYP_T":0},"geometry":{"type":"LineString","coordinates":[[-74.2826666481242,40.5176816578682],[-74.2820994222074,40.5173743166192],[-74.2819210800872,40.5172754856795]]}},{"type":"Feature","id":135296,"properties":{"OBJECTID":135296,"PRIMENAME":"State Street","ELEVTYP_F":0,"ELEVTYP_T":0},"geometry":{"type":"LineString","coordinates":[[-74.2644518224552,40.5244171846673],[-74.2645398619113,40.5246810595897]]}},{"type":"Feature","id":135596,"properties":{"OBJECTID":135596,"PRIMENAME":"Stockton Street","ELEVTYP_F":0,"ELEVTYP_T":0},"geometry":{"type":"LineString","coordinates":[[-74.2776471862825,40.5132741501266],[-74.2783430260691,40.5119108465441],[-74.2785266216066,40.5115511323984]]}},{"type":"Feature","id":135628,"properties":{"OBJECTID":135628,"PRIMENAME":"State Street","ELEVTYP_F":0,"ELEVTYP_T":0},"geometry":{"type":"LineString","coordinates":[[-74.2708422596686,40.5016407417836],[-74.2708201905363,40.5017007890016],[-74.2707748876242,40.5021526013898],[-74.2707036898876,40.5026573995819],[-74.2705550015431,40.5029906367745],[-74.2702498911567,40.50361454757]]}},{"type":"Feature","id":135697,"properties":{"OBJECTID":135697,"PRIMENAME":"Carlock Avenue","ELEVTYP_F":0,"ELEVTYP_T":0},"geometry":{"type":"LineString","coordinates":[[-74.2851662216353,40.5292282352065],[-74.2850096524466,40.5295323773798]]}},{"type":"Feature","id":135709,"properties":{"OBJECTID":135709,"PRIMENAME":"Smith Street","ELEVTYP_F":0,"ELEVTYP_T":0},"geometry":{"type":"LineString","coordinates":[[-74.2740619331401,40.5103116861377],[-74.2738918645799,40.510264246994],[-74.273664826154,40.5102059902554],[-74.2734064173652,40.5101349898023],[-74.2730290668965,40.5100313064506],[-74.2725599461613,40.5098973836842],[-74.2719522245594,40.5097288977244]]}},{"type":"Feature","id":135739,"properties":{"OBJECTID":135739,"PRIMENAME":"Unnamed Segment","ELEVTYP_F":0,"ELEVTYP_T":0},"geometry":{"type":"LineString","coordinates":[[-74.2852278590584,40.5315486991801],[-74.2852846598743,40.5316010464617],[-74.2856358587967,40.5319246999794],[-74.2857532271831,40.5320794245662],[-74.2857402160209,40.5321438798645],[-74.285262859562,40.5324867005559]]}},{"type":"Feature","id":136721,"properties":{"OBJECTID":136721,"PRIMENAME":"Fayette Street","ELEVTYP_F":0,"ELEVTYP_T":0},"geometry":{"type":"LineString","coordinates":[[-74.2767491369319,40.5130264830523],[-74.2760092347485,40.5128247396969],[-74.2759371127038,40.5128050814509]]}},{"type":"Feature","id":136802,"properties":{"OBJECTID":136802,"PRIMENAME":"Market Street","ELEVTYP_F":0,"ELEVTYP_T":0},"geometry":{"type":"LineString","coordinates":[[-74.2757003346398,40.5090064972658],[-74.2754605585317,40.5089401757982]]}},{"type":"Feature","id":137011,"properties":{"OBJECTID":137011,"PRIMENAME":"Harned Street","ELEVTYP_F":0,"ELEVTYP_T":0},"geometry":{"type":"LineString","coordinates":[[-74.2855034561897,40.5312955209139],[-74.285468861835,40.5313196997475],[-74.2852808602944,40.5315096996972],[-74.2852278590584,40.5315486991801]]}},{"type":"Feature","id":137040,"properties":{"OBJECTID":137040,"PRIMENAME":"FR RT 440 SB to FLORIDA GROVE RD","ELEVTYP_F":0,"ELEVTYP_T":0},"geometry":{"type":"LineString","coordinates":[[-74.2908103883498,40.5233505949126],[-74.2908454962401,40.5233141681943],[-74.2908811470198,40.5232780498395],[-74.2909173360377,40.5232422445597],[-74.2909540585721,40.5232067570255],[-74.2909913098318,40.5231715918662],[-74.2910290849569,40.523136753669],[-74.2910673790188,40.5231022469783],[-74.2911061870215,40.5230680762955]]}},{"type":"Feature","id":137376,"properties":{"OBJECTID":137376,"PRIMENAME":"Spring Street","ELEVTYP_F":0,"ELEVTYP_T":0},"geometry":{"type":"LineString","coordinates":[[-74.2724160934687,40.5256271329466],[-74.2727580706858,40.5250716732876]]}},{"type":"Feature","id":137390,"properties":{"OBJECTID":137390,"PRIMENAME":"Dillman Lane","ELEVTYP_F":0,"ELEVTYP_T":0},"geometry":{"type":"LineString","coordinates":[[-74.2679979506775,40.5232227455],[-74.2678235967688,40.5237523604175],[-74.2677518456263,40.5239562884467]]}},{"type":"Feature","id":137421,"properties":{"OBJECTID":137421,"PRIMENAME":"State Street","ELEVTYP_F":0,"ELEVTYP_T":0},"geometry":{"type":"LineString","coordinates":[[-74.264654080491,40.5288872766269],[-74.2647472860694,40.5287868304293],[-74.2648926950729,40.5284051382862],[-74.2648956815002,40.5283972990054],[-74.2650063709918,40.5281008866197],[-74.26510133627,40.5278438283486],[-74.2651095532521,40.5278215887688],[-74.265170017945,40.5276182439104],[-74.2651982657953,40.5274525635041],[-74.265203072374,40.5274243683473],[-74.2652288793648,40.5271734080349],[-74.2652270772375,40.5269680416796],[-74.2652226702988,40.5268083218921],[-74.2652057532313,40.5266561536539],[-74.265201514873,40.5266304438568],[-74.2651838055536,40.5265230252438],[-74.2651316293409,40.5263410556422]]}},{"type":"Feature","id":137529,"properties":{"OBJECTID":137529,"PRIMENAME":"Bruck Avenue","ELEVTYP_F":0,"ELEVTYP_T":0},"geometry":{"type":"LineString","coordinates":[[-74.2671296483922,40.5267417408658],[-74.2675393281309,40.5268886059771],[-74.2678139839268,40.5269862259258]]}},{"type":"Feature","id":137693,"properties":{"OBJECTID":137693,"PRIMENAME":"Paderewski Avenue","ELEVTYP_F":0,"ELEVTYP_T":0},"geometry":{"type":"LineString","coordinates":[[-74.2759126805672,40.523698054997],[-74.2745041681242,40.5234008467967],[-74.2744824914355,40.5233964940923]]}},{"type":"Feature","id":138014,"properties":{"OBJECTID":138014,"PRIMENAME":"Lee Avenue","ELEVTYP_F":0,"ELEVTYP_T":0},"geometry":{"type":"LineString","coordinates":[[-74.2822815398857,40.5282257550411],[-74.2825848908649,40.5268105598363],[-74.2826428907656,40.5266747310283]]}},{"type":"Feature","id":138085,"properties":{"OBJECTID":138085,"PRIMENAME":"Amboy Avenue","ELEVTYP_F":0,"ELEVTYP_T":0},"geometry":{"type":"LineString","coordinates":[[-74.2734719739259,40.5305110388138],[-74.2733783462332,40.5306334241488],[-74.2732505737544,40.5308200336057],[-74.2731511769756,40.530956380643],[-74.2730707283734,40.5310747838044],[-74.2730514506708,40.5311049151173]]}},{"type":"Feature","id":138111,"properties":{"OBJECTID":138111,"PRIMENAME":"Ida Way","ELEVTYP_F":0,"ELEVTYP_T":0},"geometry":{"type":"LineString","coordinates":[[-74.2894655623129,40.5361976742298],[-74.2895481278317,40.5364420022129],[-74.2895575033758,40.5364928037556],[-74.2895561009502,40.5365041382743],[-74.2895509684243,40.5365459917974],[-74.2895378723531,40.5366263910923],[-74.289518686128,40.5367441849653],[-74.2895100259516,40.5368095545926],[-74.2894959481238,40.5369158234548],[-74.2894922245393,40.5370826638216],[-74.2895043726285,40.537259196808],[-74.2895198620035,40.537380119561],[-74.2895544167124,40.5374793089217],[-74.2896301544838,40.53758343123],[-74.2899749169423,40.5378040793509],[-74.2907939777361,40.5383737759599],[-74.2910325797209,40.5385313596022],[-74.2911058768648,40.5385797683462]]}},{"type":"Feature","id":138249,"properties":{"OBJECTID":138249,"PRIMENAME":"Raritan Avenue","ELEVTYP_F":0,"ELEVTYP_T":0},"geometry":{"type":"LineString","coordinates":[[-74.2842933946768,40.5272216583752],[-74.283807071487,40.5281428066862],[-74.2837733046924,40.5281830420462],[-74.2837335979316,40.5282131918691],[-74.2836772985521,40.5282458629928]]}},{"type":"Feature","id":138383,"properties":{"OBJECTID":138383,"PRIMENAME":"Ashley Street","ELEVTYP_F":0,"ELEVTYP_T":0},"geometry":{"type":"LineString","coordinates":[[-74.2672102203394,40.5298022401618],[-74.2679285450632,40.5300581570086]]}},{"type":"Feature","id":138388,"properties":{"OBJECTID":138388,"PRIMENAME":"FR RAMP B105350 to RAMP 00000440__Z100360","ELEVTYP_F":0,"ELEVTYP_T":0},"geometry":{"type":"LineString","coordinates":[[-74.2763514518436,40.5289674849967],[-74.2764426936293,40.5289885883578],[-74.2765343984187,40.5290084890496],[-74.2766265389851,40.5290271811637],[-74.2767190879725,40.5290446591504],[-74.2768721009504,40.5290738360126],[-74.2770256072527,40.5291014631914],[-74.2771795799207,40.5291275358349],[-74.2773339919141,40.5291520493641]]}},{"type":"Feature","id":138391,"properties":{"OBJECTID":138391,"PRIMENAME":"Elm Street","ELEVTYP_F":0,"ELEVTYP_T":0},"geometry":{"type":"LineString","coordinates":[[-74.2745884838646,40.5086990754273],[-74.2748671366503,40.5080985464675],[-74.2754068464233,40.5069611104627],[-74.2758612059403,40.5060145676619],[-74.2760378555499,40.505626941207],[-74.2760656195035,40.5055728067959],[-74.2761071372984,40.5055247926878],[-74.2761703767083,40.5054662517419]]}},{"type":"Feature","id":138420,"properties":{"OBJECTID":138420,"PRIMENAME":"Cornell Street","ELEVTYP_F":0,"ELEVTYP_T":0},"geometry":{"type":"LineString","coordinates":[[-74.2776370647797,40.5185266448939],[-74.2776077476281,40.5180152829554],[-74.2776066697721,40.5177536159595]]}},{"type":"Feature","id":138518,"properties":{"OBJECTID":138518,"PRIMENAME":"Cedar Street","ELEVTYP_F":0,"ELEVTYP_T":0},"geometry":{"type":"LineString","coordinates":[[-74.2848287587491,40.5140868775959],[-74.2850852718901,40.5141473359116],[-74.2854142702472,40.5142271711142],[-74.2856958904095,40.5142872081663]]}},{"type":"Feature","id":138566,"properties":{"OBJECTID":138566,"PRIMENAME":"Keene Street","ELEVTYP_F":0,"ELEVTYP_T":0},"geometry":{"type":"LineString","coordinates":[[-74.2675377883239,40.5245644225853],[-74.2677203497648,40.524628531582],[-74.2691593331487,40.5251338263534]]}},{"type":"Feature","id":138663,"properties":{"OBJECTID":138663,"PRIMENAME":"Arnold Avenue","ELEVTYP_F":0,"ELEVTYP_T":0},"geometry":{"type":"LineString","coordinates":[[-74.2733686753874,40.5217023071133],[-74.2732425027629,40.5216755685333],[-74.2718889569547,40.5214045697504],[-74.2717687163096,40.5213791048509]]}},{"type":"Feature","id":138700,"properties":{"OBJECTID":138700,"PRIMENAME":"Hommann Avenue","ELEVTYP_F":0,"ELEVTYP_T":0},"geometry":{"type":"LineString","coordinates":[[-74.2821186237903,40.5257982712391],[-74.2817598365722,40.5265344934688],[-74.2817228395893,40.5265945413354]]}},{"type":"Feature","id":138857,"properties":{"OBJECTID":138857,"PRIMENAME":"Market Street","ELEVTYP_F":0,"ELEVTYP_T":0},"geometry":{"type":"LineString","coordinates":[[-74.2745884838646,40.5086990754273],[-74.2741764164989,40.5085853076743],[-74.2735129318575,40.5084021190018],[-74.2733579927919,40.5083597054041]]}},{"type":"Feature","id":138886,"properties":{"OBJECTID":138886,"PRIMENAME":"Kamm Street","ELEVTYP_F":0,"ELEVTYP_T":0},"geometry":{"type":"LineString","coordinates":[[-74.2807065028284,40.5254162793151],[-74.2808246461287,40.5254261662889],[-74.2808961180723,40.5254467208466],[-74.2812700951072,40.5255542743341]]}},{"type":"Feature","id":138938,"properties":{"OBJECTID":138938,"PRIMENAME":"Boggs Street","ELEVTYP_F":0,"ELEVTYP_T":0},"geometry":{"type":"LineString","coordinates":[[-74.2694931833216,40.5245847563457],[-74.2697728345737,40.5241249024506]]}},{"type":"Feature","id":138963,"properties":{"OBJECTID":138963,"PRIMENAME":"Convery Boulevard","ELEVTYP_F":0,"ELEVTYP_T":0},"geometry":{"type":"LineString","coordinates":[[-74.2791761628913,40.5324184047014],[-74.2791269748946,40.5326392648568],[-74.2789983936138,40.5332183754256]]}},{"type":"Feature","id":139183,"properties":{"OBJECTID":139183,"PRIMENAME":"McKeon Street","ELEVTYP_F":0,"ELEVTYP_T":0},"geometry":{"type":"LineString","coordinates":[[-74.2879613602324,40.523636571478],[-74.2876579608194,40.5244003380718],[-74.2876246329597,40.5245197171151]]}},{"type":"Feature","id":139239,"properties":{"OBJECTID":139239,"PRIMENAME":"FR NJ 440 SB to NJ 440 SB","ELEVTYP_F":0,"ELEVTYP_T":0},"geometry":{"type":"LineString","coordinates":[[-74.2764269585272,40.5288941562032],[-74.2766909382794,40.5289580097732],[-74.276956694018,40.5290174201642],[-74.2772948348003,40.5290782426111],[-74.2776350057259,40.5291320731192],[-74.277909425991,40.5291733349752],[-74.2781852620918,40.5292086761537],[-74.2784653678078,40.5292419569455],[-74.2787461136008,40.5292719343517],[-74.2790274325492,40.5292986012261],[-74.2793092575944,40.5293219512122]]}},{"type":"Feature","id":139253,"properties":{"OBJECTID":139253,"PRIMENAME":"Lee Avenue","ELEVTYP_F":0,"ELEVTYP_T":0},"geometry":{"type":"LineString","coordinates":[[-74.2826428907656,40.5266747310283],[-74.2826744271499,40.5266007543094],[-74.2829662048101,40.5260254877507]]}},{"type":"Feature","id":139314,"properties":{"OBJECTID":139314,"PRIMENAME":"Chamberlain Avenue","ELEVTYP_F":0,"ELEVTYP_T":0},"geometry":{"type":"LineString","coordinates":[[-74.2803084514037,40.5341736744636],[-74.2796413930732,40.5340884317317],[-74.2790627912056,40.5340143887832]]}},{"type":"Feature","id":139325,"properties":{"OBJECTID":139325,"PRIMENAME":"Inslee Street","ELEVTYP_F":0,"ELEVTYP_T":0},"geometry":{"type":"LineString","coordinates":[[-74.2678053557259,40.5321445259283],[-74.2684514476416,40.5322069280902]]}},{"type":"Feature","id":139349,"properties":{"OBJECTID":139349,"PRIMENAME":"Amboy Avenue","ELEVTYP_F":0,"ELEVTYP_T":0},"geometry":{"type":"LineString","coordinates":[[-74.2757255340487,40.5187478592871],[-74.2757431610791,40.5191142842943],[-74.2757501314713,40.519235632227]]}},{"type":"Feature","id":139492,"properties":{"OBJECTID":139492,"PRIMENAME":"Raritan Avenue","ELEVTYP_F":0,"ELEVTYP_T":0},"geometry":{"type":"LineString","coordinates":[[-74.2851571875815,40.5255792451358],[-74.2846475236157,40.5265508637251],[-74.28445167461,40.5269218306404]]}},{"type":"Feature","id":139781,"properties":{"OBJECTID":139781,"PRIMENAME":"Pulaski Avenue","ELEVTYP_F":0,"ELEVTYP_T":0},"geometry":{"type":"LineString","coordinates":[[-74.2656329450555,40.5245418265521],[-74.2654691751271,40.5245261764147],[-74.2651048199059,40.5244855169491],[-74.2649203165277,40.5244649271766]]}},{"type":"Feature","id":140089,"properties":{"OBJECTID":140089,"PRIMENAME":"Chauncey Street","ELEVTYP_F":0,"ELEVTYP_T":0},"geometry":{"type":"LineString","coordinates":[[-74.2640582712579,40.5232369420637],[-74.2633239819178,40.523023301309],[-74.2628525603072,40.5228861374426],[-74.2620691699825,40.5226582003479]]}},{"type":"Feature","id":140158,"properties":{"OBJECTID":140158,"PRIMENAME":"Hommann Avenue","ELEVTYP_F":0,"ELEVTYP_T":0},"geometry":{"type":"LineString","coordinates":[[-74.2834562105766,40.5230533077309],[-74.2834210486127,40.5231254928717],[-74.2828001773506,40.5243996816269]]}},{"type":"Feature","id":140412,"properties":{"OBJECTID":140412,"PRIMENAME":"State Highway 440","ELEVTYP_F":0,"ELEVTYP_T":0},"geometry":{"type":"LineString","coordinates":[[-74.289135646675,40.525034118918],[-74.2892314465119,40.5249074655664]]}},{"type":"Feature","id":140497,"properties":{"OBJECTID":140497,"PRIMENAME":"Fayette Street","ELEVTYP_F":0,"ELEVTYP_T":0},"geometry":{"type":"LineString","coordinates":[[-74.2860710941833,40.5155719613095],[-74.2859017520266,40.515526380297],[-74.2854820593326,40.5154156054924],[-74.2852018555708,40.5153385234606]]}},{"type":"Feature","id":141074,"properties":{"OBJECTID":141074,"PRIMENAME":"New Brunswick Avenue","ELEVTYP_F":0,"ELEVTYP_T":0},"geometry":{"type":"LineString","coordinates":[[-74.2771445049404,40.5161517983407],[-74.2770306838768,40.5160801508378],[-74.2766605964253,40.515852496703],[-74.2761895636368,40.5155545364843],[-74.2757766798959,40.5152941019893],[-74.2755478222021,40.5151501704576]]}},{"type":"Feature","id":141954,"properties":{"OBJECTID":141954,"PRIMENAME":"Davidson Avenue","ELEVTYP_F":0,"ELEVTYP_T":0},"geometry":{"type":"LineString","coordinates":[[-74.2778673019053,40.5113688810039],[-74.2786263061672,40.5098166527142]]}},{"type":"Feature","id":142284,"properties":{"OBJECTID":142284,"PRIMENAME":"Cornell Street","ELEVTYP_F":0,"ELEVTYP_T":0},"geometry":{"type":"LineString","coordinates":[[-74.2776066697721,40.5177536159595],[-74.2779559349974,40.517090077823]]}},{"type":"Feature","id":142288,"properties":{"OBJECTID":142288,"PRIMENAME":"Gordon Street","ELEVTYP_F":0,"ELEVTYP_T":0},"geometry":{"type":"LineString","coordinates":[[-74.2740806689486,40.5069148783077],[-74.2740129419283,40.5068952283381],[-74.2728914107735,40.5065700656761],[-74.2728422242248,40.5065557768785]]}},{"type":"Feature","id":142891,"properties":{"OBJECTID":142891,"PRIMENAME":"Sayre Avenue","ELEVTYP_F":0,"ELEVTYP_T":0},"geometry":{"type":"LineString","coordinates":[[-74.2862207299836,40.5196243380885],[-74.2854836587105,40.5192251494539]]}},{"type":"Feature","id":143050,"properties":{"OBJECTID":143050,"PRIMENAME":"Krochmally Avenue","ELEVTYP_F":0,"ELEVTYP_T":0},"geometry":{"type":"LineString","coordinates":[[-74.2794558623288,40.5269184703142],[-74.2788092165063,40.5271460124468],[-74.2785079770488,40.5272502440659]]}},{"type":"Feature","id":143160,"properties":{"OBJECTID":143160,"PRIMENAME":"Florida Grove Road","ELEVTYP_F":0,"ELEVTYP_T":0},"geometry":{"type":"LineString","coordinates":[[-74.2900452086219,40.5226725576068],[-74.2900034753487,40.5229047464202],[-74.2899649684348,40.5230942270118],[-74.2899522008574,40.5231309043763]]}},{"type":"Feature","id":143222,"properties":{"OBJECTID":143222,"PRIMENAME":"Smith Street","ELEVTYP_F":0,"ELEVTYP_T":0},"geometry":{"type":"LineString","coordinates":[[-74.2815926598147,40.5124026305805],[-74.2814270437479,40.5123540311266]]}},{"type":"Feature","id":144116,"properties":{"OBJECTID":144116,"PRIMENAME":"May Street","ELEVTYP_F":0,"ELEVTYP_T":0},"geometry":{"type":"LineString","coordinates":[[-74.29090569046,40.5250538879621],[-74.2897316628421,40.5247702458595],[-74.289726414728,40.5247689736303]]}},{"type":"Feature","id":144405,"properties":{"OBJECTID":144405,"PRIMENAME":"Sherman Street","ELEVTYP_F":0,"ELEVTYP_T":0},"geometry":{"type":"LineString","coordinates":[[-74.2821265701433,40.5077757979379],[-74.2815677651579,40.508945758994]]}},{"type":"Feature","id":144745,"properties":{"OBJECTID":144745,"PRIMENAME":"Cornell Street","ELEVTYP_F":0,"ELEVTYP_T":0},"geometry":{"type":"LineString","coordinates":[[-74.2776737173721,40.5193000982442],[-74.2776469281906,40.5186985091203],[-74.2776370647797,40.5185266448939]]}},{"type":"Feature","id":144767,"properties":{"OBJECTID":144767,"PRIMENAME":"Amboy Avenue","ELEVTYP_F":0,"ELEVTYP_T":0},"geometry":{"type":"LineString","coordinates":[[-74.2758450730924,40.5199871832986],[-74.2758857795756,40.5201206749603],[-74.2759353910088,40.5202806191]]}},{"type":"Feature","id":144783,"properties":{"OBJECTID":144783,"PRIMENAME":"Florida Grove Road","ELEVTYP_F":0,"ELEVTYP_T":0},"geometry":{"type":"LineString","coordinates":[[-74.2903127843738,40.518386375135],[-74.2903724512388,40.5185855042184],[-74.2904160517771,40.5187574285712],[-74.2904465618829,40.5188821398509],[-74.290465929991,40.5190388113231],[-74.2904765331666,40.5191803417471],[-74.2904878875423,40.5192924950393]]}},{"type":"Feature","id":144854,"properties":{"OBJECTID":144854,"PRIMENAME":"Unnamed Segment","ELEVTYP_F":0,"ELEVTYP_T":0},"geometry":{"type":"LineString","coordinates":[[-74.2604446990981,40.5210798403906],[-74.260655287412,40.5207677598891],[-74.2608583426048,40.5204255986436],[-74.2610980015191,40.5204921535974]]}},{"type":"Feature","id":145003,"properties":{"OBJECTID":145003,"PRIMENAME":"Wayne Street","ELEVTYP_F":0,"ELEVTYP_T":0},"geometry":{"type":"LineString","coordinates":[[-74.2655251912433,40.5220161545487],[-74.2648609225848,40.5218827097468],[-74.2646172091668,40.5218313740518]]}},{"type":"Feature","id":145218,"properties":{"OBJECTID":145218,"PRIMENAME":"Brighton Avenue","ELEVTYP_F":0,"ELEVTYP_T":0},"geometry":{"type":"LineString","coordinates":[[-74.271654318721,40.5034085090812],[-74.2714465039585,40.5038498439792],[-74.2713969667637,40.5039499429283]]}},{"type":"Feature","id":145316,"properties":{"OBJECTID":145316,"PRIMENAME":"Parker Street","ELEVTYP_F":0,"ELEVTYP_T":0},"geometry":{"type":"LineString","coordinates":[[-74.2620691699825,40.5226582003479],[-74.2618406314146,40.5231266231423],[-74.2615478293817,40.5237304392278],[-74.2614819210924,40.52386388062]]}},{"type":"Feature","id":145328,"properties":{"OBJECTID":145328,"PRIMENAME":"Eagle Avenue","ELEVTYP_F":0,"ELEVTYP_T":0},"geometry":{"type":"LineString","coordinates":[[-74.2726419543226,40.5237704790508],[-74.2728592285461,40.5238144435607],[-74.2737550220205,40.5239961345143],[-74.2742404960453,40.5240945994138]]}},{"type":"Feature","id":145590,"properties":{"OBJECTID":145590,"PRIMENAME":"Chamberlain Avenue","ELEVTYP_F":0,"ELEVTYP_T":0},"geometry":{"type":"LineString","coordinates":[[-74.2790627912056,40.5340143887832],[-74.2788280362118,40.5339843478193]]}},{"type":"Feature","id":145816,"properties":{"OBJECTID":145816,"PRIMENAME":"Garretson Avenue","ELEVTYP_F":0,"ELEVTYP_T":0},"geometry":{"type":"LineString","coordinates":[[-74.2676316416026,40.5314398079732],[-74.2685329887986,40.5317631243038]]}},{"type":"Feature","id":145819,"properties":{"OBJECTID":145819,"PRIMENAME":"State Highway 440","ELEVTYP_F":1,"ELEVTYP_T":1},"geometry":{"type":"LineString","coordinates":[[-74.2594884189855,40.5246729590131],[-74.2603976093542,40.5247731260103],[-74.2610029883901,40.5248399948547],[-74.2619146847053,40.5249406945744],[-74.2619548071593,40.5249450489082],[-74.2627229275899,40.5250284074308],[-74.2632912802766,40.5250900843994],[-74.263507128431,40.5251134599186],[-74.2644009839552,40.5252102551293],[-74.264643681765,40.5252365265444]]}},{"type":"Feature","id":146342,"properties":{"OBJECTID":146342,"PRIMENAME":"Paterson Street","ELEVTYP_F":0,"ELEVTYP_T":0},"geometry":{"type":"LineString","coordinates":[[-74.2713969667637,40.5039499429283],[-74.2702498911567,40.50361454757]]}},{"type":"Feature","id":146524,"properties":{"OBJECTID":146524,"PRIMENAME":"High Street","ELEVTYP_F":0,"ELEVTYP_T":0},"geometry":{"type":"LineString","coordinates":[[-74.2662073979334,40.5059781192796],[-74.2662777008467,40.505836024989]]}},{"type":"Feature","id":146821,"properties":{"OBJECTID":146821,"PRIMENAME":"Lewis Street","ELEVTYP_F":0,"ELEVTYP_T":0},"geometry":{"type":"LineString","coordinates":[[-74.2708422596686,40.5016407417836],[-74.2713785981657,40.5017338475796],[-74.2718214503407,40.5018233088243]]}},{"type":"Feature","id":146932,"properties":{"OBJECTID":146932,"PRIMENAME":"Lewis Street","ELEVTYP_F":0,"ELEVTYP_T":0},"geometry":{"type":"LineString","coordinates":[[-74.2691185388217,40.5013501152112],[-74.2696942455367,40.5014447628866]]}},{"type":"Feature","id":147411,"properties":{"OBJECTID":147411,"PRIMENAME":"Columbus Circle","ELEVTYP_F":0,"ELEVTYP_T":0},"geometry":{"type":"LineString","coordinates":[[-74.2862124125307,40.5285040102275],[-74.2862051377197,40.5284384428558],[-74.2862039398288,40.52835111858],[-74.2862294415235,40.5282396870907],[-74.2863204908615,40.5281168740181],[-74.2864063450384,40.5280324557928],[-74.286522477869,40.5279634662421],[-74.2866183773704,40.5279213958714],[-74.2867796339794,40.5278832619927],[-74.2869307301517,40.5278720387948],[-74.2870868873903,40.5278876715074],[-74.2872731177924,40.5279379479463],[-74.2882040945696,40.5282125776941]]}},{"type":"Feature","id":147789,"properties":{"OBJECTID":147789,"PRIMENAME":"Shannon Avenue","ELEVTYP_F":0,"ELEVTYP_T":0},"geometry":{"type":"LineString","coordinates":[[-74.2857420117406,40.5347893951268],[-74.2860576600268,40.5350717380212],[-74.2867589378531,40.5357062218474],[-74.2874602510849,40.5363568424308]]}},{"type":"Feature","id":148388,"properties":{"OBJECTID":148388,"PRIMENAME":"Smith Street","ELEVTYP_F":0,"ELEVTYP_T":0},"geometry":{"type":"LineString","coordinates":[[-74.2677941578994,40.5085651126929],[-74.2674744543968,40.5084736332674],[-74.2669433200227,40.5083241810348],[-74.2667086018837,40.5082581353069]]}},{"type":"Feature","id":148746,"properties":{"OBJECTID":148746,"PRIMENAME":"Smith Street","ELEVTYP_F":0,"ELEVTYP_T":0},"geometry":{"type":"LineString","coordinates":[[-74.2640616223961,40.5075147891979],[-74.26334207973,40.5073123253074],[-74.2628850881393,40.5071837351084],[-74.2627630073012,40.5071478799656]]}},{"type":"Feature","id":149056,"properties":{"OBJECTID":149056,"PRIMENAME":"State Highway 440","ELEVTYP_F":0,"ELEVTYP_T":0},"geometry":{"type":"LineString","coordinates":[[-74.2750811222992,40.5283143571904],[-74.2755664175823,40.5284816266923],[-74.2759266814088,40.5286002836184],[-74.2761607174658,40.5286722199395],[-74.2763479246808,40.5287190574617],[-74.2765351203058,40.5287694629401],[-74.2767270292728,40.5288198502036],[-74.2768393351797,40.5288451027648],[-74.2769892008907,40.5288811334587],[-74.2772840616764,40.5289460474107],[-74.2775977384555,40.5290002631599],[-74.2777896724087,40.5290328054937],[-74.2779348367726,40.5290544960519],[-74.2781502024944,40.5290835415517],[-74.2783983789393,40.5291125946396],[-74.2785529081385,40.5291307611171],[-74.2787923863942,40.5291510144037],[-74.2790322757248,40.5291682040662],[-74.2792725088088,40.5291823252806],[-74.2795130182281,40.5291933740837],[-74.2796959285266,40.5291989813637],[-74.2798789403205,40.5292021152212]]}},{"type":"Feature","id":149192,"properties":{"OBJECTID":149192,"PRIMENAME":"William Street","ELEVTYP_F":0,"ELEVTYP_T":0},"geometry":{"type":"LineString","coordinates":[[-74.2646976294791,40.5149009341303],[-74.2653930510198,40.5151062557466]]}},{"type":"Feature","id":149287,"properties":{"OBJECTID":149287,"PRIMENAME":"Bingle Street","ELEVTYP_F":0,"ELEVTYP_T":0},"geometry":{"type":"LineString","coordinates":[[-74.2868114194749,40.5260945207302],[-74.2859921762506,40.5258322469374]]}},{"type":"Feature","id":149595,"properties":{"OBJECTID":149595,"PRIMENAME":"Unnamed Segment","ELEVTYP_F":0,"ELEVTYP_T":0},"geometry":{"type":"LineString","coordinates":[[-74.2599273856941,40.5208457483474],[-74.259754227278,40.5206968434649],[-74.2598520821619,40.5205801958363],[-74.2600516320512,40.5201722171485]]}},{"type":"Feature","id":149640,"properties":{"OBJECTID":149640,"PRIMENAME":"Wayne Street","ELEVTYP_F":0,"ELEVTYP_T":0},"geometry":{"type":"LineString","coordinates":[[-74.2664363896277,40.5221982172167],[-74.26621911902,40.5221555852687],[-74.2655251912433,40.5220161545487]]}},{"type":"Feature","id":149969,"properties":{"OBJECTID":149969,"PRIMENAME":"Hidden Village Drive","ELEVTYP_F":0,"ELEVTYP_T":0},"geometry":{"type":"LineString","coordinates":[[-74.272317166554,40.5145530488592],[-74.2720875881033,40.5145872759157],[-74.27197631076,40.5145731849154],[-74.2715654478482,40.5144683364525],[-74.2719956197122,40.5135675368049],[-74.2724012664775,40.5131845361433]]}},{"type":"Feature","id":150230,"properties":{"OBJECTID":150230,"PRIMENAME":"Rector Street","ELEVTYP_F":0,"ELEVTYP_T":0},"geometry":{"type":"LineString","coordinates":[[-74.2621197592152,40.5115007090963],[-74.2625890860142,40.5105532613031]]}},{"type":"Feature","id":150686,"properties":{"OBJECTID":150686,"PRIMENAME":"State Highway 440","ELEVTYP_F":0,"ELEVTYP_T":0},"geometry":{"type":"LineString","coordinates":[[-74.2831870498457,40.5288397008771],[-74.2833917559824,40.5287889722902],[-74.2835951700603,40.5287353032085],[-74.2837972195347,40.5286787127731],[-74.2839978323478,40.5286192211669],[-74.2842056903055,40.528553271781],[-74.2844123267789,40.5284851244722],[-74.28461770185,40.5284147924065],[-74.2848217758449,40.5283422891717],[-74.2848325456415,40.5283383887985],[-74.285003446386,40.5282672595963],[-74.2851730171407,40.5281943008501],[-74.2853412242686,40.5281195270343],[-74.2855080344038,40.5280429529831],[-74.2856606894008,40.5279720002729]]}},{"type":"Feature","id":151155,"properties":{"OBJECTID":151155,"PRIMENAME":"Gordon Street","ELEVTYP_F":0,"ELEVTYP_T":0},"geometry":{"type":"LineString","coordinates":[[-74.2815677651579,40.508945758994],[-74.2806791850653,40.5086968496016]]}},{"type":"Feature","id":151256,"properties":{"OBJECTID":151256,"PRIMENAME":"Penn Street","ELEVTYP_F":0,"ELEVTYP_T":0},"geometry":{"type":"LineString","coordinates":[[-74.270890438967,40.5189861208053],[-74.2709490369372,40.5188272121821],[-74.2711273415944,40.5183095611353]]}},{"type":"Feature","id":151270,"properties":{"OBJECTID":151270,"PRIMENAME":"Lewis Street","ELEVTYP_F":0,"ELEVTYP_T":0},"geometry":{"type":"LineString","coordinates":[[-74.2747650449458,40.5026653862332],[-74.2760077360234,40.5030160203646]]}},{"type":"Feature","id":151275,"properties":{"OBJECTID":151275,"PRIMENAME":"Vincent Place","ELEVTYP_F":0,"ELEVTYP_T":0},"geometry":{"type":"LineString","coordinates":[[-74.2888303484696,40.5215107786033],[-74.2885846886802,40.5214552353197],[-74.2876466529766,40.5212239957611]]}},{"type":"Feature","id":151306,"properties":{"OBJECTID":151306,"PRIMENAME":"Florida Grove Road","ELEVTYP_F":0,"ELEVTYP_T":0},"geometry":{"type":"LineString","coordinates":[[-74.2896578658771,40.5260866969666],[-74.2897227703538,40.5264876571635],[-74.2897631928523,40.5267334190514]]}},{"type":"Feature","id":151339,"properties":{"OBJECTID":151339,"PRIMENAME":"Colgate Avenue","ELEVTYP_F":0,"ELEVTYP_T":0},"geometry":{"type":"LineString","coordinates":[[-74.2841672229465,40.5293431505915],[-74.2844519391397,40.528736956959]]}},{"type":"Feature","id":152328,"properties":{"OBJECTID":152328,"PRIMENAME":"Lewis Street","ELEVTYP_F":0,"ELEVTYP_T":0},"geometry":{"type":"LineString","coordinates":[[-74.2684086386682,40.5011994702071],[-74.2685296579235,40.5012491248606],[-74.2686198203711,40.5012681096779],[-74.2691185388217,40.5013501152112]]}},{"type":"Feature","id":153018,"properties":{"OBJECTID":153018,"PRIMENAME":"Rector Street","ELEVTYP_F":0,"ELEVTYP_T":0},"geometry":{"type":"LineString","coordinates":[[-74.2625890860142,40.5105532613031],[-74.2631111537762,40.5095163465656],[-74.2632522785336,40.5092212059006]]}},{"type":"Feature","id":153087,"properties":{"OBJECTID":153087,"PRIMENAME":"Gornik Drive","ELEVTYP_F":0,"ELEVTYP_T":0},"geometry":{"type":"LineString","coordinates":[[-74.2832271103419,40.5370173856122],[-74.2831069458244,40.5368917093151],[-74.283058505573,40.5367944138879],[-74.2830475193807,40.5367200277267],[-74.2830515011781,40.5366456975873],[-74.2830892687977,40.5365599839275],[-74.2831644548753,40.5364857874277],[-74.283504238627,40.5362219333995]]}},{"type":"Feature","id":153093,"properties":{"OBJECTID":153093,"PRIMENAME":"Brace Avenue","ELEVTYP_F":0,"ELEVTYP_T":0},"geometry":{"type":"LineString","coordinates":[[-74.2861581627115,40.5236700608813],[-74.2867445456797,40.5240392102206],[-74.2868969028956,40.5241271979857]]}},{"type":"Feature","id":153320,"properties":{"OBJECTID":153320,"PRIMENAME":"Hommann Avenue","ELEVTYP_F":0,"ELEVTYP_T":0},"geometry":{"type":"LineString","coordinates":[[-74.2813602515525,40.5280989202848],[-74.2813572226029,40.5281124482705],[-74.2812703712727,40.5285012393271]]}},{"type":"Feature","id":153461,"properties":{"OBJECTID":153461,"PRIMENAME":"Convery Boulevard","ELEVTYP_F":0,"ELEVTYP_T":0},"geometry":{"type":"LineString","coordinates":[[-74.2794615487508,40.5311032323121],[-74.2794281094344,40.5312576204692],[-74.2793428577108,40.5316589586291]]}},{"type":"Feature","id":153467,"properties":{"OBJECTID":153467,"PRIMENAME":"Court Avenue","ELEVTYP_F":0,"ELEVTYP_T":0},"geometry":{"type":"LineString","coordinates":[[-74.2892953802472,40.5252727684822],[-74.2891735555309,40.5254385435753],[-74.2889514905805,40.5257469911713],[-74.2888422372312,40.525929780991],[-74.288748012481,40.5261040341144],[-74.2886043084579,40.5263784130178],[-74.2885594901342,40.5264639860489],[-74.288540625897,40.5265082713834]]}},{"type":"Feature","id":153528,"properties":{"OBJECTID":153528,"PRIMENAME":"Pfeiffer Boulevard","ELEVTYP_F":0,"ELEVTYP_T":0},"geometry":{"type":"LineString","coordinates":[[-74.277358853366,40.528370842487],[-74.2768060926773,40.5283032621579],[-74.27659982859,40.5282750558213],[-74.2762107528808,40.5282202788729]]}},{"type":"Feature","id":153812,"properties":{"OBJECTID":153812,"PRIMENAME":"Harrington Street","ELEVTYP_F":0,"ELEVTYP_T":0},"geometry":{"type":"LineString","coordinates":[[-74.2801394356199,40.5238324224269],[-74.2792762925044,40.5237214939328]]}},{"type":"Feature","id":153980,"properties":{"OBJECTID":153980,"PRIMENAME":"Miller Street","ELEVTYP_F":0,"ELEVTYP_T":0},"geometry":{"type":"LineString","coordinates":[[-74.2644695653331,40.5169948457358],[-74.264692601553,40.5165450868426]]}},{"type":"Feature","id":154050,"properties":{"OBJECTID":154050,"PRIMENAME":"Paterson Street","ELEVTYP_F":0,"ELEVTYP_T":0},"geometry":{"type":"LineString","coordinates":[[-74.2803532178053,40.5072899304161],[-74.2795177403367,40.5070559994683],[-74.2793300646807,40.5070034497546]]}},{"type":"Feature","id":154061,"properties":{"OBJECTID":154061,"PRIMENAME":"Dillon Lane","ELEVTYP_F":0,"ELEVTYP_T":0},"geometry":{"type":"LineString","coordinates":[[-74.2707044103865,40.5053501226628],[-74.2695612253018,40.50501728064]]}},{"type":"Feature","id":154157,"properties":{"OBJECTID":154157,"PRIMENAME":"High Street","ELEVTYP_F":0,"ELEVTYP_T":0},"geometry":{"type":"LineString","coordinates":[[-74.2628347045299,40.5127879660167],[-74.2631653568305,40.5121122465902],[-74.2632987308699,40.5118442107624]]}},{"type":"Feature","id":154159,"properties":{"OBJECTID":154159,"PRIMENAME":"Silzer Street","ELEVTYP_F":0,"ELEVTYP_T":0},"geometry":{"type":"LineString","coordinates":[[-74.2826234070682,40.5146313629173],[-74.282338014312,40.5152380737469]]}},{"type":"Feature","id":154174,"properties":{"OBJECTID":154174,"PRIMENAME":"Florida Grove Road","ELEVTYP_F":0,"ELEVTYP_T":0},"geometry":{"type":"LineString","coordinates":[[-74.2895866528334,40.524932289343],[-74.2892953802472,40.5252727684822]]}},{"type":"Feature","id":154203,"properties":{"OBJECTID":154203,"PRIMENAME":"Rector Street","ELEVTYP_F":0,"ELEVTYP_T":0},"geometry":{"type":"LineString","coordinates":[[-74.2668393193523,40.5017197009807],[-74.26709425688,40.5012086874292],[-74.2672717783563,40.5008709005323],[-74.2672782938092,40.5008584777428]]}},{"type":"Feature","id":154215,"properties":{"OBJECTID":154215,"PRIMENAME":"Market Street","ELEVTYP_F":0,"ELEVTYP_T":0},"geometry":{"type":"LineString","coordinates":[[-74.2727216382493,40.508185347428],[-74.2721115955957,40.5080164470155]]}},{"type":"Feature","id":154733,"properties":{"OBJECTID":154733,"PRIMENAME":"Bud Court","ELEVTYP_F":0,"ELEVTYP_T":0},"geometry":{"type":"LineString","coordinates":[[-74.2832271103419,40.5370173856122],[-74.2824793870488,40.5373995549188]]}},{"type":"Feature","id":155185,"properties":{"OBJECTID":155185,"PRIMENAME":"Harrison Place","ELEVTYP_F":0,"ELEVTYP_T":0},"geometry":{"type":"LineString","coordinates":[[-74.2687257023258,40.5038720741882],[-74.2697220028069,40.5041489333589],[-74.2699376401563,40.5042108812851],[-74.2699556759041,40.5042160507804]]}},{"type":"Feature","id":155367,"properties":{"OBJECTID":155367,"PRIMENAME":"Carlock Avenue","ELEVTYP_F":0,"ELEVTYP_T":0},"geometry":{"type":"LineString","coordinates":[[-74.2855787697459,40.5284470549561],[-74.2855262947826,40.5285783662026],[-74.2852780099801,40.5290111668351],[-74.2851662216353,40.5292282352065]]}},{"type":"Feature","id":155655,"properties":{"OBJECTID":155655,"PRIMENAME":"State Street","ELEVTYP_F":0,"ELEVTYP_T":0},"geometry":{"type":"LineString","coordinates":[[-74.2702498911567,40.50361454757],[-74.2699556759041,40.5042160507804]]}},{"type":"Feature","id":155700,"properties":{"OBJECTID":155700,"PRIMENAME":"Pfeiffer Boulevard","ELEVTYP_F":0,"ELEVTYP_T":0},"geometry":{"type":"LineString","coordinates":[[-74.2762107528808,40.5282202788729],[-74.2760940846302,40.5281982288807]]}},{"type":"Feature","id":155736,"properties":{"OBJECTID":155736,"PRIMENAME":"Jefferson Street","ELEVTYP_F":0,"ELEVTYP_T":0},"geometry":{"type":"LineString","coordinates":[[-74.2673774039786,40.5094151532901],[-74.2648656039639,40.508701772574]]}},{"type":"Feature","id":156390,"properties":{"OBJECTID":156390,"PRIMENAME":"Unnamed Segment","ELEVTYP_F":0,"ELEVTYP_T":0},"geometry":{"type":"LineString","coordinates":[[-74.2616550296139,40.5191842594127],[-74.2614544690487,40.5191467919403],[-74.2614162772078,40.519122811332],[-74.2614305346363,40.519027237317],[-74.2613374245716,40.5187880319187],[-74.2612509199135,40.5186497590473],[-74.2614390482921,40.5185890669884],[-74.2614807294523,40.5186103979409],[-74.2616329504217,40.5188630022336],[-74.2616550296139,40.5191842594127]]}},{"type":"Feature","id":156429,"properties":{"OBJECTID":156429,"PRIMENAME":"South Charles Street","ELEVTYP_F":0,"ELEVTYP_T":0},"geometry":{"type":"LineString","coordinates":[[-74.2911811754953,40.5244060443523],[-74.29090569046,40.5250538879621]]}},{"type":"Feature","id":156653,"properties":{"OBJECTID":156653,"PRIMENAME":"Myrtle Street","ELEVTYP_F":0,"ELEVTYP_T":0},"geometry":{"type":"LineString","coordinates":[[-74.2742206102842,40.5255933670764],[-74.2734875282852,40.5253355103801],[-74.273414292984,40.5253090225584],[-74.2727580706858,40.5250716732876]]}},{"type":"Feature","id":156752,"properties":{"OBJECTID":156752,"PRIMENAME":"New Brunswick Avenue","ELEVTYP_F":0,"ELEVTYP_T":0},"geometry":{"type":"LineString","coordinates":[[-74.288500144367,40.5223051614854],[-74.2883087318141,40.5222602578414],[-74.287984014769,40.5221894973293],[-74.287827847439,40.5221471279702],[-74.2877512569213,40.5221259045251],[-74.2877092809272,40.5221131447794]]}},{"type":"Feature","id":156782,"properties":{"OBJECTID":156782,"PRIMENAME":"Thomas Street","ELEVTYP_F":0,"ELEVTYP_T":0},"geometry":{"type":"LineString","coordinates":[[-74.2675508632213,40.5306825702239],[-74.2673920529285,40.5306324820431]]}},{"type":"Feature","id":156858,"properties":{"OBJECTID":156858,"PRIMENAME":"Penn Street","ELEVTYP_F":0,"ELEVTYP_T":0},"geometry":{"type":"LineString","coordinates":[[-74.2697032513817,40.5224355283111],[-74.2699357680871,40.5217547631392],[-74.2699394382877,40.5217441187243]]}},{"type":"Feature","id":156883,"properties":{"OBJECTID":156883,"PRIMENAME":"Market Street","ELEVTYP_F":0,"ELEVTYP_T":0},"geometry":{"type":"LineString","coordinates":[[-74.2733579927919,40.5083597054041],[-74.2728047838621,40.5082083779057],[-74.2727216382493,40.508185347428]]}},{"type":"Feature","id":157028,"properties":{"OBJECTID":157028,"PRIMENAME":"Harding Avenue","ELEVTYP_F":0,"ELEVTYP_T":0},"geometry":{"type":"LineString","coordinates":[[-74.2784106339318,40.5277071741392],[-74.2775130346899,40.5275909500056]]}},{"type":"Feature","id":157244,"properties":{"OBJECTID":157244,"PRIMENAME":"Florida Grove Road","ELEVTYP_F":0,"ELEVTYP_T":0},"geometry":{"type":"LineString","coordinates":[[-74.290721093469,40.5235777236839],[-74.2902325777002,40.5241773600613]]}},{"type":"Feature","id":157248,"properties":{"OBJECTID":157248,"PRIMENAME":"New Brunswick Avenue","ELEVTYP_F":0,"ELEVTYP_T":0},"geometry":{"type":"LineString","coordinates":[[-74.2781259501117,40.5167671121118],[-74.2779207717999,40.5166385477586],[-74.2775261728344,40.5163921828801],[-74.2771445049404,40.5161517983407]]}},{"type":"Feature","id":157278,"properties":{"OBJECTID":157278,"PRIMENAME":"Pulaski Avenue","ELEVTYP_F":0,"ELEVTYP_T":0},"geometry":{"type":"LineString","coordinates":[[-74.2623135838691,40.5241003021955],[-74.2625027242119,40.5241535344795],[-74.2628226507664,40.5242313843209],[-74.2629250977033,40.5242534455627]]}},{"type":"Feature","id":157583,"properties":{"OBJECTID":157583,"PRIMENAME":"FR RT 184 WB to RT 184 EB","ELEVTYP_F":1,"ELEVTYP_T":0},"geometry":{"type":"LineString","coordinates":[[-74.2832736407075,40.5289414044579],[-74.2832589439364,40.5289220284572],[-74.2832445401526,40.5289025247794],[-74.2832304312609,40.5288828960037],[-74.2832166191268,40.5288631447259]]}},{"type":"Feature","id":158133,"properties":{"OBJECTID":158133,"PRIMENAME":"Fayette Street","ELEVTYP_F":0,"ELEVTYP_T":0},"geometry":{"type":"LineString","coordinates":[[-74.2740768123024,40.5122977575575],[-74.2736974537165,40.5121942922452],[-74.2732019031846,40.5120540060529]]}},{"type":"Feature","id":158248,"properties":{"OBJECTID":158248,"PRIMENAME":"Pine Street","ELEVTYP_F":0,"ELEVTYP_T":0},"geometry":{"type":"LineString","coordinates":[[-74.2703218986601,40.5293943662565],[-74.2703933413999,40.5292591467974],[-74.2706968241082,40.5287673031171]]}},{"type":"Feature","id":158304,"properties":{"OBJECTID":158304,"PRIMENAME":"Carson Avenue","ELEVTYP_F":0,"ELEVTYP_T":0},"geometry":{"type":"LineString","coordinates":[[-74.2819522681427,40.5241582162061],[-74.2823212879269,40.5234235776317],[-74.2826216515798,40.5227927113421]]}},{"type":"Feature","id":158604,"properties":{"OBJECTID":158604,"PRIMENAME":"Clark Avenue","ELEVTYP_F":0,"ELEVTYP_T":0},"geometry":{"type":"LineString","coordinates":[[-74.2788046097747,40.5367863488542],[-74.2784141490991,40.5367283614858],[-74.2782349600229,40.5367017500781]]}},{"type":"Feature","id":158613,"properties":{"OBJECTID":158613,"PRIMENAME":"Pulaski Avenue","ELEVTYP_F":0,"ELEVTYP_T":0},"geometry":{"type":"LineString","coordinates":[[-74.2629250977033,40.5242534455627],[-74.2630036772487,40.5242703521105],[-74.2631659385603,40.5242850686997]]}},{"type":"Feature","id":158678,"properties":{"OBJECTID":158678,"PRIMENAME":"State Street","ELEVTYP_F":0,"ELEVTYP_T":0},"geometry":{"type":"LineString","coordinates":[[-74.2648463613376,40.5254730736499],[-74.2647728162494,40.5252505150424]]}},{"type":"Feature","id":159175,"properties":{"OBJECTID":159175,"PRIMENAME":"Jacques Street","ELEVTYP_F":0,"ELEVTYP_T":0},"geometry":{"type":"LineString","coordinates":[[-74.2736092728757,40.5210135887328],[-74.2738443551491,40.5203266440162]]}},{"type":"Feature","id":159470,"properties":{"OBJECTID":159470,"PRIMENAME":"Olive Street","ELEVTYP_F":0,"ELEVTYP_T":0},"geometry":{"type":"LineString","coordinates":[[-74.2781762079422,40.5096919566805],[-74.2781952991369,40.5096503220972],[-74.2783575544025,40.5092966229479]]}},{"type":"Feature","id":159495,"properties":{"OBJECTID":159495,"PRIMENAME":"Krochmally Avenue","ELEVTYP_F":0,"ELEVTYP_T":0},"geometry":{"type":"LineString","coordinates":[[-74.2775130346899,40.5275909500056],[-74.2773724580328,40.5276362725789],[-74.2761093131593,40.5280435163262]]}},{"type":"Feature","id":160320,"properties":{"OBJECTID":160320,"PRIMENAME":"Herbert Street","ELEVTYP_F":0,"ELEVTYP_T":0},"geometry":{"type":"LineString","coordinates":[[-74.2834865059068,40.5148668395921],[-74.2839423555265,40.5138859821215]]}},{"type":"Feature","id":160526,"properties":{"OBJECTID":160526,"PRIMENAME":"FR RAMP Y105330 to RT 184 WB","ELEVTYP_F":0,"ELEVTYP_T":0},"geometry":{"type":"LineString","coordinates":[[-74.2809344011307,40.5295041070669],[-74.2810783773471,40.5295364431318]]}},{"type":"Feature","id":161251,"properties":{"OBJECTID":161251,"PRIMENAME":"1st Street","ELEVTYP_F":0,"ELEVTYP_T":0},"geometry":{"type":"LineString","coordinates":[[-74.2728422242248,40.5065557768785],[-74.2722312327435,40.5077773071973],[-74.2721115955957,40.5080164470155]]}},{"type":"Feature","id":162291,"properties":{"OBJECTID":162291,"PRIMENAME":"Florida Grove Road","ELEVTYP_F":0,"ELEVTYP_T":0},"geometry":{"type":"LineString","coordinates":[[-74.2815455083936,40.5388394426064],[-74.281322811195,40.5389196182846],[-74.2805235074579,40.5392097710845],[-74.2800131766237,40.539397526546],[-74.2794802897018,40.5395938295609],[-74.2791012769355,40.5397303608164],[-74.2789436775303,40.5397843851015],[-74.2788536211025,40.5398156715995],[-74.2786998305237,40.5398496909576],[-74.2784710319895,40.5399007232289],[-74.2780997322745,40.5399772033105],[-74.2779609380242,40.5400026864415],[-74.2778146758212,40.5400338641059],[-74.2776871244978,40.5400650775868],[-74.2776359520718,40.5400770781111],[-74.2775783384688,40.540090590071],[-74.2774909478602,40.5401093637533]]}},{"type":"Feature","id":162369,"properties":{"OBJECTID":162369,"PRIMENAME":"Fayette Street","ELEVTYP_F":0,"ELEVTYP_T":0},"geometry":{"type":"LineString","coordinates":[[-74.2657295495861,40.5099149503319],[-74.2668132686543,40.5102289337286],[-74.2669568802285,40.5102705920275]]}},{"type":"Feature","id":162667,"properties":{"OBJECTID":162667,"PRIMENAME":"New Brunswick Avenue","ELEVTYP_F":0,"ELEVTYP_T":0},"geometry":{"type":"LineString","coordinates":[[-74.2701714308433,40.5117977736601],[-74.26975468156,40.5115349492767],[-74.2694110575245,40.5113240149634]]}},{"type":"Feature","id":162723,"properties":{"OBJECTID":162723,"PRIMENAME":"Unnamed Segment","ELEVTYP_F":0,"ELEVTYP_T":0},"geometry":{"type":"LineString","coordinates":[[-74.2615209701311,40.5180347743612],[-74.2614417962846,40.5180655024846],[-74.2612205258162,40.5181513796875]]}},{"type":"Feature","id":163161,"properties":{"OBJECTID":163161,"PRIMENAME":"Unnamed Segment","ELEVTYP_F":0,"ELEVTYP_T":0},"geometry":{"type":"LineString","coordinates":[[-74.2620138850337,40.5197626256725],[-74.2618697484522,40.5197170730948]]}},{"type":"Feature","id":164585,"properties":{"OBJECTID":164585,"PRIMENAME":"Brighton Avenue","ELEVTYP_F":0,"ELEVTYP_T":0},"geometry":{"type":"LineString","coordinates":[[-74.2707044103865,40.5053501226628],[-74.2704480454161,40.5058720665278]]}},{"type":"Feature","id":164958,"properties":{"OBJECTID":164958,"PRIMENAME":"2nd Street","ELEVTYP_F":0,"ELEVTYP_T":0},"geometry":{"type":"LineString","coordinates":[[-74.2750310825057,40.5049934692851],[-74.2754419248142,40.5041533543312],[-74.2760077360234,40.5030160203646]]}},{"type":"Feature","id":165237,"properties":{"OBJECTID":165237,"PRIMENAME":"Unnamed Segment","ELEVTYP_F":0,"ELEVTYP_T":0},"geometry":{"type":"LineString","coordinates":[[-74.2604446990981,40.5210798403906],[-74.2606886999119,40.5211582142164],[-74.2610980015191,40.5204921535974]]}},{"type":"Feature","id":165472,"properties":{"OBJECTID":165472,"PRIMENAME":"King Street","ELEVTYP_F":0,"ELEVTYP_T":0},"geometry":{"type":"LineString","coordinates":[[-74.2667086018837,40.5082581353069],[-74.2671645318699,40.507384649638],[-74.2674596250091,40.5068213955026],[-74.267394942344,40.506701879638]]}},{"type":"Feature","id":165494,"properties":{"OBJECTID":165494,"PRIMENAME":"FR RT 184 EB to RT 440 NB","ELEVTYP_F":0,"ELEVTYP_T":1},"geometry":{"type":"LineString","coordinates":[[-74.2831246466682,40.5287902267343],[-74.2830867674012,40.5287631843645],[-74.2830485872497,40.5287363895008]]}},{"type":"Feature","id":165902,"properties":{"OBJECTID":165902,"PRIMENAME":"FR RAMP 00000440__Z100360 to RT 35 SB","ELEVTYP_F":0,"ELEVTYP_T":0},"geometry":{"type":"LineString","coordinates":[[-74.2798573421972,40.5294778774188],[-74.2798489886534,40.5294270750626],[-74.2798403426749,40.5293763012009]]}},{"type":"Feature","id":166255,"properties":{"OBJECTID":166255,"PRIMENAME":"Keene Street","ELEVTYP_F":0,"ELEVTYP_T":0},"geometry":{"type":"LineString","coordinates":[[-74.2720818511209,40.5261699520841],[-74.2733737985643,40.5266220058625],[-74.2735605330907,40.5266891885418]]}},{"type":"Feature","id":166343,"properties":{"OBJECTID":166343,"PRIMENAME":"FR RT 184 EB to RT 440 NB","ELEVTYP_F":0,"ELEVTYP_T":0},"geometry":{"type":"LineString","coordinates":[[-74.2803329526751,40.5289548187722],[-74.2802572052196,40.5289606554229],[-74.2801813733336,40.5289658144675],[-74.2801181562061,40.5289697496537],[-74.2800548974089,40.5289732734999],[-74.2799916015395,40.52897638575],[-74.2799282731977,40.5289790861779]]}},{"type":"Feature","id":166417,"properties":{"OBJECTID":166417,"PRIMENAME":"Francis Street","ELEVTYP_F":0,"ELEVTYP_T":0},"geometry":{"type":"LineString","coordinates":[[-74.2716489072324,40.5235695822855],[-74.2713026571815,40.5245452530726]]}},{"type":"Feature","id":166729,"properties":{"OBJECTID":166729,"PRIMENAME":"Kosciusko Street","ELEVTYP_F":0,"ELEVTYP_T":0},"geometry":{"type":"LineString","coordinates":[[-74.2851223293242,40.5274716091811],[-74.2848572616368,40.5274044362628],[-74.2842933946768,40.5272216583752]]}},{"type":"Feature","id":166868,"properties":{"OBJECTID":166868,"PRIMENAME":"Sofield Avenue","ELEVTYP_F":0,"ELEVTYP_T":0},"geometry":{"type":"LineString","coordinates":[[-74.2803084514037,40.5341736744636],[-74.2803256679784,40.5340850288862],[-74.2803352751396,40.5340355640712],[-74.2803475722301,40.533993752482],[-74.2803692394954,40.5339584089836],[-74.2805326246336,40.5338352715521],[-74.2808809369358,40.533600484694],[-74.2816951601508,40.533051629981],[-74.2817664721677,40.53301745084],[-74.2818452753669,40.5329918507504],[-74.2819315156731,40.5329805936009],[-74.2820289257815,40.5329865152822],[-74.2820963025482,40.5330123363173],[-74.2821598528981,40.5330639269133],[-74.282197147393,40.5331240599574],[-74.2822267748387,40.533229913222],[-74.2823339581296,40.5336847880258],[-74.2823576115057,40.5337915279169],[-74.282364915429,40.5338244901675]]}},{"type":"Feature","id":167511,"properties":{"OBJECTID":167511,"PRIMENAME":"State Street","ELEVTYP_F":0,"ELEVTYP_T":0},"geometry":{"type":"LineString","coordinates":[[-74.265366351598,40.513530419308],[-74.2651458602297,40.5139865397557],[-74.2649281406648,40.5144306969288]]}},{"type":"Feature","id":168315,"properties":{"OBJECTID":168315,"PRIMENAME":"West Pond Road","ELEVTYP_F":0,"ELEVTYP_T":0},"geometry":{"type":"LineString","coordinates":[[-74.2908536397695,40.5317418296707],[-74.2905741308931,40.5315678871345]]}},{"type":"Feature","id":168404,"properties":{"OBJECTID":168404,"PRIMENAME":"Wisteria Street","ELEVTYP_F":0,"ELEVTYP_T":0},"geometry":{"type":"LineString","coordinates":[[-74.269957623401,40.5014880565952],[-74.2701657468644,40.4998925357293]]}},{"type":"Feature","id":168841,"properties":{"OBJECTID":168841,"PRIMENAME":"Market Street","ELEVTYP_F":0,"ELEVTYP_T":0},"geometry":{"type":"LineString","coordinates":[[-74.2658650997316,40.506690033504],[-74.2659440044752,40.5066901933368],[-74.2660450334594,40.5066368680703],[-74.266233939522,40.5065268142063],[-74.2663904875591,40.5064243526818]]}},{"type":"Feature","id":169205,"properties":{"OBJECTID":169205,"PRIMENAME":"Smith Street","ELEVTYP_F":0,"ELEVTYP_T":0},"geometry":{"type":"LineString","coordinates":[[-74.2710353054816,40.5094761801336],[-74.2701290179478,40.5092196064044]]}},{"type":"Feature","id":170049,"properties":{"OBJECTID":170049,"PRIMENAME":"FR RT 184 WB to RT 184 EB","ELEVTYP_F":1,"ELEVTYP_T":1},"geometry":{"type":"LineString","coordinates":[[-74.2832939916933,40.5289674392111],[-74.2832837419518,40.5289544556259],[-74.2832736407075,40.5289414044579]]}},{"type":"Feature","id":170127,"properties":{"OBJECTID":170127,"PRIMENAME":"Mechanic Street","ELEVTYP_F":0,"ELEVTYP_T":0},"geometry":{"type":"LineString","coordinates":[[-74.2657295495861,40.5099149503319],[-74.2653961496267,40.5105949272759]]}},{"type":"Feature","id":170517,"properties":{"OBJECTID":170517,"PRIMENAME":"Colfax Street","ELEVTYP_F":0,"ELEVTYP_T":0},"geometry":{"type":"LineString","coordinates":[[-74.2801547897661,40.507712055693],[-74.2792248603148,40.5074447195882]]}},{"type":"Feature","id":170861,"properties":{"OBJECTID":170861,"PRIMENAME":"South Charles Street","ELEVTYP_F":0,"ELEVTYP_T":0},"geometry":{"type":"LineString","coordinates":[[-74.29090569046,40.5250538879621],[-74.2906426030092,40.5256923930832],[-74.2906756200334,40.5260302943341]]}},{"type":"Feature","id":170973,"properties":{"OBJECTID":170973,"PRIMENAME":"Florida Grove Road","ELEVTYP_F":0,"ELEVTYP_T":0},"geometry":{"type":"LineString","coordinates":[[-74.2903049734118,40.532528627359],[-74.2902851911857,40.532665381243],[-74.290232120024,40.5328625751456],[-74.2901867206135,40.5329997481204],[-74.29014132756,40.5331340670019],[-74.2900861521064,40.5332446492067]]}},{"type":"Feature","id":171821,"properties":{"OBJECTID":171821,"PRIMENAME":"Neville Street","ELEVTYP_F":0,"ELEVTYP_T":0},"geometry":{"type":"LineString","coordinates":[[-74.2714020291892,40.5175312046912],[-74.2726961239852,40.5178935331556],[-74.2732814926788,40.5180571392979]]}},{"type":"Feature","id":172447,"properties":{"OBJECTID":172447,"PRIMENAME":"Mechanic Street","ELEVTYP_F":0,"ELEVTYP_T":0},"geometry":{"type":"LineString","coordinates":[[-74.2645925389773,40.5122238694708],[-74.2641218163806,40.5131739296105]]}},{"type":"Feature","id":172818,"properties":{"OBJECTID":172818,"PRIMENAME":"Forbes Avenue","ELEVTYP_F":0,"ELEVTYP_T":0},"geometry":{"type":"LineString","coordinates":[[-74.2863663389873,40.5342637364046],[-74.2866835869373,40.5339620580947],[-74.2869517712353,40.5336673979841],[-74.2871248050565,40.5334476966942],[-74.2872554363124,40.5332789204205],[-74.2873083503391,40.5332253783529],[-74.2873823414816,40.5331852439366],[-74.2874633051532,40.5331585452267],[-74.2875477352662,40.5331506299835],[-74.2876250627803,40.5331588426426],[-74.2877445261625,40.533188572058],[-74.2888737256384,40.5335731447165]]}},{"type":"Feature","id":173056,"properties":{"OBJECTID":173056,"PRIMENAME":"Dorsey Street","ELEVTYP_F":0,"ELEVTYP_T":0},"geometry":{"type":"LineString","coordinates":[[-74.2852018555708,40.5153385234606],[-74.2856958904095,40.5142872081663]]}},{"type":"Feature","id":173071,"properties":{"OBJECTID":173071,"PRIMENAME":"Convery Boulevard","ELEVTYP_F":0,"ELEVTYP_T":0},"geometry":{"type":"LineString","coordinates":[[-74.2793428577108,40.5316589586291],[-74.2792915891225,40.53190018347],[-74.2791925593915,40.5323447297058]]}},{"type":"Feature","id":173540,"properties":{"OBJECTID":173540,"PRIMENAME":"High Street","ELEVTYP_F":0,"ELEVTYP_T":0},"geometry":{"type":"LineString","coordinates":[[-74.2610054264014,40.5171353516623],[-74.2610113793738,40.517251867432],[-74.2610355469843,40.5173645220473],[-74.2611920984534,40.5176050431932],[-74.2614515380203,40.5179433668108],[-74.2615209701311,40.5180347743612]]}},{"type":"Feature","id":173649,"properties":{"OBJECTID":173649,"PRIMENAME":"Fayette Street","ELEVTYP_F":0,"ELEVTYP_T":0},"geometry":{"type":"LineString","coordinates":[[-74.2852018555708,40.5153385234606],[-74.2851772159026,40.5153317454596],[-74.2843478437389,40.5151035701109]]}},{"type":"Feature","id":173652,"properties":{"OBJECTID":173652,"PRIMENAME":"Sayre Avenue","ELEVTYP_F":0,"ELEVTYP_T":0},"geometry":{"type":"LineString","coordinates":[[-74.2891198403591,40.5208143762352],[-74.2878311584809,40.5205148587735],[-74.2871306459404,40.5201171473858],[-74.2869448833387,40.5200165534417]]}},{"type":"Feature","id":174590,"properties":{"OBJECTID":174590,"PRIMENAME":"New Brunswick Avenue","ELEVTYP_F":0,"ELEVTYP_T":0},"geometry":{"type":"LineString","coordinates":[[-74.2686229950572,40.5107470620416],[-74.2686068694129,40.510698248972],[-74.2685993626401,40.5106325708628],[-74.2685719763477,40.5105641897824],[-74.2683412206782,40.5099251290123],[-74.2682636456435,40.5097151367388]]}},{"type":"Feature","id":174677,"properties":{"OBJECTID":174677,"PRIMENAME":"South Charles Street","ELEVTYP_F":0,"ELEVTYP_T":0},"geometry":{"type":"LineString","coordinates":[[-74.2908091517945,40.5273977140034],[-74.2908758479333,40.5280811483923]]}},{"type":"Feature","id":174980,"properties":{"OBJECTID":174980,"PRIMENAME":"Myrtle Street","ELEVTYP_F":0,"ELEVTYP_T":0},"geometry":{"type":"LineString","coordinates":[[-74.2753610606402,40.5259945647965],[-74.275217259533,40.5259439941472],[-74.2742206102842,40.5255933670764]]}},{"type":"Feature","id":175098,"properties":{"OBJECTID":175098,"PRIMENAME":"Smith Street","ELEVTYP_F":0,"ELEVTYP_T":0},"geometry":{"type":"LineString","coordinates":[[-74.2768643876152,40.5110920245909],[-74.2767412396908,40.5110590101438],[-74.2761395303107,40.5108930561837],[-74.2758166351915,40.5108029121961]]}},{"type":"Feature","id":175212,"properties":{"OBJECTID":175212,"PRIMENAME":"Barclay Street","ELEVTYP_F":0,"ELEVTYP_T":0},"geometry":{"type":"LineString","coordinates":[[-74.2739449159375,40.5167224434111],[-74.2755598840636,40.5171850144124],[-74.2756546490899,40.5172113049392]]}},{"type":"Feature","id":175686,"properties":{"OBJECTID":175686,"PRIMENAME":"State Street","ELEVTYP_F":0,"ELEVTYP_T":0},"geometry":{"type":"LineString","coordinates":[[-74.2650096516056,40.5259565191995],[-74.2649647293559,40.525824794018],[-74.2648978726406,40.5256287446494],[-74.2648463613376,40.5254730736499]]}},{"type":"Feature","id":176252,"properties":{"OBJECTID":176252,"PRIMENAME":"Packer Place","ELEVTYP_F":0,"ELEVTYP_T":0},"geometry":{"type":"LineString","coordinates":[[-74.2844151432012,40.5204259352448],[-74.2844776705195,40.5203556669083],[-74.2854836587105,40.5192251494539]]}},{"type":"Feature","id":176518,"properties":{"OBJECTID":176518,"PRIMENAME":"Harbortown Boulevard","ELEVTYP_F":0,"ELEVTYP_T":0},"geometry":{"type":"LineString","coordinates":[[-74.2604140316816,40.5175792499011],[-74.2603744502919,40.5175431814342],[-74.2603328174315,40.5175085704182],[-74.2602866263953,40.5174509361816],[-74.2602270651542,40.5173766206703]]}},{"type":"Feature","id":176533,"properties":{"OBJECTID":176533,"PRIMENAME":"Florida Grove Road","ELEVTYP_F":0,"ELEVTYP_T":0},"geometry":{"type":"LineString","coordinates":[[-74.289135646675,40.525034118918],[-74.289182334448,40.5251051104846]]}},{"type":"Feature","id":176754,"properties":{"OBJECTID":176754,"PRIMENAME":"Rudyard Drive","ELEVTYP_F":0,"ELEVTYP_T":0},"geometry":{"type":"LineString","coordinates":[[-74.278307396357,40.5390789629609],[-74.2784597133438,40.5390875732755],[-74.2786022017609,40.5390763994427],[-74.2787747389143,40.5390309961785],[-74.2792137958129,40.5388745409175],[-74.2794314303819,40.5387920540412],[-74.2796341241475,40.5387009192787],[-74.2798106171085,40.5385897493636],[-74.2799647589532,40.5384584968075],[-74.2799821218827,40.5384414279017]]}},{"type":"Feature","id":176830,"properties":{"OBJECTID":176830,"PRIMENAME":"Steuerwald Place","ELEVTYP_F":0,"ELEVTYP_T":0},"geometry":{"type":"LineString","coordinates":[[-74.2879613602324,40.523636571478],[-74.287167438857,40.5234628561436]]}},{"type":"Feature","id":177205,"properties":{"OBJECTID":177205,"PRIMENAME":"Lawrence Street","ELEVTYP_F":0,"ELEVTYP_T":0},"geometry":{"type":"LineString","coordinates":[[-74.2683438166423,40.5261947188511],[-74.2689719937084,40.5264185510875],[-74.269122910615,40.5264701317072]]}},{"type":"Feature","id":177467,"properties":{"OBJECTID":177467,"PRIMENAME":"Cricket Lane","ELEVTYP_F":0,"ELEVTYP_T":0},"geometry":{"type":"LineString","coordinates":[[-74.2851328070081,40.5442998203379],[-74.2852404778511,40.5442558097757],[-74.2853576982927,40.5442125454583],[-74.2854081769182,40.5441887735802],[-74.2854465922383,40.5441572474214],[-74.2854661618564,40.5440835361462],[-74.2855388617674,40.5435776670833]]}},{"type":"Feature","id":177709,"properties":{"OBJECTID":177709,"PRIMENAME":"Wilson Street","ELEVTYP_F":0,"ELEVTYP_T":0},"geometry":{"type":"LineString","coordinates":[[-74.2825858003596,40.5126775335128],[-74.2833482404565,40.5111237426835]]}},{"type":"Feature","id":177892,"properties":{"OBJECTID":177892,"PRIMENAME":"Market Street","ELEVTYP_F":0,"ELEVTYP_T":0},"geometry":{"type":"LineString","coordinates":[[-74.2821706037585,40.5107953533901],[-74.281728329223,40.510671976552]]}},{"type":"Feature","id":177905,"properties":{"OBJECTID":177905,"PRIMENAME":"Johnstone Street","ELEVTYP_F":0,"ELEVTYP_T":0},"geometry":{"type":"LineString","coordinates":[[-74.2732814926788,40.5180571392979],[-74.2729849006332,40.5186698163161]]}},{"type":"Feature","id":178141,"properties":{"OBJECTID":178141,"PRIMENAME":"Paterson Street","ELEVTYP_F":0,"ELEVTYP_T":0},"geometry":{"type":"LineString","coordinates":[[-74.2737922735269,40.504634130458],[-74.2726630569432,40.5043063422123],[-74.272576324189,40.504282041878]]}},{"type":"Feature","id":178153,"properties":{"OBJECTID":178153,"PRIMENAME":"Florida Grove Road","ELEVTYP_F":0,"ELEVTYP_T":0},"geometry":{"type":"LineString","coordinates":[[-74.2903820050316,40.5201145638308],[-74.2903583762926,40.5202632957033],[-74.2903156356862,40.5205192567763],[-74.2903104469287,40.5205535792976]]}},{"type":"Feature","id":178189,"properties":{"OBJECTID":178189,"PRIMENAME":"Convery Boulevard","ELEVTYP_F":0,"ELEVTYP_T":0},"geometry":{"type":"LineString","coordinates":[[-74.2817755057929,40.5212481675879],[-74.2816631074854,40.5214653406876],[-74.2815834012834,40.5216402189465],[-74.2815233973216,40.5217851299862],[-74.2814854595345,40.5219030440769],[-74.2814330291062,40.5220859065206]]}},{"type":"Feature","id":178366,"properties":{"OBJECTID":178366,"PRIMENAME":"High Street","ELEVTYP_F":0,"ELEVTYP_T":0},"geometry":{"type":"LineString","coordinates":[[-74.2610054264014,40.5171353516623],[-74.2609942763846,40.5170845989184],[-74.2609805013728,40.5170030680795],[-74.2609722752983,40.5169494384693],[-74.260966986412,40.5168486544377],[-74.2609681643262,40.5168296662275],[-74.2609729759425,40.5167521483009],[-74.2609957614743,40.5166663826695],[-74.2610241961981,40.5165699508662],[-74.2610286233672,40.5165591425753],[-74.2610610610248,40.516479959766],[-74.2611862894967,40.5162514950663],[-74.2615187346613,40.5155872035556],[-74.261545417477,40.5154669670819]]}},{"type":"Feature","id":178505,"properties":{"OBJECTID":178505,"PRIMENAME":"Convery Boulevard","ELEVTYP_F":0,"ELEVTYP_T":0},"geometry":{"type":"LineString","coordinates":[[-74.2798403426749,40.5293763012009],[-74.2796675471634,40.5301567374717]]}},{"type":"Feature","id":179222,"properties":{"OBJECTID":179222,"PRIMENAME":"Maple Street","ELEVTYP_F":0,"ELEVTYP_T":0},"geometry":{"type":"LineString","coordinates":[[-74.2707405789307,40.5121550561336],[-74.2710900032241,40.511456016734]]}},{"type":"Feature","id":180304,"properties":{"OBJECTID":180304,"PRIMENAME":"New Brunswick Avenue","ELEVTYP_F":0,"ELEVTYP_T":0},"geometry":{"type":"LineString","coordinates":[[-74.2694110575245,40.5113240149634],[-74.2691757186959,40.5111795363366]]}},{"type":"Feature","id":180734,"properties":{"OBJECTID":180734,"PRIMENAME":"State Street","ELEVTYP_F":0,"ELEVTYP_T":0},"geometry":{"type":"LineString","coordinates":[[-74.2658297157083,40.5125719111498],[-74.2658285210949,40.5125744070737],[-74.265366351598,40.513530419308]]}},{"type":"Feature","id":181234,"properties":{"OBJECTID":181234,"PRIMENAME":"Florida Grove Road","ELEVTYP_F":0,"ELEVTYP_T":0},"geometry":{"type":"LineString","coordinates":[[-74.2899968470612,40.5281294606908],[-74.2900178235488,40.5282784210431],[-74.2900582839928,40.5285244295937],[-74.2900952521037,40.5286789100959],[-74.2901360800565,40.5288076477765]]}},{"type":"Feature","id":181534,"properties":{"OBJECTID":181534,"PRIMENAME":"FR RT 184 EB to RT 440 NB","ELEVTYP_F":0,"ELEVTYP_T":0},"geometry":{"type":"LineString","coordinates":[[-74.2799282731977,40.5289790861779],[-74.2797257113907,40.5289850435716],[-74.2795230125893,40.5289868236601],[-74.279368452347,40.5289854788129],[-74.2792139703807,40.5289814923719],[-74.2790596442298,40.5289748663379],[-74.2789055513556,40.5289656040369],[-74.2786287967791,40.5289528419527],[-74.2783522358709,40.5289378338712],[-74.2780758999454,40.5289205814918],[-74.2777998202916,40.528901086768]]}},{"type":"Feature","id":183073,"properties":{"OBJECTID":183073,"PRIMENAME":"Amboy Avenue","ELEVTYP_F":0,"ELEVTYP_T":0},"geometry":{"type":"LineString","coordinates":[[-74.271626553508,40.5362384058448],[-74.2716353494771,40.5363290117236],[-74.2716676506193,40.5365423499262],[-74.2717044651884,40.5367854951156],[-74.2718298020457,40.5373319106102],[-74.2718995537071,40.5375907745057],[-74.271978745294,40.537846061682],[-74.2720767309903,40.5381085773579],[-74.2722028765356,40.5384178431621],[-74.2723291935715,40.5386767912363],[-74.2724648669234,40.5389465740914],[-74.2725866057161,40.5391552219547],[-74.2726849725066,40.5393170749721],[-74.2729051772781,40.5396589177261],[-74.2730880274133,40.5399072153516],[-74.2734302235548,40.540396598249],[-74.273992832448,40.5411702288603],[-74.2741671436292,40.5414076194658]]}},{"type":"Feature","id":183840,"properties":{"OBJECTID":183840,"PRIMENAME":"FR RAMP Y105330 to RT 184 WB","ELEVTYP_F":0,"ELEVTYP_T":0},"geometry":{"type":"LineString","coordinates":[[-74.2798489964005,40.5293374745701],[-74.2799402242802,40.5293439268649],[-74.2800312889287,40.5293516052464],[-74.2801221620473,40.5293605073286],[-74.2802128153964,40.5293706303449],[-74.2803032208049,40.5293819711498],[-74.2803933501787,40.5293945262188],[-74.2804831755091,40.5294082916506],[-74.2805726688823,40.5294232631673],[-74.2809344011307,40.5295041070669]]}},{"type":"Feature","id":183882,"properties":{"OBJECTID":183882,"PRIMENAME":"Spring Street","ELEVTYP_F":0,"ELEVTYP_T":0},"geometry":{"type":"LineString","coordinates":[[-74.2720818511209,40.5261699520841],[-74.2724160934687,40.5256271329466]]}},{"type":"Feature","id":183916,"properties":{"OBJECTID":183916,"PRIMENAME":"1st Street","ELEVTYP_F":0,"ELEVTYP_T":0},"geometry":{"type":"LineString","coordinates":[[-74.2737922735269,40.504634130458],[-74.2733026803828,40.5056352239458],[-74.2728422242248,40.5065557768785]]}},{"type":"Feature","id":184688,"properties":{"OBJECTID":184688,"PRIMENAME":"FR RAMP B100120 to RAMP A100120","ELEVTYP_F":0,"ELEVTYP_T":0},"geometry":{"type":"LineString","coordinates":[[-74.282638537741,40.5283783691453],[-74.2826204980168,40.5283792385653],[-74.2826024809071,40.5283803479146],[-74.2825844918922,40.5283816968558],[-74.2825665364438,40.5283832849787],[-74.2825486200234,40.5283851118002],[-74.2825307480805,40.5283871767647],[-74.2825129260513,40.528389479244],[-74.2824951593567,40.5283920185378]]}},{"type":"Feature","id":184709,"properties":{"OBJECTID":184709,"PRIMENAME":"Unnamed Segment","ELEVTYP_F":0,"ELEVTYP_T":0},"geometry":{"type":"LineString","coordinates":[[-74.2838938599179,40.5325317004652],[-74.2836688589208,40.5326977007124],[-74.2836488592136,40.5327217000739],[-74.2836478593721,40.5327397008142],[-74.2836678597503,40.5327867005005]]}},{"type":"Feature","id":184934,"properties":{"OBJECTID":184934,"PRIMENAME":"New Brunswick Avenue","ELEVTYP_F":0,"ELEVTYP_T":0},"geometry":{"type":"LineString","coordinates":[[-74.2906736543959,40.5228230875231],[-74.2905079057403,40.5227836143596]]}},{"type":"Feature","id":184955,"properties":{"OBJECTID":184955,"PRIMENAME":"Harbortown Boulevard","ELEVTYP_F":0,"ELEVTYP_T":0},"geometry":{"type":"LineString","coordinates":[[-74.2592807982009,40.5206906544005],[-74.2592953179178,40.5206840416167],[-74.2593741792487,40.5206306212164],[-74.2594362056371,40.5205771107781],[-74.2594954802473,40.5205086063339]]}},{"type":"Feature","id":185188,"properties":{"OBJECTID":185188,"PRIMENAME":"Lee Avenue","ELEVTYP_F":0,"ELEVTYP_T":0},"geometry":{"type":"LineString","coordinates":[[-74.2829662048101,40.5260254877507],[-74.2836428798541,40.5246403078983]]}},{"type":"Feature","id":185189,"properties":{"OBJECTID":185189,"PRIMENAME":"Watson Avenue","ELEVTYP_F":0,"ELEVTYP_T":0},"geometry":{"type":"LineString","coordinates":[[-74.2768643876152,40.5110920245909],[-74.2764480922596,40.5120071031955],[-74.2760885682556,40.5127520928949],[-74.2759371127038,40.5128050814509]]}},{"type":"Feature","id":185402,"properties":{"OBJECTID":185402,"PRIMENAME":"Park Avenue","ELEVTYP_F":0,"ELEVTYP_T":0},"geometry":{"type":"LineString","coordinates":[[-74.2697990351607,40.5125741762384],[-74.2701714308433,40.5117977736601]]}},{"type":"Feature","id":185534,"properties":{"OBJECTID":185534,"PRIMENAME":"Mitchell Place","ELEVTYP_F":0,"ELEVTYP_T":0},"geometry":{"type":"LineString","coordinates":[[-74.2862207299836,40.5196243380885],[-74.2851429836775,40.5208004623695]]}},{"type":"Feature","id":185779,"properties":{"OBJECTID":185779,"PRIMENAME":"Market Street","ELEVTYP_F":0,"ELEVTYP_T":0},"geometry":{"type":"LineString","coordinates":[[-74.277628947788,40.5095403079647],[-74.2772726379016,40.5094415927763]]}},{"type":"Feature","id":186176,"properties":{"OBJECTID":186176,"PRIMENAME":"Unnamed Segment","ELEVTYP_F":0,"ELEVTYP_T":0},"geometry":{"type":"LineString","coordinates":[[-74.2914217129858,40.5205808179331],[-74.2914985286232,40.5202652081041]]}},{"type":"Feature","id":186179,"properties":{"OBJECTID":186179,"PRIMENAME":"Lee Avenue","ELEVTYP_F":0,"ELEVTYP_T":0},"geometry":{"type":"LineString","coordinates":[[-74.2836428798541,40.5246403078983],[-74.2843099681281,40.5232747052919],[-74.2843517817753,40.5232147754249]]}},{"type":"Feature","id":186625,"properties":{"OBJECTID":186625,"PRIMENAME":"2nd Street","ELEVTYP_F":0,"ELEVTYP_T":0},"geometry":{"type":"LineString","coordinates":[[-74.2733579927919,40.5083597054041],[-74.2734932321682,40.5080893556461],[-74.2740806689486,40.5069148783077]]}},{"type":"Feature","id":187005,"properties":{"OBJECTID":187005,"PRIMENAME":"Brace Avenue","ELEVTYP_F":0,"ELEVTYP_T":0},"geometry":{"type":"LineString","coordinates":[[-74.279518116641,40.5213137181338],[-74.2802630978935,40.5215231623342],[-74.2806149498141,40.5216313567994]]}},{"type":"Feature","id":187058,"properties":{"OBJECTID":187058,"PRIMENAME":"Pfeiffer Boulevard","ELEVTYP_F":0,"ELEVTYP_T":0},"geometry":{"type":"LineString","coordinates":[[-74.2761093131593,40.5280435163262],[-74.275822601704,40.5281361852109]]}},{"type":"Feature","id":188092,"properties":{"OBJECTID":188092,"PRIMENAME":"Market Street","ELEVTYP_F":0,"ELEVTYP_T":0},"geometry":{"type":"LineString","coordinates":[[-74.2663904875591,40.5064243526818],[-74.2663749667449,40.5063162457173],[-74.2663622349469,40.5062024623129],[-74.2663361770782,40.5061254363908],[-74.266301401757,40.5060416948487],[-74.2662073979334,40.5059781192796]]}},{"type":"Feature","id":188258,"properties":{"OBJECTID":188258,"PRIMENAME":"Andrews Drive","ELEVTYP_F":0,"ELEVTYP_T":0},"geometry":{"type":"LineString","coordinates":[[-74.2785097723623,40.5381344297361],[-74.2786565629225,40.5374495856776]]}},{"type":"Feature","id":188403,"properties":{"OBJECTID":188403,"PRIMENAME":"Florida Grove Road","ELEVTYP_F":0,"ELEVTYP_T":0},"geometry":{"type":"LineString","coordinates":[[-74.2902160155012,40.5212857876795],[-74.2902001404054,40.5214506025656],[-74.290168312472,40.5217486921925],[-74.2901593023335,40.5218113189933]]}},{"type":"Feature","id":188407,"properties":{"OBJECTID":188407,"PRIMENAME":"Pfeiffer Boulevard","ELEVTYP_F":0,"ELEVTYP_T":0},"geometry":{"type":"LineString","coordinates":[[-74.2882987493953,40.5303723058943],[-74.2882631745614,40.5303589546722],[-74.288086480534,40.5302942026534],[-74.2880527319827,40.5302834070907]]}},{"type":"Feature","id":189736,"properties":{"OBJECTID":189736,"PRIMENAME":"Kamm Street","ELEVTYP_F":0,"ELEVTYP_T":0},"geometry":{"type":"LineString","coordinates":[[-74.2829662048101,40.5260254877507],[-74.2837996234586,40.5262733139136]]}},{"type":"Feature","id":190112,"properties":{"OBJECTID":190112,"PRIMENAME":"Prospect Street","ELEVTYP_F":0,"ELEVTYP_T":0},"geometry":{"type":"LineString","coordinates":[[-74.2763723439974,40.5091923818474],[-74.2765553433657,40.5088112732546]]}},{"type":"Feature","id":190347,"properties":{"OBJECTID":190347,"PRIMENAME":"Jacques Street","ELEVTYP_F":0,"ELEVTYP_T":0},"geometry":{"type":"LineString","coordinates":[[-74.2731277821099,40.5223918745186],[-74.2733686753874,40.5217023071133]]}},{"type":"Feature","id":190608,"properties":{"OBJECTID":190608,"PRIMENAME":"Amboy Avenue","ELEVTYP_F":0,"ELEVTYP_T":0},"geometry":{"type":"LineString","coordinates":[[-74.2743374884534,40.5293050464862],[-74.2740785465481,40.5296646172368],[-74.2739050898818,40.5299041462859]]}},{"type":"Feature","id":191057,"properties":{"OBJECTID":191057,"PRIMENAME":"Madison Avenue","ELEVTYP_F":0,"ELEVTYP_T":0},"geometry":{"type":"LineString","coordinates":[[-74.2701290179478,40.5092196064044],[-74.2706591270973,40.5081497038766],[-74.2708742084796,40.5077452245035],[-74.2709063211687,40.5076826718842]]}},{"type":"Feature","id":191259,"properties":{"OBJECTID":191259,"PRIMENAME":"Wagner Avenue","ELEVTYP_F":0,"ELEVTYP_T":0},"geometry":{"type":"LineString","coordinates":[[-74.268308174821,40.5294305626777],[-74.267030758188,40.5289741992852]]}},{"type":"Feature","id":191319,"properties":{"OBJECTID":191319,"PRIMENAME":"Eagle Avenue","ELEVTYP_F":0,"ELEVTYP_T":0},"geometry":{"type":"LineString","coordinates":[[-74.2742404960453,40.5240945994138],[-74.2748453042463,40.5242172785551],[-74.275762370399,40.5243929647898]]}},{"type":"Feature","id":191808,"properties":{"OBJECTID":191808,"PRIMENAME":"Florida Grove Road","ELEVTYP_F":0,"ELEVTYP_T":0},"geometry":{"type":"LineString","coordinates":[[-74.2888998914622,40.5246614232073],[-74.2889182599669,40.5247000531437],[-74.289045100965,40.5248961207636]]}},{"type":"Feature","id":191970,"properties":{"OBJECTID":191970,"PRIMENAME":"FR RT 184 WB to RT 184 EB","ELEVTYP_F":0,"ELEVTYP_T":0},"geometry":{"type":"LineString","coordinates":[[-74.2804835640545,40.530313746771],[-74.2805839558282,40.5303126296197],[-74.2806841968198,40.5303082867806],[-74.2807841090821,40.5303007259628],[-74.2808835152514,40.5302899605885],[-74.2809822388625,40.5302760097681],[-74.2810801046625,40.530258898267],[-74.2811769389214,40.5302386564613],[-74.2812725697409,40.5302153202841],[-74.2813455958656,40.5301901851532],[-74.281417291954,40.5301629117516],[-74.2814875505146,40.5301335409699],[-74.2815562662113,40.5301021168434]]}},{"type":"Feature","id":193446,"properties":{"OBJECTID":193446,"PRIMENAME":"FR NJ 440 SB to NJ 440 SB","ELEVTYP_F":0,"ELEVTYP_T":0},"geometry":{"type":"LineString","coordinates":[[-74.2750811222992,40.5283143571904],[-74.2751942524884,40.5283795369635],[-74.2753099107717,40.5284420801719],[-74.2754279916526,40.5285019297638],[-74.2755483874239,40.5285590311443],[-74.275758948627,40.5286529710866],[-74.2759730497553,40.5287421312383],[-74.2760845639461,40.5287834716621],[-74.2761974368936,40.5288226063683],[-74.2763115936781,40.5288595093805],[-74.2764269585272,40.5288941562032]]}},{"type":"Feature","id":193741,"properties":{"OBJECTID":193741,"PRIMENAME":"Unnamed Segment","ELEVTYP_F":0,"ELEVTYP_T":0},"geometry":{"type":"LineString","coordinates":[[-74.2620718535289,40.5192621292695],[-74.2619861582371,40.519246119758],[-74.2616550296139,40.5191842594127]]}},{"type":"Feature","id":194162,"properties":{"OBJECTID":194162,"PRIMENAME":"Francis Street","ELEVTYP_F":0,"ELEVTYP_T":0},"geometry":{"type":"LineString","coordinates":[[-74.2713026571815,40.5245452530726],[-74.2709541749559,40.5251064884074]]}},{"type":"Feature","id":194214,"properties":{"OBJECTID":194214,"PRIMENAME":"Great Beds Court","ELEVTYP_F":0,"ELEVTYP_T":0},"geometry":{"type":"LineString","coordinates":[[-74.2602270651542,40.5173766206703],[-74.2603189768428,40.5173276811752],[-74.2605243945589,40.5172487454974],[-74.2606706785385,40.5171997463649],[-74.2608169521525,40.5171635665665],[-74.2610054264014,40.5171353516623]]}},{"type":"Feature","id":194346,"properties":{"OBJECTID":194346,"PRIMENAME":"Kamm Street","ELEVTYP_F":0,"ELEVTYP_T":0},"geometry":{"type":"LineString","coordinates":[[-74.2812700951072,40.5255542743341],[-74.2821186237903,40.5257982712391]]}},{"type":"Feature","id":194579,"properties":{"OBJECTID":194579,"PRIMENAME":"FR RAMP B100120 to RAMP A100120","ELEVTYP_F":0,"ELEVTYP_T":0},"geometry":{"type":"LineString","coordinates":[[-74.2828644692334,40.5283698173692],[-74.282821848882,40.528371011878],[-74.2827792524696,40.5283726288676],[-74.2827366871884,40.5283746680649],[-74.2826941602253,40.5283771291256],[-74.2826663376051,40.528377451974],[-74.282638537741,40.5283783691453]]}},{"type":"Feature","id":194639,"properties":{"OBJECTID":194639,"PRIMENAME":"High Street","ELEVTYP_F":0,"ELEVTYP_T":0},"geometry":{"type":"LineString","coordinates":[[-74.2648656039639,40.508701772574],[-74.2651671607249,40.5080865451434],[-74.2652779374488,40.5078582930598]]}},{"type":"Feature","id":195275,"properties":{"OBJECTID":195275,"PRIMENAME":"Unnamed Segment","ELEVTYP_F":0,"ELEVTYP_T":0},"geometry":{"type":"LineString","coordinates":[[-74.2855000608045,40.5435266530462],[-74.2853368392228,40.5434283268707],[-74.2849413394184,40.5429107447151]]}},{"type":"Feature","id":195367,"properties":{"OBJECTID":195367,"PRIMENAME":"West End Avenue","ELEVTYP_F":0,"ELEVTYP_T":0},"geometry":{"type":"LineString","coordinates":[[-74.2671981021924,40.5260366591985],[-74.2671296483922,40.5267417408658]]}},{"type":"Feature","id":195522,"properties":{"OBJECTID":195522,"PRIMENAME":"Ridgeley Street","ELEVTYP_F":0,"ELEVTYP_T":0},"geometry":{"type":"LineString","coordinates":[[-74.2740813231957,40.5196340752996],[-74.2757052736748,40.5199591862069],[-74.2758450730924,40.5199871832986]]}},{"type":"Feature","id":195587,"properties":{"OBJECTID":195587,"PRIMENAME":"Meade Street","ELEVTYP_F":0,"ELEVTYP_T":0},"geometry":{"type":"LineString","coordinates":[[-74.2799726646544,40.510187948855],[-74.2806791850653,40.5086968496016]]}},{"type":"Feature","id":195777,"properties":{"OBJECTID":195777,"PRIMENAME":"Unnamed Segment","ELEVTYP_F":0,"ELEVTYP_T":0},"geometry":{"type":"LineString","coordinates":[[-74.284036624091,40.5315726132824],[-74.2844446428843,40.5312856674126],[-74.284485709164,40.5312564340337],[-74.2845369121004,40.5312604382388],[-74.2846135526902,40.5313172440191]]}},{"type":"Feature","id":195999,"properties":{"OBJECTID":195999,"PRIMENAME":"Francis Street","ELEVTYP_F":0,"ELEVTYP_T":0},"geometry":{"type":"LineString","coordinates":[[-74.2686816109816,40.5288130560535],[-74.268308174821,40.5294305626777]]}},{"type":"Feature","id":196378,"properties":{"OBJECTID":196378,"PRIMENAME":"Florida Grove Road","ELEVTYP_F":0,"ELEVTYP_T":0},"geometry":{"type":"LineString","coordinates":[[-74.2897631928523,40.5267334190514],[-74.2897694775293,40.5267716702053],[-74.289781974929,40.5268477878126],[-74.2898854306018,40.5274497046156]]}},{"type":"Feature","id":196849,"properties":{"OBJECTID":196849,"PRIMENAME":"Grant Street","ELEVTYP_F":0,"ELEVTYP_T":0},"geometry":{"type":"LineString","coordinates":[[-74.2790879051187,40.5099445527038],[-74.2793633980886,40.5093650069461],[-74.2797213422508,40.5086022431529],[-74.2797958235536,40.5084493437938]]}},{"type":"Feature","id":196899,"properties":{"OBJECTID":196899,"PRIMENAME":"Harding Avenue","ELEVTYP_F":0,"ELEVTYP_T":0},"geometry":{"type":"LineString","coordinates":[[-74.2804835640545,40.530313746771],[-74.2805688168843,40.5303194196409],[-74.2806543051661,40.5303223821975],[-74.2807398809624,40.5303226293139],[-74.2808253961843,40.5303201605626],[-74.2809671317195,40.5303129732127],[-74.2811082925013,40.5303008770055],[-74.2812485866549,40.5302838969519],[-74.2813877240977,40.530262068161],[-74.2815055996845,40.5302349228771],[-74.2816619858415,40.5301922297828],[-74.2819209178664,40.5301125882245],[-74.2822157613984,40.5300193440667],[-74.2824721567787,40.5299338505231]]}},{"type":"Feature","id":196935,"properties":{"OBJECTID":196935,"PRIMENAME":"Eagle Avenue","ELEVTYP_F":0,"ELEVTYP_T":0},"geometry":{"type":"LineString","coordinates":[[-74.2694556471653,40.5231299613729],[-74.2703201081714,40.5233007539815],[-74.271053778391,40.5234491841737]]}},{"type":"Feature","id":197058,"properties":{"OBJECTID":197058,"PRIMENAME":"Oak Street","ELEVTYP_F":0,"ELEVTYP_T":0},"geometry":{"type":"LineString","coordinates":[[-74.2740768123024,40.5122977575575],[-74.2735133299288,40.5134365392391],[-74.2733438834163,40.513778989964]]}},{"type":"Feature","id":197065,"properties":{"OBJECTID":197065,"PRIMENAME":"West Side Avenue","ELEVTYP_F":0,"ELEVTYP_T":0},"geometry":{"type":"LineString","coordinates":[[-74.2699430160401,40.5187929037184],[-74.2696900839962,40.5194928993107]]}},{"type":"Feature","id":197290,"properties":{"OBJECTID":197290,"PRIMENAME":"Smith Street","ELEVTYP_F":0,"ELEVTYP_T":0},"geometry":{"type":"LineString","coordinates":[[-74.2842850854179,40.513148486702],[-74.284067423277,40.5130877974932],[-74.2834344834985,40.5129141093025]]}},{"type":"Feature","id":197614,"properties":{"OBJECTID":197614,"PRIMENAME":"Arnold Avenue","ELEVTYP_F":0,"ELEVTYP_T":0},"geometry":{"type":"LineString","coordinates":[[-74.2701771135272,40.5210574614386],[-74.2692674710913,40.5208743884159]]}},{"type":"Feature","id":197796,"properties":{"OBJECTID":197796,"PRIMENAME":"Herbert Street","ELEVTYP_F":0,"ELEVTYP_T":0},"geometry":{"type":"LineString","coordinates":[[-74.2829515283387,40.5159872186778],[-74.2831317428886,40.5156098072668],[-74.2834865059068,40.5148668395921]]}},{"type":"Feature","id":198056,"properties":{"OBJECTID":198056,"PRIMENAME":"Catalpa Avenue","ELEVTYP_F":0,"ELEVTYP_T":0},"geometry":{"type":"LineString","coordinates":[[-74.2718214503407,40.5018233088243],[-74.2717840620681,40.502095633442],[-74.2717075635964,40.5026495592977],[-74.271654318721,40.5034085090812]]}},{"type":"Feature","id":198058,"properties":{"OBJECTID":198058,"PRIMENAME":"Convery Boulevard","ELEVTYP_F":0,"ELEVTYP_T":0},"geometry":{"type":"LineString","coordinates":[[-74.2807065028284,40.5254162793151],[-74.2806246263266,40.5257912440765],[-74.2804961618447,40.5263975885955],[-74.2804591729434,40.5265651628202]]}},{"type":"Feature","id":198140,"properties":{"OBJECTID":198140,"PRIMENAME":"High Street","ELEVTYP_F":0,"ELEVTYP_T":0},"geometry":{"type":"LineString","coordinates":[[-74.2652779374488,40.5078582930598],[-74.2653159024367,40.507780051407],[-74.2658134303505,40.5067925844023],[-74.2658650997316,40.506690033504]]}},{"type":"Feature","id":198174,"properties":{"OBJECTID":198174,"PRIMENAME":"Smith Street","ELEVTYP_F":0,"ELEVTYP_T":0},"geometry":{"type":"LineString","coordinates":[[-74.2789529509177,40.5116671895715],[-74.2788187015753,40.5116295439827],[-74.2785266216066,40.5115511323984]]}},{"type":"Feature","id":198758,"properties":{"OBJECTID":198758,"PRIMENAME":"Bruck Avenue","ELEVTYP_F":0,"ELEVTYP_T":0},"geometry":{"type":"LineString","coordinates":[[-74.2735249131156,40.5290098120019],[-74.2743374884534,40.5293050464862]]}},{"type":"Feature","id":198778,"properties":{"OBJECTID":198778,"PRIMENAME":"Shannon Avenue","ELEVTYP_F":0,"ELEVTYP_T":0},"geometry":{"type":"LineString","coordinates":[[-74.2851509298186,40.5342533025122],[-74.2857420117406,40.5347893951268]]}},{"type":"Feature","id":199439,"properties":{"OBJECTID":199439,"PRIMENAME":"Convery Boulevard","ELEVTYP_F":0,"ELEVTYP_T":0},"geometry":{"type":"LineString","coordinates":[[-74.2796675471634,40.5301567374717],[-74.2796170064976,40.5303850894567],[-74.2794998909488,40.5309262027481]]}},{"type":"Feature","id":199944,"properties":{"OBJECTID":199944,"PRIMENAME":"Fayette Street","ELEVTYP_F":0,"ELEVTYP_T":0},"geometry":{"type":"LineString","coordinates":[[-74.2732019031846,40.5120540060529],[-74.2725477066662,40.5118687749179],[-74.2710900032241,40.511456016734]]}},{"type":"Feature","id":200232,"properties":{"OBJECTID":200232,"PRIMENAME":"FR CO 611 SB to RT 440 SB","ELEVTYP_F":1,"ELEVTYP_T":0},"geometry":{"type":"LineString","coordinates":[[-74.2672530794758,40.5257328579109],[-74.2672922297581,40.5257400742281],[-74.2676034089653,40.5258129514658],[-74.2682730294574,40.5260139210802]]}},{"type":"Feature","id":200311,"properties":{"OBJECTID":200311,"PRIMENAME":"FR FLORIDA GROVE RD to RAMP B100270","ELEVTYP_F":0,"ELEVTYP_T":0},"geometry":{"type":"LineString","coordinates":[[-74.2902160155012,40.5212857876795],[-74.2902312945863,40.5212932349594],[-74.2902468393061,40.521300354912],[-74.2902626376222,40.5213071420234],[-74.2902786773002,40.5213135910373],[-74.2902949459186,40.5213196969597],[-74.2903114308786,40.5213254550617],[-74.2903281194139,40.5213308608844],[-74.2903449986004,40.5213359102411]]}},{"type":"Feature","id":201020,"properties":{"OBJECTID":201020,"PRIMENAME":"Dilman Lane","ELEVTYP_F":0,"ELEVTYP_T":0},"geometry":{"type":"LineString","coordinates":[[-74.2672827115625,40.5255900889714],[-74.2672530794758,40.5257328579109]]}},{"type":"Feature","id":201160,"properties":{"OBJECTID":201160,"PRIMENAME":"Harrington Street","ELEVTYP_F":0,"ELEVTYP_T":0},"geometry":{"type":"LineString","coordinates":[[-74.2819522681427,40.5241582162061],[-74.2813455277769,40.5239950531758],[-74.2811939095923,40.5239684903821],[-74.2811194912447,40.5239554524627],[-74.2810263556126,40.523944240625]]}},{"type":"Feature","id":201246,"properties":{"OBJECTID":201246,"PRIMENAME":"Smith Street","ELEVTYP_F":0,"ELEVTYP_T":0},"geometry":{"type":"LineString","coordinates":[[-74.2834344834985,40.5129141093025],[-74.2832613444273,40.5128666232671],[-74.2826710041834,40.5127006976482],[-74.2826020799681,40.5126819565074],[-74.2825858003596,40.5126775335128]]}},{"type":"Feature","id":201696,"properties":{"OBJECTID":201696,"PRIMENAME":"Gordon Street","ELEVTYP_F":0,"ELEVTYP_T":0},"geometry":{"type":"LineString","coordinates":[[-74.2716447887083,40.5062082442498],[-74.2705047391856,40.5058886498477],[-74.2704480454161,40.5058720665278]]}},{"type":"Feature","id":202257,"properties":{"OBJECTID":202257,"PRIMENAME":"Convery Boulevard","ELEVTYP_F":0,"ELEVTYP_T":0},"geometry":{"type":"LineString","coordinates":[[-74.2786743093297,40.5346807351551],[-74.2785263867021,40.5353510277944],[-74.2785253632537,40.5353556928742]]}},{"type":"Feature","id":202264,"properties":{"OBJECTID":202264,"PRIMENAME":"Florida Grove Road","ELEVTYP_F":0,"ELEVTYP_T":0},"geometry":{"type":"LineString","coordinates":[[-74.2901309162573,40.5220085040117],[-74.2901164307502,40.522109086822],[-74.2900621245789,40.5225318193451],[-74.2900452086219,40.5226725576068]]}},{"type":"Feature","id":202325,"properties":{"OBJECTID":202325,"PRIMENAME":"FR GROVE ST to NJ 440 NB","ELEVTYP_F":0,"ELEVTYP_T":0},"geometry":{"type":"LineString","coordinates":[[-74.2747250455325,40.5277949458558],[-74.2746796712206,40.5277890918306],[-74.2746344189405,40.5277827114984],[-74.2745892991768,40.5277758063373],[-74.2745443223833,40.5277683779473]]}},{"type":"Feature","id":202452,"properties":{"OBJECTID":202452,"PRIMENAME":"FR A213280 TO LOCAL RD","ELEVTYP_F":0,"ELEVTYP_T":0},"geometry":{"type":"LineString","coordinates":[[-74.2907597235873,40.5167205489951],[-74.2908107277449,40.5166668761655],[-74.2908627473735,40.5166137740313],[-74.2909157715094,40.516561253782],[-74.2909697889771,40.5165093264846],[-74.2910484260299,40.5164268056819],[-74.2911288102717,40.5163452713484],[-74.2912109204549,40.5162647450296],[-74.2912947348761,40.516185248004]]}},{"type":"Feature","id":202649,"properties":{"OBJECTID":202649,"PRIMENAME":"FR RT 440 NB to CO 611 NB","ELEVTYP_F":0,"ELEVTYP_T":0},"geometry":{"type":"LineString","coordinates":[[-74.2645829799565,40.52831469274],[-74.2646018387073,40.5284051549568],[-74.2646079084623,40.5285004508976],[-74.2646172212146,40.528594544802],[-74.2646068441857,40.5288046344002],[-74.264654080491,40.5288872766269]]}},{"type":"Feature","id":202674,"properties":{"OBJECTID":202674,"PRIMENAME":"Donald Avenue","ELEVTYP_F":0,"ELEVTYP_T":0},"geometry":{"type":"LineString","coordinates":[[-74.2792639702537,40.5278176787388],[-74.2791108772574,40.5285352612681],[-74.2790999888276,40.5285863266944]]}},{"type":"Feature","id":202766,"properties":{"OBJECTID":202766,"PRIMENAME":"Barracks Street","ELEVTYP_F":0,"ELEVTYP_T":0},"geometry":{"type":"LineString","coordinates":[[-74.2697990351607,40.5125741762384],[-74.2697457842755,40.5125588900487],[-74.2689162571208,40.5123209884755]]}},{"type":"Feature","id":203123,"properties":{"OBJECTID":203123,"PRIMENAME":"Madison Avenue","ELEVTYP_F":0,"ELEVTYP_T":0},"geometry":{"type":"LineString","coordinates":[[-74.2697171872045,40.5100680179039],[-74.2701290179478,40.5092196064044]]}},{"type":"Feature","id":203159,"properties":{"OBJECTID":203159,"PRIMENAME":"Hartford Street","ELEVTYP_F":0,"ELEVTYP_T":0},"geometry":{"type":"LineString","coordinates":[[-74.2606651462849,40.5152150950398],[-74.260021382859,40.5164541972158]]}},{"type":"Feature","id":203190,"properties":{"OBJECTID":203190,"PRIMENAME":"FR FLORIDA GROVE RD to RT 440 NB","ELEVTYP_F":0,"ELEVTYP_T":0},"geometry":{"type":"LineString","coordinates":[[-74.2905079057403,40.5227836143596],[-74.2904611353141,40.5228478118918],[-74.2904146170807,40.5229121160583]]}},{"type":"Feature","id":203471,"properties":{"OBJECTID":203471,"PRIMENAME":"Unnamed Segment","ELEVTYP_F":0,"ELEVTYP_T":0},"geometry":{"type":"LineString","coordinates":[[-74.2846008584513,40.5320127000716],[-74.2845375009171,40.5319632834779],[-74.284036624091,40.5315726132824]]}},{"type":"Feature","id":203712,"properties":{"OBJECTID":203712,"PRIMENAME":"FR RT 35 SB to CO 653","ELEVTYP_F":0,"ELEVTYP_T":0},"geometry":{"type":"LineString","coordinates":[[-74.2757673511488,40.5433493173768],[-74.2756054021608,40.543325455251]]}},{"type":"Feature","id":204546,"properties":{"OBJECTID":204546,"PRIMENAME":"Florida Grove Road","ELEVTYP_F":0,"ELEVTYP_T":0},"geometry":{"type":"LineString","coordinates":[[-74.2880833826296,40.5369075593678],[-74.2878353075802,40.537064563156],[-74.2874785686143,40.5372783284444],[-74.2872157729512,40.537423692053],[-74.2869454657364,40.5375661592085],[-74.2867502241301,40.5376715954878],[-74.2865249554198,40.537794132873],[-74.2864708985961,40.5378207167127]]}},{"type":"Feature","id":204608,"properties":{"OBJECTID":204608,"PRIMENAME":"Jacques Street","ELEVTYP_F":0,"ELEVTYP_T":0},"geometry":{"type":"LineString","coordinates":[[-74.2726419543226,40.5237704790508],[-74.272890494916,40.5230777153226]]}},{"type":"Feature","id":204871,"properties":{"OBJECTID":204871,"PRIMENAME":"Johnstone Street","ELEVTYP_F":0,"ELEVTYP_T":0},"geometry":{"type":"LineString","coordinates":[[-74.2742853031548,40.516055440492],[-74.2742643035311,40.5160965762071],[-74.2739449159375,40.5167224434111]]}},{"type":"Feature","id":205066,"properties":{"OBJECTID":205066,"PRIMENAME":"Kreil Street","ELEVTYP_F":0,"ELEVTYP_T":0},"geometry":{"type":"LineString","coordinates":[[-74.2681832741379,40.5263896023519],[-74.2683438166423,40.5261947188511]]}},{"type":"Feature","id":205108,"properties":{"OBJECTID":205108,"PRIMENAME":"Unnamed Segment","ELEVTYP_F":0,"ELEVTYP_T":0},"geometry":{"type":"LineString","coordinates":[[-74.2738966810273,40.5143966271191],[-74.2738377986148,40.5143410268622],[-74.2736631903576,40.5142435846213]]}},{"type":"Feature","id":205232,"properties":{"OBJECTID":205232,"PRIMENAME":"FR FLORIDA GROVE RD to RT 440 NB","ELEVTYP_F":0,"ELEVTYP_T":0},"geometry":{"type":"LineString","coordinates":[[-74.2903409620614,40.5215822363249],[-74.290356463415,40.52156866376],[-74.2903727139731,40.5215556115184],[-74.2903896837753,40.521543103664],[-74.2904073415347,40.5215311632566],[-74.2904419376915,40.5215168283541],[-74.2904780442546,40.5215048575783],[-74.2905153844705,40.5214953426838],[-74.2905536721304,40.5214883566012],[-74.2905926137636,40.5214839528781],[-74.2906319108872,40.5214821652683],[-74.2906712622935,40.5214830074738],[-74.2907103663588,40.5214864730393],[-74.2907527692528,40.5214930447449],[-74.2907945322411,40.5215016791078],[-74.2908354832182,40.5215123405456],[-74.2908754534247,40.5215249851228],[-74.2909142781427,40.5215395607308],[-74.2909517973746,40.5215560073035],[-74.2909878565023,40.5215742570645],[-74.2910223069244,40.5215942348063]]}},{"type":"Feature","id":205460,"properties":{"OBJECTID":205460,"PRIMENAME":"FR CO 655 SB TO FLORDIA GROVE RD","ELEVTYP_F":0,"ELEVTYP_T":0},"geometry":{"type":"LineString","coordinates":[[-74.2895644812933,40.5254660984397],[-74.2895615568044,40.5253060300518],[-74.2895676692702,40.525169060291],[-74.2895793720581,40.5250733863588],[-74.2895967790264,40.5249712725179],[-74.2896248850589,40.5248875977797]]}},{"type":"Feature","id":205529,"properties":{"OBJECTID":205529,"PRIMENAME":"Carlock Avenue","ELEVTYP_F":0,"ELEVTYP_T":0},"geometry":{"type":"LineString","coordinates":[[-74.2868114194749,40.5260945207302],[-74.2862423128852,40.5271890451152],[-74.2861476404415,40.5272749563627],[-74.2859807499934,40.5273547230137],[-74.2858385677825,40.5274250912452],[-74.2857332225743,40.5275520491487],[-74.285715252357,40.5276143851312]]}},{"type":"Feature","id":205618,"properties":{"OBJECTID":205618,"PRIMENAME":"Unnamed Segment","ELEVTYP_F":0,"ELEVTYP_T":0},"geometry":{"type":"LineString","coordinates":[[-74.2914985286232,40.5202652081041],[-74.2908659969655,40.5201837155683]]}},{"type":"Feature","id":205654,"properties":{"OBJECTID":205654,"PRIMENAME":"FR RAMP A113280 to CO 624 EB","ELEVTYP_F":0,"ELEVTYP_T":0},"geometry":{"type":"LineString","coordinates":[[-74.2905779539254,40.5184403668214],[-74.2905444190505,40.5184347916531],[-74.2905109836059,40.5184288789054],[-74.2904776534263,40.5184226296102],[-74.290444434328,40.518416044858],[-74.2904113321079,40.518409125798],[-74.2903783525425,40.5184018736374],[-74.2903455013869,40.5183942896419],[-74.2903127843738,40.518386375135]]}},{"type":"Feature","id":205672,"properties":{"OBJECTID":205672,"PRIMENAME":"Sterling Court","ELEVTYP_F":0,"ELEVTYP_T":0},"geometry":{"type":"LineString","coordinates":[[-74.283504238627,40.5362219333995],[-74.2837267801309,40.5364439355197],[-74.283853863468,40.5365557067611],[-74.2839436847745,40.5365958985392],[-74.2840148708959,40.5366017415892],[-74.2840861396009,40.5365818628892],[-74.2841814612532,40.5365358316827],[-74.284333886946,40.5364622271736]]}},{"type":"Feature","id":205839,"properties":{"OBJECTID":205839,"PRIMENAME":"Sutton Street","ELEVTYP_F":0,"ELEVTYP_T":0},"geometry":{"type":"LineString","coordinates":[[-74.2729849006332,40.5186698163161],[-74.2727091589341,40.5186136037701],[-74.2711273415944,40.5183095611353]]}},{"type":"Feature","id":206417,"properties":{"OBJECTID":206417,"PRIMENAME":"FR NJ TURNPIKE SB TO GARDEN STATE PKWY SB","ELEVTYP_F":0,"ELEVTYP_T":0},"geometry":{"type":"LineString","coordinates":[[-74.2884002093347,40.5428596205775],[-74.2884394551997,40.5428065745151],[-74.2885383639112,40.5426971939853],[-74.288642743686,40.542590813557],[-74.2887524383153,40.5424875924075],[-74.2888672836395,40.542387684986],[-74.2889377910512,40.5423273046148],[-74.2890111931139,40.542268966418],[-74.2890873882658,40.5422127511086],[-74.2891662710815,40.5421587364622],[-74.2892477324183,40.5421069972099],[-74.2893316595664,40.5420576049343],[-74.2894179364055,40.5420106279706],[-74.2895064435652,40.5419661313126],[-74.2896593880021,40.5418925096386],[-74.2898170823066,40.541824971602],[-74.2899791110641,40.5417636951129],[-74.2901450474456,40.5417088415868],[-74.2902624414984,40.5416744718425],[-74.2903813552435,40.5416432906703],[-74.2905016399308,40.5416153370745],[-74.2906231450963,40.5415906460221],[-74.2907457187495,40.5415692483988],[-74.290869207564,40.5415511709705],[-74.2909934570689,40.5415364363503],[-74.2911183118424,40.5415250629695],[-74.2912915877002,40.5415173876539],[-74.2914651280196,40.5415150367401],[-74.2916386518181,40.5415180140348],[-74.2918118781401,40.5415263147173],[-74.2922924171813,40.5415650895462]]}},{"type":"Feature","id":207397,"properties":{"OBJECTID":207397,"PRIMENAME":"Compton Avenue","ELEVTYP_F":0,"ELEVTYP_T":0},"geometry":{"type":"LineString","coordinates":[[-74.2845948734807,40.5216747422759],[-74.2848541738871,40.5217446493219],[-74.285056196286,40.52179911247]]}},{"type":"Feature","id":207413,"properties":{"OBJECTID":207413,"PRIMENAME":"New Brunswick Avenue","ELEVTYP_F":0,"ELEVTYP_T":0},"geometry":{"type":"LineString","coordinates":[[-74.2851429836775,40.5208004623695],[-74.2848440099116,40.5206468930291],[-74.2844768000182,40.520459074479],[-74.2844151432012,40.5204259352448]]}},{"type":"Feature","id":207662,"properties":{"OBJECTID":207662,"PRIMENAME":"Central Place","ELEVTYP_F":0,"ELEVTYP_T":0},"geometry":{"type":"LineString","coordinates":[[-74.2631659385603,40.5242850686997],[-74.2634140101315,40.5238050166431]]}},{"type":"Feature","id":209281,"properties":{"OBJECTID":209281,"PRIMENAME":"Carson Avenue","ELEVTYP_F":0,"ELEVTYP_T":0},"geometry":{"type":"LineString","coordinates":[[-74.2808008656179,40.5265197759532],[-74.2812700951072,40.5255542743341]]}},{"type":"Feature","id":209329,"properties":{"OBJECTID":209329,"PRIMENAME":"FR RT 184 EB to RT 440 NB","ELEVTYP_F":1,"ELEVTYP_T":0},"geometry":{"type":"LineString","coordinates":[[-74.2830485872497,40.5287363895008],[-74.2829773245307,40.5286875424706],[-74.2829050753139,40.528639546645],[-74.2828318570613,40.5285924136229],[-74.2827576874689,40.5285461547944],[-74.2827295988951,40.5285333659223],[-74.282700492262,40.5285219794057],[-74.2826704876587,40.5285120422236],[-74.2826397088791,40.5285035953747]]}},{"type":"Feature","id":209658,"properties":{"OBJECTID":209658,"PRIMENAME":"FR RT 35 NB to NJ 184 WB","ELEVTYP_F":0,"ELEVTYP_T":0},"geometry":{"type":"LineString","coordinates":[[-74.2798403426749,40.5293763012009],[-74.2798221288339,40.5294118308195],[-74.2798025379262,40.5294469313032],[-74.2797815872892,40.5294815715857],[-74.2797592954635,40.5295157210079],[-74.2797356821768,40.5295493493452],[-74.2797107683267,40.5295824268341],[-74.2796845759619,40.5296149241987],[-74.2796571282628,40.5296468126763],[-74.2796050874794,40.5296842893641]]}},{"type":"Feature","id":210204,"properties":{"OBJECTID":210204,"PRIMENAME":"Kamm Street","ELEVTYP_F":0,"ELEVTYP_T":0},"geometry":{"type":"LineString","coordinates":[[-74.2821186237903,40.5257982712391],[-74.2829662048101,40.5260254877507]]}},{"type":"Feature","id":210290,"properties":{"OBJECTID":210290,"PRIMENAME":"Cricket Lane","ELEVTYP_F":0,"ELEVTYP_T":0},"geometry":{"type":"LineString","coordinates":[[-74.2863348630519,40.5432076666967],[-74.2866526135201,40.5429072345609],[-74.2868983225202,40.5427784754078]]}},{"type":"Feature","id":210415,"properties":{"OBJECTID":210415,"PRIMENAME":"FR RT 440 NB to CO 611 NB","ELEVTYP_F":1,"ELEVTYP_T":0},"geometry":{"type":"LineString","coordinates":[[-74.2673497852347,40.5252833471102],[-74.2671867642884,40.5252378622433],[-74.267039844165,40.5252071501687],[-74.2668505961633,40.5251725365553],[-74.2666687352019,40.5251550404547],[-74.266526746056,40.5251547536586],[-74.2664195337659,40.5251678509594],[-74.2662724160059,40.5251941805203],[-74.2661376722812,40.5252414537996],[-74.2660627869459,40.5252793221874],[-74.2659953870203,40.5253160799013]]}},{"type":"Feature","id":210469,"properties":{"OBJECTID":210469,"PRIMENAME":"Mary Street","ELEVTYP_F":0,"ELEVTYP_T":0},"geometry":{"type":"LineString","coordinates":[[-74.2789598190146,40.5251828564384],[-74.2792762925044,40.5237214939328]]}},{"type":"Feature","id":211607,"properties":{"OBJECTID":211607,"PRIMENAME":"Cedar Street","ELEVTYP_F":0,"ELEVTYP_T":0},"geometry":{"type":"LineString","coordinates":[[-74.2839423555265,40.5138859821215],[-74.2843591164779,40.5139761966113],[-74.2848287587491,40.5140868775959]]}},{"type":"Feature","id":212006,"properties":{"OBJECTID":212006,"PRIMENAME":"FR RT 440 NB to CO 611 NB","ELEVTYP_F":0,"ELEVTYP_T":0},"geometry":{"type":"LineString","coordinates":[[-74.2627448536605,40.5273016389545],[-74.2628367018628,40.5274053040942],[-74.2629916988502,40.5275131866437],[-74.2630939639126,40.5275769364572],[-74.2632106521865,40.5276370501864],[-74.2632986145597,40.5276690018071],[-74.2633962084101,40.5276948614305],[-74.2636770906449,40.5277667307159],[-74.2638610491197,40.527813553904],[-74.2640018041652,40.5278492811135],[-74.2641105941551,40.5278800561029],[-74.2641841009176,40.5279083164913],[-74.264249641455,40.52794141856],[-74.2643167819391,40.5279794106541],[-74.2643790453349,40.5280235143227],[-74.264423720759,40.5280663743622],[-74.2644763973685,40.5281153452323],[-74.2645321820455,40.5281912241247],[-74.264563991708,40.5282511319677],[-74.2645829799565,40.52831469274]]}},{"type":"Feature","id":212026,"properties":{"OBJECTID":212026,"PRIMENAME":"High Street","ELEVTYP_F":0,"ELEVTYP_T":0},"geometry":{"type":"LineString","coordinates":[[-74.2684086386682,40.5011994702071],[-74.2684324595689,40.5008920083736],[-74.2684966899548,40.4997846033505]]}},{"type":"Feature","id":212269,"properties":{"OBJECTID":212269,"PRIMENAME":"FR FLORIDA GROVE RD to RT 440 NB","ELEVTYP_F":0,"ELEVTYP_T":0},"geometry":{"type":"LineString","coordinates":[[-74.2910223069244,40.5215942348063],[-74.2910426209131,40.5216169153208],[-74.2910609246957,40.5216405714794],[-74.2910771381125,40.5216650996847],[-74.2910911901575,40.5216903925203],[-74.2911030192902,40.521716339221],[-74.2911125737045,40.5217428261583],[-74.2911198115558,40.5217697373373],[-74.2911247011445,40.5217969549053],[-74.2911229804041,40.5218467909884],[-74.2911149617572,40.5218962673981],[-74.2911007201299,40.5219449217415],[-74.2910803886078,40.5219922993073],[-74.2909141841075,40.5222159730984],[-74.2907919599309,40.5223849074263],[-74.2906758143148,40.5225563210387],[-74.2905079057403,40.5227836143596]]}},{"type":"Feature","id":212288,"properties":{"OBJECTID":212288,"PRIMENAME":"Market Street","ELEVTYP_F":0,"ELEVTYP_T":0},"geometry":{"type":"LineString","coordinates":[[-74.2808807158798,40.5104377237237],[-74.2799726646544,40.510187948855]]}},{"type":"Feature","id":213409,"properties":{"OBJECTID":213409,"PRIMENAME":"Jacques Street","ELEVTYP_F":0,"ELEVTYP_T":0},"geometry":{"type":"LineString","coordinates":[[-74.2733686753874,40.5217023071133],[-74.2736092728757,40.5210135887328]]}},{"type":"Feature","id":213453,"properties":{"OBJECTID":213453,"PRIMENAME":"Paderewski Avenue","ELEVTYP_F":0,"ELEVTYP_T":0},"geometry":{"type":"LineString","coordinates":[[-74.2697032513817,40.5224355283111],[-74.2690942971574,40.5223229982476]]}},{"type":"Feature","id":213514,"properties":{"OBJECTID":213514,"PRIMENAME":"Dilman Lane","ELEVTYP_F":0,"ELEVTYP_T":0},"geometry":{"type":"LineString","coordinates":[[-74.2673497852347,40.5252833471102],[-74.2673165144121,40.5254275641608],[-74.2672977472408,40.5255179772332]]}},{"type":"Feature","id":213560,"properties":{"OBJECTID":213560,"PRIMENAME":"Brace Avenue","ELEVTYP_F":0,"ELEVTYP_T":0},"geometry":{"type":"LineString","coordinates":[[-74.2806149498141,40.5216313567994],[-74.2807184102264,40.5216631498934],[-74.2812642401994,40.5219771551834],[-74.2814330291062,40.5220859065206]]}},{"type":"Feature","id":214019,"properties":{"OBJECTID":214019,"PRIMENAME":"FR RAMP Y100400 to KREIL ST","ELEVTYP_F":0,"ELEVTYP_T":0},"geometry":{"type":"LineString","coordinates":[[-74.2688683595504,40.5262739715641],[-74.2690768247561,40.5263513254241],[-74.2692874343598,40.5264252200238],[-74.2694368972368,40.5264807960835],[-74.2695870520527,40.5265352754889],[-74.269737884988,40.5265886532253],[-74.2698893821605,40.5266409243795],[-74.2700359412747,40.5267081110952]]}},{"type":"Feature","id":214038,"properties":{"OBJECTID":214038,"PRIMENAME":"Chamberlain Avenue","ELEVTYP_F":0,"ELEVTYP_T":0},"geometry":{"type":"LineString","coordinates":[[-74.2869311803471,40.5321603479939],[-74.2866358624892,40.5326627351629],[-74.2864675221047,40.5329457197022],[-74.2863431567886,40.5331232364473],[-74.2861896493093,40.5333118704959],[-74.2860289087489,40.5334893465956],[-74.2858462746393,40.5336834452705],[-74.2856636925856,40.5338497621418],[-74.2854446646759,40.534038246601],[-74.2851509298186,40.5342533025122]]}},{"type":"Feature","id":214213,"properties":{"OBJECTID":214213,"PRIMENAME":"Maurer Road","ELEVTYP_F":0,"ELEVTYP_T":0},"geometry":{"type":"LineString","coordinates":[[-74.2624178419196,40.5363300983381],[-74.2624379643793,40.5363406364976],[-74.2626933185212,40.5364621656125],[-74.2629052488368,40.5365621116476],[-74.2630150108857,40.5366170191761],[-74.2630839967107,40.5366444468841],[-74.2631427761108,40.5366582109596],[-74.2632450067133,40.5366857616523],[-74.2633574337364,40.5367094073122],[-74.2634674355135,40.5367272019403],[-74.2635952252244,40.536741079114],[-74.2639021500178,40.5367476084577],[-74.2643164483065,40.5367620969203],[-74.2646668181402,40.5367745326799],[-74.265147555744,40.5368145465855],[-74.2654007286088,40.5368306534107],[-74.2656666206166,40.5368624599569],[-74.2661115262854,40.5369120870041],[-74.2664976425267,40.5369402091059],[-74.2667942898474,40.5369642235546],[-74.2670576895045,40.5369784254556],[-74.2672955617662,40.5369769558066],[-74.267518132912,40.5369676311524],[-74.2677458330806,40.5369524974398],[-74.2679172515057,40.536929425616],[-74.2681578547653,40.5368869749278],[-74.2684854867609,40.5368154080126],[-74.2687721692925,40.5367555077844],[-74.2688976306424,40.5367245187973],[-74.2689923458743,40.5366993438877],[-74.2690691351857,40.5366760811276],[-74.2691536543888,40.5366547836133],[-74.2692381234787,40.5366374108616],[-74.2694223897816,40.536602641724],[-74.2697679103206,40.5365389026745],[-74.2703642360593,40.5364366813439],[-74.2709631212022,40.5363324851333],[-74.2713495481898,40.5362688224259],[-74.271626553508,40.5362384058448]]}},{"type":"Feature","id":214722,"properties":{"OBJECTID":214722,"PRIMENAME":"Pearl Place","ELEVTYP_F":0,"ELEVTYP_T":0},"geometry":{"type":"LineString","coordinates":[[-74.262465315381,40.5165190627181],[-74.2629207289526,40.5166510501509],[-74.2637400096413,40.5168862006257]]}},{"type":"Feature","id":214799,"properties":{"OBJECTID":214799,"PRIMENAME":"Ford Street Connector","ELEVTYP_F":0,"ELEVTYP_T":0},"geometry":{"type":"LineString","coordinates":[[-74.2892018883725,40.5178295651902],[-74.2892868690448,40.5178005398184],[-74.2894773461644,40.517715458779],[-74.289603411002,40.5176495309133],[-74.2897210956164,40.5175835876603],[-74.2898752563555,40.5174707410455],[-74.2900070562644,40.5173535720033],[-74.2901978304452,40.5171724941233],[-74.2903942581636,40.5169658132032],[-74.2905626068137,40.5167889756171],[-74.2907720597768,40.5166038210525]]}},{"type":"Feature","id":214835,"properties":{"OBJECTID":214835,"PRIMENAME":"Florida Grove Road","ELEVTYP_F":0,"ELEVTYP_T":0},"geometry":{"type":"LineString","coordinates":[[-74.286343846426,40.5378831860797],[-74.2862584248103,40.5379251872615],[-74.2859993670939,40.5380591071517],[-74.2857028155329,40.5382043786538],[-74.2854250097509,40.5383497103217],[-74.2851547132709,40.5384864633168],[-74.2848919194689,40.5386174935622],[-74.284693010583,40.5387086446075],[-74.2845991338077,40.5387542033804],[-74.2844453472577,40.5387996773475],[-74.2843290632578,40.538819472246],[-74.2841528787605,40.5388362992634],[-74.2840029740999,40.5388274550922],[-74.2838343394712,40.5388128378059],[-74.2836957323619,40.5387925665267],[-74.2833810539312,40.5387433603766],[-74.2831814144912,40.5387139704963]]}},{"type":"Feature","id":214960,"properties":{"OBJECTID":214960,"PRIMENAME":"Stephen Avenue","ELEVTYP_F":0,"ELEVTYP_T":0},"geometry":{"type":"LineString","coordinates":[[-74.2903049734118,40.532528627359],[-74.290006813241,40.5323934657072],[-74.2895164180965,40.5322258900839],[-74.2883326310468,40.5318158863325],[-74.2873313916621,40.5314795004132]]}},{"type":"Feature","id":215648,"properties":{"OBJECTID":215648,"PRIMENAME":"Brace Avenue","ELEVTYP_F":0,"ELEVTYP_T":0},"geometry":{"type":"LineString","coordinates":[[-74.2777594584005,40.5208076080405],[-74.2786662667064,40.5210715347103]]}},{"type":"Feature","id":215664,"properties":{"OBJECTID":215664,"PRIMENAME":"Inslee Street","ELEVTYP_F":0,"ELEVTYP_T":0},"geometry":{"type":"LineString","coordinates":[[-74.2700613673307,40.5323598612071],[-74.2705283244794,40.5324025154812],[-74.272374919031,40.5325867965182]]}},{"type":"Feature","id":216404,"properties":{"OBJECTID":216404,"PRIMENAME":"State Street","ELEVTYP_F":0,"ELEVTYP_T":0},"geometry":{"type":"LineString","coordinates":[[-74.2662879853543,40.5116266776425],[-74.2662086597403,40.5117874911267],[-74.2659075341996,40.5124110129388],[-74.2658297157083,40.5125719111498]]}},{"type":"Feature","id":216666,"properties":{"OBJECTID":216666,"PRIMENAME":"McKeon Street","ELEVTYP_F":0,"ELEVTYP_T":0},"geometry":{"type":"LineString","coordinates":[[-74.2888303484696,40.5215107786033],[-74.288500144367,40.5223051614854]]}},{"type":"Feature","id":216977,"properties":{"OBJECTID":216977,"PRIMENAME":"Barclay Street","ELEVTYP_F":0,"ELEVTYP_T":0},"geometry":{"type":"LineString","coordinates":[[-74.272057549985,40.5161817354042],[-74.2729871426674,40.5164481401966],[-74.2739449159375,40.5167224434111]]}},{"type":"Feature","id":217303,"properties":{"OBJECTID":217303,"PRIMENAME":"Bruck Avenue","ELEVTYP_F":0,"ELEVTYP_T":0},"geometry":{"type":"LineString","coordinates":[[-74.2694423594668,40.5275642582506],[-74.2710812254746,40.5281442931683]]}},{"type":"Feature","id":217397,"properties":{"OBJECTID":217397,"PRIMENAME":"Hanson Avenue","ELEVTYP_F":0,"ELEVTYP_T":0},"geometry":{"type":"LineString","coordinates":[[-74.2831861740128,40.5283188956871],[-74.2835205971533,40.5268344422866],[-74.2835611837544,40.5267540040721]]}},{"type":"Feature","id":217398,"properties":{"OBJECTID":217398,"PRIMENAME":"Unnamed Segment","ELEVTYP_F":0,"ELEVTYP_T":0},"geometry":{"type":"LineString","coordinates":[[-74.2918178409631,40.5195049962718],[-74.2919587574913,40.5188127057247],[-74.2917071876206,40.5187899917204],[-74.2915624337824,40.5194370851243]]}},{"type":"Feature","id":217556,"properties":{"OBJECTID":217556,"PRIMENAME":"Sutton Street","ELEVTYP_F":0,"ELEVTYP_T":0},"geometry":{"type":"LineString","coordinates":[[-74.2743182846048,40.5189416699117],[-74.2729849006332,40.5186698163161]]}},{"type":"Feature","id":217638,"properties":{"OBJECTID":217638,"PRIMENAME":"Lawrie Street","ELEVTYP_F":0,"ELEVTYP_T":0},"geometry":{"type":"LineString","coordinates":[[-74.2801083097122,40.5192222113255],[-74.2786015205229,40.5187961732959],[-74.2776370647797,40.5185266448939]]}},{"type":"Feature","id":217651,"properties":{"OBJECTID":217651,"PRIMENAME":"McGuire Place","ELEVTYP_F":0,"ELEVTYP_T":0},"geometry":{"type":"LineString","coordinates":[[-74.2802562579597,40.5139892488556],[-74.2806512061169,40.5131338775385]]}},{"type":"Feature","id":217812,"properties":{"OBJECTID":217812,"PRIMENAME":"Lawrie Street","ELEVTYP_F":0,"ELEVTYP_T":0},"geometry":{"type":"LineString","coordinates":[[-74.2776370647797,40.5185266448939],[-74.2761136153949,40.5181008728655],[-74.2756915848623,40.5179791595213]]}},{"type":"Feature","id":218106,"properties":{"OBJECTID":218106,"PRIMENAME":"Buckingham Avenue","ELEVTYP_F":0,"ELEVTYP_T":0},"geometry":{"type":"LineString","coordinates":[[-74.264071847962,40.5162039195404],[-74.2636389051424,40.5160753320342],[-74.2628142540256,40.515835668454]]}},{"type":"Feature","id":218291,"properties":{"OBJECTID":218291,"PRIMENAME":"Spruce Street","ELEVTYP_F":0,"ELEVTYP_T":0},"geometry":{"type":"LineString","coordinates":[[-74.2716658357612,40.5304323221653],[-74.271944106825,40.5299688105229]]}},{"type":"Feature","id":218346,"properties":{"OBJECTID":218346,"PRIMENAME":"Park Avenue","ELEVTYP_F":0,"ELEVTYP_T":0},"geometry":{"type":"LineString","coordinates":[[-74.2693527399779,40.5135747892863],[-74.2693549384438,40.5135000441839],[-74.2697990351607,40.5125741762384]]}},{"type":"Feature","id":218570,"properties":{"OBJECTID":218570,"PRIMENAME":"Gornik Drive","ELEVTYP_F":0,"ELEVTYP_T":0},"geometry":{"type":"LineString","coordinates":[[-74.2842973005946,40.5354391510222],[-74.2842923050933,40.5354041559966],[-74.2842550625008,40.5353268659295],[-74.2842065940942,40.5352495828046],[-74.2842046758636,40.5352470178431],[-74.2841058515412,40.5351149942623],[-74.2840541844386,40.5350480271643]]}},{"type":"Feature","id":218571,"properties":{"OBJECTID":218571,"PRIMENAME":"FR RAMP A113280 to CO 624 EB","ELEVTYP_F":0,"ELEVTYP_T":0},"geometry":{"type":"LineString","coordinates":[[-74.2892018883725,40.5178295651902],[-74.2891879134432,40.517819870532],[-74.2891737377821,40.5178103471255],[-74.2891593649919,40.5178009973911],[-74.2891447987257,40.5177918237051],[-74.2891300426854,40.5177828283989],[-74.2891151006214,40.5177740137586],[-74.2890999763311,40.5177653820245],[-74.2890846736585,40.5177569353902]]}},{"type":"Feature","id":218829,"properties":{"OBJECTID":218829,"PRIMENAME":"Pine Street","ELEVTYP_F":0,"ELEVTYP_T":0},"geometry":{"type":"LineString","coordinates":[[-74.2684514476416,40.5322069280902],[-74.2685329887986,40.5317631243038]]}},{"type":"Feature","id":219043,"properties":{"OBJECTID":219043,"PRIMENAME":"Spruce Street","ELEVTYP_F":0,"ELEVTYP_T":0},"geometry":{"type":"LineString","coordinates":[[-74.2727046697711,40.5287182898072],[-74.2732054156832,40.5279083936885]]}},{"type":"Feature","id":219357,"properties":{"OBJECTID":219357,"PRIMENAME":"Colgate Avenue","ELEVTYP_F":0,"ELEVTYP_T":0},"geometry":{"type":"LineString","coordinates":[[-74.287167438857,40.5234628561436],[-74.2876892667532,40.5221630144896],[-74.2877092809272,40.5221131447794]]}},{"type":"Feature","id":219471,"properties":{"OBJECTID":219471,"PRIMENAME":"FR RAMP B100120 to RAMP A100120","ELEVTYP_F":0,"ELEVTYP_T":0},"geometry":{"type":"LineString","coordinates":[[-74.2824951593567,40.5283920185378],[-74.2824554147401,40.5283985936337],[-74.2824160387695,40.5284063534287],[-74.2823770920708,40.5284152859753],[-74.2823386346093,40.5284253775204],[-74.2820726546757,40.5285250830991],[-74.2818078416018,40.5286265815528]]}},{"type":"Feature","id":220480,"properties":{"OBJECTID":220480,"PRIMENAME":"Gordon Street","ELEVTYP_F":0,"ELEVTYP_T":0},"geometry":{"type":"LineString","coordinates":[[-74.2824401807353,40.5091901558893],[-74.2824314132357,40.5091876959753],[-74.2815677651579,40.508945758994]]}},{"type":"Feature","id":220599,"properties":{"OBJECTID":220599,"PRIMENAME":"State Highway 440","ELEVTYP_F":0,"ELEVTYP_T":0},"geometry":{"type":"LineString","coordinates":[[-74.2892314465119,40.5249074655664],[-74.2894752270579,40.5245878700949],[-74.2897212017714,40.5242692555893]]}},{"type":"Feature","id":220675,"properties":{"OBJECTID":220675,"PRIMENAME":"Penn Street","ELEVTYP_F":0,"ELEVTYP_T":0},"geometry":{"type":"LineString","coordinates":[[-74.2711273415944,40.5183095611353],[-74.271132173607,40.5182955164039],[-74.2711874303569,40.5181349537737],[-74.2714020291892,40.5175312046912]]}},{"type":"Feature","id":221018,"properties":{"OBJECTID":221018,"PRIMENAME":"Bruck Avenue","ELEVTYP_F":0,"ELEVTYP_T":0},"geometry":{"type":"LineString","coordinates":[[-74.2718900326087,40.5284303411299],[-74.2727046697711,40.5287182898072]]}},{"type":"Feature","id":221099,"properties":{"OBJECTID":221099,"PRIMENAME":"State Street","ELEVTYP_F":0,"ELEVTYP_T":0},"geometry":{"type":"LineString","coordinates":[[-74.2669568802285,40.5102705920275],[-74.2666229250244,40.5109476893438]]}},{"type":"Feature","id":222079,"properties":{"OBJECTID":222079,"PRIMENAME":"Leon Avenue","ELEVTYP_F":0,"ELEVTYP_T":0},"geometry":{"type":"LineString","coordinates":[[-74.2739050898818,40.5299041462859],[-74.272317933632,40.5293437439024]]}},{"type":"Feature","id":222210,"properties":{"OBJECTID":222210,"PRIMENAME":"Cutters Dock Road","ELEVTYP_F":0,"ELEVTYP_T":0},"geometry":{"type":"LineString","coordinates":[[-74.275349573174,40.5430514079209],[-74.2751524900541,40.5431268166006],[-74.274709682828,40.543285444696]]}},{"type":"Feature","id":222258,"properties":{"OBJECTID":222258,"PRIMENAME":"Lewis Street","ELEVTYP_F":0,"ELEVTYP_T":0},"geometry":{"type":"LineString","coordinates":[[-74.2672782938092,40.5008584777428],[-74.267677471076,40.500981301933],[-74.2683061144722,40.5011574015939],[-74.2684086386682,40.5011994702071]]}},{"type":"Feature","id":222260,"properties":{"OBJECTID":222260,"PRIMENAME":"Meredith Street","ELEVTYP_F":0,"ELEVTYP_T":0},"geometry":{"type":"LineString","coordinates":[[-74.2747350492276,40.5227224014816],[-74.2760646759092,40.5230040272008]]}},{"type":"Feature","id":224113,"properties":{"OBJECTID":224113,"PRIMENAME":"Florida Grove Road","ELEVTYP_F":0,"ELEVTYP_T":0},"geometry":{"type":"LineString","coordinates":[[-74.2894655623129,40.5361976742298],[-74.2894420318704,40.5362110713877],[-74.2894195692641,40.5362238607633],[-74.2893449194128,40.5362599271354]]}},{"type":"Feature","id":224246,"properties":{"OBJECTID":224246,"PRIMENAME":"FR NJ TURNPIKE EXPRESS SB TO RAMP X104630","ELEVTYP_F":1,"ELEVTYP_T":0},"geometry":{"type":"LineString","coordinates":[[-74.2877511473636,40.5441445684623],[-74.2877868996879,40.5440358729497],[-74.2878578034604,40.5438283711419],[-74.2879318916981,40.5436215178639],[-74.2879629054459,40.5435420510656],[-74.2879963243889,40.543463153784],[-74.2880321305759,40.5433848683794],[-74.2880703047744,40.5433072368834],[-74.2881449855784,40.5431920802702],[-74.2882249303323,40.543078999149],[-74.2883100400453,40.5429681335044],[-74.2884002093347,40.5428596205775]]}},{"type":"Feature","id":224270,"properties":{"OBJECTID":224270,"PRIMENAME":"Grace Street","ELEVTYP_F":0,"ELEVTYP_T":0},"geometry":{"type":"LineString","coordinates":[[-74.2821706037585,40.5107953533901],[-74.2814270437479,40.5123540311266]]}},{"type":"Feature","id":224639,"properties":{"OBJECTID":224639,"PRIMENAME":"Worden Avenue","ELEVTYP_F":0,"ELEVTYP_T":0},"geometry":{"type":"LineString","coordinates":[[-74.2898854306018,40.5274497046156],[-74.2908091517945,40.5273977140034]]}},{"type":"Feature","id":225362,"properties":{"OBJECTID":225362,"PRIMENAME":"Sayre Avenue","ELEVTYP_F":0,"ELEVTYP_T":0},"geometry":{"type":"LineString","coordinates":[[-74.2854836587105,40.5192251494539],[-74.2847524125879,40.5188290696108]]}},{"type":"Feature","id":225638,"properties":{"OBJECTID":225638,"PRIMENAME":"Convery Boulevard","ELEVTYP_F":0,"ELEVTYP_T":0},"geometry":{"type":"LineString","coordinates":[[-74.2894641247814,40.510557280165],[-74.2899438363616,40.5099330063423],[-74.2901187791203,40.5097053415206],[-74.2909312898512,40.5087878360718],[-74.2915724953232,40.5080637522197],[-74.2916400128419,40.5079861379028]]}},{"type":"Feature","id":226067,"properties":{"OBJECTID":226067,"PRIMENAME":"Convery Boulevard","ELEVTYP_F":0,"ELEVTYP_T":0},"geometry":{"type":"LineString","coordinates":[[-74.284717012401,40.5174811765663],[-74.2845821819082,40.5176319066387],[-74.2844710075019,40.5177524303691],[-74.2843743177336,40.517876576326],[-74.28429629545,40.517978439477],[-74.2842002483304,40.5181264693425],[-74.2841135230315,40.5182497276482],[-74.2840539633701,40.5183371583277],[-74.2839936103816,40.5184139636818]]}},{"type":"Feature","id":226245,"properties":{"OBJECTID":226245,"PRIMENAME":"Clark Avenue","ELEVTYP_F":0,"ELEVTYP_T":0},"geometry":{"type":"LineString","coordinates":[[-74.2804312376579,40.5369873456924],[-74.2795426578151,40.5368792538834],[-74.2788046097747,40.5367863488542]]}},{"type":"Feature","id":226331,"properties":{"OBJECTID":226331,"PRIMENAME":"Valley Place","ELEVTYP_F":0,"ELEVTYP_T":0},"geometry":{"type":"LineString","coordinates":[[-74.2635752494229,40.5243252993994],[-74.2634813437194,40.5249740531346]]}},{"type":"Feature","id":226842,"properties":{"OBJECTID":226842,"PRIMENAME":"Smith Street","ELEVTYP_F":0,"ELEVTYP_T":0},"geometry":{"type":"LineString","coordinates":[[-74.2801985385811,40.5120143802894],[-74.2799539320757,40.5119468512374],[-74.2795036381299,40.5118216935093],[-74.279413156091,40.5117963203271]]}},{"type":"Feature","id":227207,"properties":{"OBJECTID":227207,"PRIMENAME":"Harbortown Boulevard","ELEVTYP_F":0,"ELEVTYP_T":0},"geometry":{"type":"LineString","coordinates":[[-74.2599774223428,40.519650668925],[-74.2600442003996,40.5195274882493]]}},{"type":"Feature","id":228043,"properties":{"OBJECTID":228043,"PRIMENAME":"May Avenue","ELEVTYP_F":0,"ELEVTYP_T":0},"geometry":{"type":"LineString","coordinates":[[-74.2863663389873,40.5342637364046],[-74.2868078894264,40.5346786794441],[-74.2873550088556,40.535173396179],[-74.287614386822,40.5354234041543]]}},{"type":"Feature","id":229074,"properties":{"OBJECTID":229074,"PRIMENAME":"Shannon Avenue","ELEVTYP_F":0,"ELEVTYP_T":0},"geometry":{"type":"LineString","coordinates":[[-74.2874602510849,40.5363568424308],[-74.2880833826296,40.5369075593678]]}},{"type":"Feature","id":229102,"properties":{"OBJECTID":229102,"PRIMENAME":"Gornik Drive","ELEVTYP_F":0,"ELEVTYP_T":0},"geometry":{"type":"LineString","coordinates":[[-74.283701052534,40.5375409984786],[-74.2833534802438,40.5371495254963],[-74.2832271103419,40.5370173856122]]}},{"type":"Feature","id":229269,"properties":{"OBJECTID":229269,"PRIMENAME":"Market Street","ELEVTYP_F":0,"ELEVTYP_T":0},"geometry":{"type":"LineString","coordinates":[[-74.2781762079422,40.5096919566805],[-74.277628947788,40.5095403079647]]}},{"type":"Feature","id":229325,"properties":{"OBJECTID":229325,"PRIMENAME":"FR RT 440 NB to RT 184","ELEVTYP_F":0,"ELEVTYP_T":0},"geometry":{"type":"LineString","coordinates":[[-74.2864551951618,40.5273765457486],[-74.2862688979233,40.5274594730889],[-74.2860805266409,40.5275396262993],[-74.2858901522535,40.5276169751919],[-74.2856978464555,40.5276914906347]]}},{"type":"Feature","id":229605,"properties":{"OBJECTID":229605,"PRIMENAME":"FR CO 611 SB to RT 440 SB","ELEVTYP_F":0,"ELEVTYP_T":1},"geometry":{"type":"LineString","coordinates":[[-74.2647983200709,40.5283075380733],[-74.2648090944163,40.5282202820929],[-74.2648329626553,40.5278038962805],[-74.2648511684361,40.5275871795349],[-74.2648822135068,40.5272582681239],[-74.2649079738323,40.5270206487647],[-74.26494605619,40.5268191515739],[-74.264973841146,40.5267127251921],[-74.2650241642938,40.5265702186949],[-74.2650894783588,40.5264201386565],[-74.2651316293409,40.5263410556422]]}},{"type":"Feature","id":229864,"properties":{"OBJECTID":229864,"PRIMENAME":"State Street","ELEVTYP_F":0,"ELEVTYP_T":0},"geometry":{"type":"LineString","coordinates":[[-74.2685565911824,40.5070254467583],[-74.2681659100795,40.5078294790472],[-74.2678429680115,40.5084696800761],[-74.2677941578994,40.5085651126929]]}},{"type":"Feature","id":230454,"properties":{"OBJECTID":230454,"PRIMENAME":"Inslee Street","ELEVTYP_F":0,"ELEVTYP_T":0},"geometry":{"type":"LineString","coordinates":[[-74.2684514476416,40.5322069280902],[-74.269569054816,40.532314876802],[-74.2700613673307,40.5323598612071]]}},{"type":"Feature","id":230684,"properties":{"OBJECTID":230684,"PRIMENAME":"Mary Street","ELEVTYP_F":0,"ELEVTYP_T":0},"geometry":{"type":"LineString","coordinates":[[-74.2785079770488,40.5272502440659],[-74.2785710684701,40.5269621725138],[-74.278878214923,40.5255596865911],[-74.2789598190146,40.5251828564384]]}},{"type":"Feature","id":230717,"properties":{"OBJECTID":230717,"PRIMENAME":"Rudyard Drive","ELEVTYP_F":0,"ELEVTYP_T":0},"geometry":{"type":"LineString","coordinates":[[-74.2803393558755,40.5376663667553],[-74.2804312376579,40.5369873456924]]}},{"type":"Feature","id":230819,"properties":{"OBJECTID":230819,"PRIMENAME":"Brace Avenue","ELEVTYP_F":0,"ELEVTYP_T":0},"geometry":{"type":"LineString","coordinates":[[-74.2868969028956,40.5241271979857],[-74.2868999905341,40.5241290148414],[-74.2874450745462,40.5244439234103],[-74.2876239858784,40.5245194412346],[-74.2876246329597,40.5245197171151]]}},{"type":"Feature","id":230878,"properties":{"OBJECTID":230878,"PRIMENAME":"FR GROVE ST to NJ 440 NB","ELEVTYP_F":0,"ELEVTYP_T":0},"geometry":{"type":"LineString","coordinates":[[-74.274114957075,40.5276675689549],[-74.2738046646639,40.5275740146908],[-74.2734956769741,40.5274779798407],[-74.2732672609187,40.5274079332505]]}},{"type":"Feature","id":230890,"properties":{"OBJECTID":230890,"PRIMENAME":"FR FLORIDA GROVE RD to RAMP B100270","ELEVTYP_F":0,"ELEVTYP_T":0},"geometry":{"type":"LineString","coordinates":[[-74.2908050519283,40.5214567571558],[-74.2908351129325,40.5214710485996],[-74.2908644285372,40.5214862150191],[-74.2908929550335,40.5215022338016],[-74.2909206498889,40.5215190810639],[-74.2909474718107,40.5215367316871],[-74.2909733808075,40.5215551593549],[-74.2909983382493,40.5215743365922],[-74.2910223069244,40.5215942348063]]}},{"type":"Feature","id":230949,"properties":{"OBJECTID":230949,"PRIMENAME":"Donald Avenue","ELEVTYP_F":0,"ELEVTYP_T":0},"geometry":{"type":"LineString","coordinates":[[-74.2801394356199,40.5238324224269],[-74.2800532096083,40.5242168766249],[-74.2798088757714,40.5252943089222]]}},{"type":"Feature","id":231095,"properties":{"OBJECTID":231095,"PRIMENAME":"Krochmally Avenue","ELEVTYP_F":0,"ELEVTYP_T":0},"geometry":{"type":"LineString","coordinates":[[-74.2785079770488,40.5272502440659],[-74.277663931941,40.527542322906],[-74.2775130346899,40.5275909500056]]}},{"type":"Feature","id":231385,"properties":{"OBJECTID":231385,"PRIMENAME":"Barnes Court","ELEVTYP_F":0,"ELEVTYP_T":0},"geometry":{"type":"LineString","coordinates":[[-74.260578235661,40.5177288837402],[-74.2604140316816,40.5175792499011]]}},{"type":"Feature","id":231884,"properties":{"OBJECTID":231884,"PRIMENAME":"Fayette Street","ELEVTYP_F":0,"ELEVTYP_T":0},"geometry":{"type":"LineString","coordinates":[[-74.2875922820077,40.5159867004908],[-74.2868362123823,40.5157808791241],[-74.2862222879903,40.5156127315678],[-74.2862081616899,40.515608862452],[-74.2860710941833,40.5155719613095]]}},{"type":"Feature","id":232263,"properties":{"OBJECTID":232263,"PRIMENAME":"Grant Street","ELEVTYP_F":0,"ELEVTYP_T":0},"geometry":{"type":"LineString","coordinates":[[-74.2803532178053,40.5072899304161],[-74.2805346196324,40.5069144007489],[-74.2809175274714,40.5061217154483]]}},{"type":"Feature","id":232348,"properties":{"OBJECTID":232348,"PRIMENAME":"FR RT 440 NB to CO 611 NB","ELEVTYP_F":0,"ELEVTYP_T":0},"geometry":{"type":"LineString","coordinates":[[-74.2659953870203,40.5253160799013],[-74.2659654356669,40.5253323800333],[-74.2659105669367,40.5253761087112]]}},{"type":"Feature","id":232572,"properties":{"OBJECTID":232572,"PRIMENAME":"State Street","ELEVTYP_F":0,"ELEVTYP_T":0},"geometry":{"type":"LineString","coordinates":[[-74.2647482188292,40.5251761821579],[-74.2646217045623,40.5247934471565],[-74.2645398619113,40.5246810595897]]}},{"type":"Feature","id":232601,"properties":{"OBJECTID":232601,"PRIMENAME":"Amboy Avenue","ELEVTYP_F":0,"ELEVTYP_T":0},"geometry":{"type":"LineString","coordinates":[[-74.2748546734057,40.5285129096313],[-74.2748532884806,40.5285155043398],[-74.2747552242575,40.5286993283366],[-74.2745753412412,40.5289792813349],[-74.2743861031719,40.5292376115468],[-74.2743374884534,40.5293050464862]]}},{"type":"Feature","id":232654,"properties":{"OBJECTID":232654,"PRIMENAME":"FR RT 440 SB to CR 653","ELEVTYP_F":0,"ELEVTYP_T":0},"geometry":{"type":"LineString","coordinates":[[-74.274124221231,40.5281583520212],[-74.2741935310274,40.5281946758709],[-74.2742650820949,40.5282283746538],[-74.2743387038193,40.5282593680134],[-74.2744142206481,40.5282875820442],[-74.2744969019563,40.5283168543807],[-74.2745790575035,40.528346976343],[-74.2746606722958,40.5283779424341],[-74.2747417314379,40.5284097470026],[-74.2747744750356,40.5284324819428],[-74.2748043740746,40.528457394323],[-74.2748311808838,40.5284842777821],[-74.2748546734057,40.5285129096313]]}},{"type":"Feature","id":232808,"properties":{"OBJECTID":232808,"PRIMENAME":"Charles Street","ELEVTYP_F":0,"ELEVTYP_T":0},"geometry":{"type":"LineString","coordinates":[[-74.2669486778213,40.5179487639485],[-74.2664124716291,40.5194819010913],[-74.2663890075893,40.5195469132143]]}},{"type":"Feature","id":233272,"properties":{"OBJECTID":233272,"PRIMENAME":"State Highway 440","ELEVTYP_F":0,"ELEVTYP_T":0},"geometry":{"type":"LineString","coordinates":[[-74.2867352948963,40.5273664122257],[-74.2868620077613,40.5272799453561],[-74.2869862734548,40.5271914348496],[-74.287182982557,40.5270481621844],[-74.2873731546493,40.5268998398206],[-74.2875565672576,40.5267466413077],[-74.2877330058213,40.5265887458995],[-74.2879132223217,40.5264261154694],[-74.2880869525965,40.5262594261407],[-74.2882540397738,40.5260888284739],[-74.2884143329855,40.5259144765585],[-74.2885526035244,40.5257590617446],[-74.2886879279419,40.5256021443779]]}},{"type":"Feature","id":233348,"properties":{"OBJECTID":233348,"PRIMENAME":"1st Street","ELEVTYP_F":0,"ELEVTYP_T":0},"geometry":{"type":"LineString","coordinates":[[-74.2747650449458,40.5026653862332],[-74.2741799533707,40.5038413270522],[-74.2737922735269,40.504634130458]]}},{"type":"Feature","id":233400,"properties":{"OBJECTID":233400,"PRIMENAME":"Hommann Avenue","ELEVTYP_F":0,"ELEVTYP_T":0},"geometry":{"type":"LineString","coordinates":[[-74.2817228395893,40.5265945413354],[-74.2816813219272,40.5266619099502],[-74.281677342077,40.5266797186321],[-74.2813602515525,40.5280989202848]]}},{"type":"Feature","id":233798,"properties":{"OBJECTID":233798,"PRIMENAME":"Madison Avenue","ELEVTYP_F":0,"ELEVTYP_T":0},"geometry":{"type":"LineString","coordinates":[[-74.2691757186959,40.5111795363366],[-74.269292496233,40.5109400652625]]}},{"type":"Feature","id":233825,"properties":{"OBJECTID":233825,"PRIMENAME":"Unnamed Segment","ELEVTYP_F":0,"ELEVTYP_T":0},"geometry":{"type":"LineString","coordinates":[[-74.2909425284594,40.5197722094019],[-74.2919670849495,40.519932749058],[-74.2920507334828,40.5198987676141],[-74.2922810854901,40.5195897486187]]}},{"type":"Feature","id":234154,"properties":{"OBJECTID":234154,"PRIMENAME":"Meredith Street","ELEVTYP_F":0,"ELEVTYP_T":0},"geometry":{"type":"LineString","coordinates":[[-74.2691830001141,40.5215903943011],[-74.2691956534242,40.5215929998725],[-74.2699394382877,40.5217441187243]]}},{"type":"Feature","id":234398,"properties":{"OBJECTID":234398,"PRIMENAME":"Unnamed Segment","ELEVTYP_F":0,"ELEVTYP_T":0},"geometry":{"type":"LineString","coordinates":[[-74.2602231080241,40.518503268418],[-74.2600549122799,40.5183498440682],[-74.2599055840732,40.5182645542542],[-74.2598762490542,40.5182504759276],[-74.2597666280634,40.51819787297],[-74.2599681835065,40.5179073466245]]}},{"type":"Feature","id":235456,"properties":{"OBJECTID":235456,"PRIMENAME":"Kreil Street","ELEVTYP_F":0,"ELEVTYP_T":0},"geometry":{"type":"LineString","coordinates":[[-74.2678139839268,40.5269862259258],[-74.2681607677826,40.5264169263467],[-74.2681832741379,40.5263896023519]]}},{"type":"Feature","id":235622,"properties":{"OBJECTID":235622,"PRIMENAME":"FR RT 184 WB to RT 184 EB","ELEVTYP_F":0,"ELEVTYP_T":0},"geometry":{"type":"LineString","coordinates":[[-74.2815562662113,40.5301021168434],[-74.2815959248146,40.530082691182],[-74.2816349932689,40.5300625813464],[-74.2816785431379,40.5300363910041],[-74.2817209373707,40.5300091190768],[-74.2817621298509,40.5299807952315],[-74.2818020757699,40.5299514502797],[-74.2818407316752,40.5299211161436],[-74.2818780555178,40.5298898258212],[-74.2819140066978,40.5298576133509],[-74.2819485461089,40.529824513774]]}},{"type":"Feature","id":235677,"properties":{"OBJECTID":235677,"PRIMENAME":"Lawrence Street","ELEVTYP_F":0,"ELEVTYP_T":0},"geometry":{"type":"LineString","coordinates":[[-74.269942109233,40.5267498457954],[-74.2699552598621,40.5267543462903],[-74.2706813213575,40.527014187377]]}},{"type":"Feature","id":236063,"properties":{"OBJECTID":236063,"PRIMENAME":"Francis Street","ELEVTYP_F":0,"ELEVTYP_T":0},"geometry":{"type":"LineString","coordinates":[[-74.2709541749559,40.5251064884074],[-74.2706157432934,40.5256516285667]]}},{"type":"Feature","id":236303,"properties":{"OBJECTID":236303,"PRIMENAME":"Central Place","ELEVTYP_F":0,"ELEVTYP_T":0},"geometry":{"type":"LineString","coordinates":[[-74.2627321103227,40.5248930737605],[-74.2629250977033,40.5242534455627]]}},{"type":"Feature","id":236561,"properties":{"OBJECTID":236561,"PRIMENAME":"Alpine Street","ELEVTYP_F":0,"ELEVTYP_T":0},"geometry":{"type":"LineString","coordinates":[[-74.2709541749559,40.5251064884074],[-74.2697800088499,40.5246883247589],[-74.2694931833216,40.5245847563457]]}},{"type":"Feature","id":237354,"properties":{"OBJECTID":237354,"PRIMENAME":"FR RT 440 SB to FLORIDA GROVE RD","ELEVTYP_F":0,"ELEVTYP_T":0},"geometry":{"type":"LineString","coordinates":[[-74.2896446394365,40.524646545731],[-74.2896638658125,40.5246275964064],[-74.2897788563731,40.5245038543277],[-74.2898894831206,40.5243778170978],[-74.2901043332395,40.5241296755478],[-74.2903219536989,40.5238829441656],[-74.2905213859887,40.5236634958289],[-74.2907230162474,40.5234452205487],[-74.2908103883498,40.5233505949126]]}},{"type":"Feature","id":237671,"properties":{"OBJECTID":237671,"PRIMENAME":"Unnamed Segment","ELEVTYP_F":0,"ELEVTYP_T":0},"geometry":{"type":"LineString","coordinates":[[-74.2834605695658,40.5323115715534],[-74.2832912234993,40.5324148107587],[-74.2832328598153,40.5324437014431]]}},{"type":"Feature","id":238720,"properties":{"OBJECTID":238720,"PRIMENAME":"FR 440__X100380 TO 440__B100380","ELEVTYP_F":0,"ELEVTYP_T":1},"geometry":{"type":"LineString","coordinates":[[-74.274124221231,40.5281583520212],[-74.2742213293507,40.5281865765645],[-74.2743171914898,40.5282171808376],[-74.2744117075193,40.5282501328744],[-74.2745047787156,40.5282853982569],[-74.2745241939591,40.5282919794093],[-74.2745442075766,40.528297417678],[-74.2745647042132,40.528301681718],[-74.27458556573,40.528304746952],[-74.274606671885,40.5283065957125],[-74.2746279010257,40.5283072173436],[-74.2746491307913,40.5283066082623],[-74.274670238817,40.5283047719793],[-74.2746854560047,40.5282999740498],[-74.2746999546142,40.528294019834],[-74.2747135842225,40.5282869711071],[-74.2747262034225,40.5282789009998],[-74.2747376812902,40.5282698932394],[-74.2747478987431,40.5282600412815],[-74.2747567497757,40.5282494473403],[-74.2747641425593,40.5282382213278],[-74.2747783393171,40.5282100017472]]}},{"type":"Feature","id":238811,"properties":{"OBJECTID":238811,"PRIMENAME":"Unnamed Segment","ELEVTYP_F":0,"ELEVTYP_T":0},"geometry":{"type":"LineString","coordinates":[[-74.2845948734807,40.5216747422759],[-74.2842991794089,40.5222545551635]]}},{"type":"Feature","id":238840,"properties":{"OBJECTID":238840,"PRIMENAME":"Fayette Street","ELEVTYP_F":0,"ELEVTYP_T":0},"geometry":{"type":"LineString","coordinates":[[-74.2834865059068,40.5148668395921],[-74.283470592451,40.514862498466],[-74.2826234070682,40.5146313629173]]}},{"type":"Feature","id":239524,"properties":{"OBJECTID":239524,"PRIMENAME":"Jennetty Court","ELEVTYP_F":0,"ELEVTYP_T":0},"geometry":{"type":"LineString","coordinates":[[-74.287614386822,40.5354234041543],[-74.2878293812288,40.5352815741359],[-74.2879210163966,40.5352146799763],[-74.2879704044163,40.5351611032331],[-74.2879917613133,40.5350860086281],[-74.2879849632714,40.5350054820238],[-74.2879606498779,40.5349115543901],[-74.2879189032877,40.534766591421],[-74.2878807843977,40.5345894062018],[-74.2878464256398,40.5343264162476],[-74.2878389253037,40.53414640251],[-74.2878301038787,40.5339346590946]]}},{"type":"Feature","id":240206,"properties":{"OBJECTID":240206,"PRIMENAME":"May Street","ELEVTYP_F":0,"ELEVTYP_T":0},"geometry":{"type":"LineString","coordinates":[[-74.29247180688,40.525432243934],[-74.2924129240691,40.5254180280434],[-74.29090569046,40.5250538879621]]}},{"type":"Feature","id":240514,"properties":{"OBJECTID":240514,"PRIMENAME":"Glenn Drive","ELEVTYP_F":0,"ELEVTYP_T":0},"geometry":{"type":"LineString","coordinates":[[-74.2916251969256,40.5180521969281],[-74.2918806759463,40.5172670319705]]}},{"type":"Feature","id":240519,"properties":{"OBJECTID":240519,"PRIMENAME":"FR RT 35 SB to CO 653","ELEVTYP_F":0,"ELEVTYP_T":0},"geometry":{"type":"LineString","coordinates":[[-74.2768400568801,40.543603619392],[-74.2766325133771,40.5435348925012],[-74.2764648089717,40.5434973444752]]}},{"type":"Feature","id":240839,"properties":{"OBJECTID":240839,"PRIMENAME":"Park Avenue","ELEVTYP_F":0,"ELEVTYP_T":0},"geometry":{"type":"LineString","coordinates":[[-74.2682131120579,40.5158108099193],[-74.2683496112636,40.5157543314221],[-74.2689373628483,40.5145446076141]]}},{"type":"Feature","id":240875,"properties":{"OBJECTID":240875,"PRIMENAME":"State Highway 440","ELEVTYP_F":0,"ELEVTYP_T":0},"geometry":{"type":"LineString","coordinates":[[-74.2886879279419,40.5256021443779],[-74.2888062151174,40.5254608726571],[-74.288922112706,40.5253184524438],[-74.289135646675,40.525034118918]]}},{"type":"Feature","id":241182,"properties":{"OBJECTID":241182,"PRIMENAME":"FR CO 611 SB to RT 440 SB","ELEVTYP_F":0,"ELEVTYP_T":0},"geometry":{"type":"LineString","coordinates":[[-74.2697743290486,40.5264952637954],[-74.2700712015737,40.5265984344845],[-74.2703187588653,40.5266706362569],[-74.2705669524972,40.5267415551372],[-74.2708157710489,40.5268111878616],[-74.2710652030713,40.5268795312254]]}},{"type":"Feature","id":241572,"properties":{"OBJECTID":241572,"PRIMENAME":"New Brunswick Avenue","ELEVTYP_F":0,"ELEVTYP_T":0},"geometry":{"type":"LineString","coordinates":[[-74.2893456672123,40.5225048485094],[-74.2888814972114,40.5223946355022],[-74.288500144367,40.5223051614854]]}},{"type":"Feature","id":241753,"properties":{"OBJECTID":241753,"PRIMENAME":"Carson Avenue","ELEVTYP_F":0,"ELEVTYP_T":0},"geometry":{"type":"LineString","coordinates":[[-74.2812700951072,40.5255542743341],[-74.2815199873901,40.5250400377879],[-74.2819522681427,40.5241582162061]]}},{"type":"Feature","id":242145,"properties":{"OBJECTID":242145,"PRIMENAME":"Neville Street","ELEVTYP_F":0,"ELEVTYP_T":0},"geometry":{"type":"LineString","coordinates":[[-74.2704716094264,40.5172729389358],[-74.2714020291892,40.5175312046912]]}},{"type":"Feature","id":242321,"properties":{"OBJECTID":242321,"PRIMENAME":"Leon Avenue","ELEVTYP_F":0,"ELEVTYP_T":0},"geometry":{"type":"LineString","coordinates":[[-74.26906032227,40.5281869108781],[-74.2670997072113,40.5274928545084]]}},{"type":"Feature","id":242541,"properties":{"OBJECTID":242541,"PRIMENAME":"Madison Avenue","ELEVTYP_F":0,"ELEVTYP_T":0},"geometry":{"type":"LineString","coordinates":[[-74.2709063211687,40.5076826718842],[-74.2709442638671,40.5076086838064],[-74.2716447887083,40.5062082442498]]}},{"type":"Feature","id":242584,"properties":{"OBJECTID":242584,"PRIMENAME":"FR A100120 TO PFEIFFER BLVD","ELEVTYP_F":0,"ELEVTYP_T":0},"geometry":{"type":"LineString","coordinates":[[-74.2818078416018,40.5286265815528],[-74.2816264891622,40.5286753826269],[-74.2814423922389,40.5287177808728],[-74.2812559388808,40.5287536869206],[-74.2810675221061,40.5287830250849],[-74.2808616347046,40.5288087897404],[-74.2806550061894,40.5288308314093],[-74.2804477521818,40.528849137758],[-74.2802399886537,40.5288636985431],[-74.2800960949852,40.5288685644296],[-74.2799520845341,40.5288705898174]]}},{"type":"Feature","id":242640,"properties":{"OBJECTID":242640,"PRIMENAME":"Stanford Street","ELEVTYP_F":0,"ELEVTYP_T":0},"geometry":{"type":"LineString","coordinates":[[-74.2753205075418,40.5138060690087],[-74.2751193110974,40.5141949267278]]}},{"type":"Feature","id":242753,"properties":{"OBJECTID":242753,"PRIMENAME":"Unnamed Segment","ELEVTYP_F":0,"ELEVTYP_T":0},"geometry":{"type":"LineString","coordinates":[[-74.285262859562,40.5324867005559],[-74.2838628596396,40.5335357007844]]}},{"type":"Feature","id":242790,"properties":{"OBJECTID":242790,"PRIMENAME":"West Side Avenue","ELEVTYP_F":0,"ELEVTYP_T":0},"geometry":{"type":"LineString","coordinates":[[-74.2701665760414,40.5181182683977],[-74.2699625170909,40.5187389183687],[-74.2699430160401,40.5187929037184]]}},{"type":"Feature","id":242936,"properties":{"OBJECTID":242936,"PRIMENAME":"Weirupp Street","ELEVTYP_F":0,"ELEVTYP_T":0},"geometry":{"type":"LineString","coordinates":[[-74.2853338500797,40.5233827931491],[-74.2856062010004,40.5228753971073]]}},{"type":"Feature","id":243342,"properties":{"OBJECTID":243342,"PRIMENAME":"Florida Grove Road","ELEVTYP_F":0,"ELEVTYP_T":0},"geometry":{"type":"LineString","coordinates":[[-74.2904318537349,40.5197818811962],[-74.2904124216402,40.5199231094614],[-74.2903820050316,40.5201145638308]]}},{"type":"Feature","id":243590,"properties":{"OBJECTID":243590,"PRIMENAME":"Unnamed Segment","ELEVTYP_F":0,"ELEVTYP_T":0},"geometry":{"type":"LineString","coordinates":[[-74.2863348630519,40.5432076666967],[-74.2859947052849,40.5431755783618],[-74.2859128876223,40.5431910229053],[-74.2855502234797,40.5433641168259],[-74.2855000608045,40.5435266530462]]}},{"type":"Feature","id":243591,"properties":{"OBJECTID":243591,"PRIMENAME":"FR HIGH ST TO RAMP Y100400","ELEVTYP_F":1,"ELEVTYP_T":1},"geometry":{"type":"LineString","coordinates":[[-74.2646720102809,40.5261574328902],[-74.2648462252341,40.5261090897591],[-74.2648648423797,40.5261038013368]]}},{"type":"Feature","id":243776,"properties":{"OBJECTID":243776,"PRIMENAME":"Wayne Street","ELEVTYP_F":0,"ELEVTYP_T":0},"geometry":{"type":"LineString","coordinates":[[-74.2678320419356,40.5224721374638],[-74.2673439726351,40.5223763666023]]}},{"type":"Feature","id":243906,"properties":{"OBJECTID":243906,"PRIMENAME":"Unnamed Segment","ELEVTYP_F":0,"ELEVTYP_T":0},"geometry":{"type":"LineString","coordinates":[[-74.2753205075418,40.5138060690087],[-74.2754286350911,40.5138370392611],[-74.2759868710757,40.5139969288143],[-74.2761214829752,40.5140826197239],[-74.2770706960272,40.5143232177426],[-74.2771454206314,40.5142926954597],[-74.2772469572197,40.5140650060191],[-74.2772784720007,40.5139943358772]]}},{"type":"Feature","id":244115,"properties":{"OBJECTID":244115,"PRIMENAME":"FR RT 440 NB to CO 611 NB","ELEVTYP_F":0,"ELEVTYP_T":0},"geometry":{"type":"LineString","coordinates":[[-74.2695213903208,40.5261255277891],[-74.2692224812568,40.5260006681213],[-74.2687397171398,40.5258076271706],[-74.2679047163793,40.5254730534261]]}},{"type":"Feature","id":244629,"properties":{"OBJECTID":244629,"PRIMENAME":"FR RAMP 00000440__Z100360 to RT 35 SB","ELEVTYP_F":0,"ELEVTYP_T":0},"geometry":{"type":"LineString","coordinates":[[-74.2809344011307,40.5295041070669],[-74.2809815477565,40.529557367927],[-74.281022921434,40.5296133522674],[-74.2810582535177,40.529671696593],[-74.2810873145869,40.5297320220851],[-74.2810978920661,40.5297692031389],[-74.2811037794967,40.5298069839523],[-74.2811049233215,40.5298450208899],[-74.2811013131287,40.529882967986],[-74.2810929817472,40.5299204800916],[-74.2810800049475,40.5299572160136],[-74.2810625007534,40.529992841618],[-74.2810406283687,40.5300270328696],[-74.2810158419354,40.5300553560186],[-74.2809877977044,40.5300818512376],[-74.2809567258603,40.5301063010527],[-74.2809228814393,40.5301285047785],[-74.2808865422357,40.5301482801656],[-74.2808480065223,40.5301654648962],[-74.2808075906016,40.5301799179169],[-74.2807656262096,40.530191520596],[-74.2807127426074,40.5302008069416],[-74.2806591296503,40.5302072112072],[-74.2806050567727,40.5302107012079],[-74.2805507957206,40.5302112594047],[-74.2804966191857,40.5302088829921],[-74.2804427994351,40.5302035839132],[-74.2803896069425,40.5301953887986],[-74.2803373090291,40.5301843388333],[-74.280248839038,40.5301577790657],[-74.2801641535659,40.530124810264],[-74.2800840478307,40.5300857420159],[-74.2800092740411,40.5300409411841],[-74.2799719219339,40.530001099391],[-74.2799406068834,40.5299583358527],[-74.2799157171841,40.529913180837],[-74.2798975614543,40.5298661942646],[-74.27988661256,40.529809467854],[-74.2798803042338,40.5297523319547],[-74.2798786608429,40.5296950073724],[-74.2798816887264,40.5296377156416],[-74.2798573421972,40.5294778774188]]}},{"type":"Feature","id":244693,"properties":{"OBJECTID":244693,"PRIMENAME":"Amboy Avenue","ELEVTYP_F":0,"ELEVTYP_T":0},"geometry":{"type":"LineString","coordinates":[[-74.2756546490899,40.5172113049392],[-74.2756774010294,40.5176480700626],[-74.2756915848623,40.5179791595213]]}},{"type":"Feature","id":245149,"properties":{"OBJECTID":245149,"PRIMENAME":"State Street","ELEVTYP_F":0,"ELEVTYP_T":0},"geometry":{"type":"LineString","coordinates":[[-74.2640582712579,40.5232369420637],[-74.2641888128071,40.5236282779825],[-74.264287708199,40.5239248698513],[-74.2644518224552,40.5244171846673]]}},{"type":"Feature","id":245711,"properties":{"OBJECTID":245711,"PRIMENAME":"Hall Avenue","ELEVTYP_F":0,"ELEVTYP_T":0},"geometry":{"type":"LineString","coordinates":[[-74.2654939278776,40.5193639497771],[-74.2663890075893,40.5195469132143]]}},{"type":"Feature","id":246057,"properties":{"OBJECTID":246057,"PRIMENAME":"Albert Street","ELEVTYP_F":0,"ELEVTYP_T":0},"geometry":{"type":"LineString","coordinates":[[-74.2760940846302,40.5281982288807],[-74.2761093131593,40.5280435163262]]}},{"type":"Feature","id":246188,"properties":{"OBJECTID":246188,"PRIMENAME":"New Brunswick Avenue","ELEVTYP_F":0,"ELEVTYP_T":0},"geometry":{"type":"LineString","coordinates":[[-74.2805738320564,40.5182998569281],[-74.2803646540951,40.5181706589072],[-74.280029491722,40.5179582900105]]}},{"type":"Feature","id":247187,"properties":{"OBJECTID":247187,"PRIMENAME":"Ridgeley Street","ELEVTYP_F":0,"ELEVTYP_T":0},"geometry":{"type":"LineString","coordinates":[[-74.2699430160401,40.5187929037184],[-74.2699631458236,40.5187970065245],[-74.270890438967,40.5189861208053]]}},{"type":"Feature","id":247379,"properties":{"OBJECTID":247379,"PRIMENAME":"Florida Grove Road","ELEVTYP_F":0,"ELEVTYP_T":0},"geometry":{"type":"LineString","coordinates":[[-74.2896248850589,40.5248875977797],[-74.2895866528334,40.524932289343]]}},{"type":"Feature","id":247550,"properties":{"OBJECTID":247550,"PRIMENAME":"State Street","ELEVTYP_F":0,"ELEVTYP_T":0},"geometry":{"type":"LineString","coordinates":[[-74.2647728162494,40.5252505150424],[-74.2647482188292,40.5251761821579]]}},{"type":"Feature","id":247632,"properties":{"OBJECTID":247632,"PRIMENAME":"Hall Avenue","ELEVTYP_F":0,"ELEVTYP_T":0},"geometry":{"type":"LineString","coordinates":[[-74.2804268117495,40.5225361202918],[-74.2797062991495,40.5224418537448]]}},{"type":"Feature","id":247877,"properties":{"OBJECTID":247877,"PRIMENAME":"Summit Avenue","ELEVTYP_F":0,"ELEVTYP_T":0},"geometry":{"type":"LineString","coordinates":[[-74.267078867778,40.5282439854912],[-74.2686816109816,40.5288130560535]]}},{"type":"Feature","id":247903,"properties":{"OBJECTID":247903,"PRIMENAME":"Long Ferry Road","ELEVTYP_F":0,"ELEVTYP_T":0},"geometry":{"type":"LineString","coordinates":[[-74.2604843515477,40.5213996102334],[-74.2606365135606,40.5214564813253],[-74.2607929978292,40.5215149696845],[-74.2609214642777,40.5215629453841],[-74.2610515018935,40.5215982478578]]}},{"type":"Feature","id":248211,"properties":{"OBJECTID":248211,"PRIMENAME":"Jacques Street","ELEVTYP_F":0,"ELEVTYP_T":0},"geometry":{"type":"LineString","coordinates":[[-74.2743182846048,40.5189416699117],[-74.2745040583051,40.518398772819]]}},{"type":"Feature","id":248250,"properties":{"OBJECTID":248250,"PRIMENAME":"Ford Street Connector","ELEVTYP_F":0,"ELEVTYP_T":0},"geometry":{"type":"LineString","coordinates":[[-74.2912947348761,40.516185248004],[-74.2914458134362,40.5160670142412],[-74.2916139061046,40.5159712375144],[-74.2917343686353,40.515901042628],[-74.2919780753627,40.5157798174575],[-74.2922495936365,40.5156906510166],[-74.2924875122534,40.5156377126386],[-74.2927896937647,40.515589172407],[-74.2930834873584,40.5155427571603],[-74.2933492882295,40.515511197418],[-74.2934028996691,40.5155053365173]]}},{"type":"Feature","id":248273,"properties":{"OBJECTID":248273,"PRIMENAME":"Morris Street","ELEVTYP_F":0,"ELEVTYP_T":0},"geometry":{"type":"LineString","coordinates":[[-74.2865662706391,40.5150217804213],[-74.2879585880112,40.5153143243933]]}},{"type":"Feature","id":248280,"properties":{"OBJECTID":248280,"PRIMENAME":"Unnamed Segment","ELEVTYP_F":0,"ELEVTYP_T":0},"geometry":{"type":"LineString","coordinates":[[-74.2601572091002,40.5191047051717],[-74.2598503715671,40.5191089457191],[-74.2597042744591,40.5190927072035],[-74.2593635045226,40.5190202955063],[-74.2597082666976,40.5189493085299]]}},{"type":"Feature","id":248540,"properties":{"OBJECTID":248540,"PRIMENAME":"Lawrence Street","ELEVTYP_F":0,"ELEVTYP_T":0},"geometry":{"type":"LineString","coordinates":[[-74.2723860114549,40.5276285924898],[-74.2732054156832,40.5279083936885]]}},{"type":"Feature","id":248549,"properties":{"OBJECTID":248549,"PRIMENAME":"Donald Avenue","ELEVTYP_F":0,"ELEVTYP_T":0},"geometry":{"type":"LineString","coordinates":[[-74.2798088757714,40.5252943089222],[-74.2797000297577,40.5257743049984],[-74.2794558623288,40.5269184703142]]}},{"type":"Feature","id":249332,"properties":{"OBJECTID":249332,"PRIMENAME":"Unnamed Segment","ELEVTYP_F":0,"ELEVTYP_T":0},"geometry":{"type":"LineString","coordinates":[[-74.2842991794089,40.5222545551635],[-74.2842133121768,40.522422923887],[-74.2842164930544,40.5224633382842],[-74.2842359935841,40.5225744959267],[-74.2841293385108,40.522809163283],[-74.2833191137002,40.5226258137661],[-74.2833358970911,40.5225526071044],[-74.2834093700918,40.522345656339],[-74.2835029036598,40.5220756073073]]}},{"type":"Feature","id":249973,"properties":{"OBJECTID":249973,"PRIMENAME":"Fayette Street","ELEVTYP_F":0,"ELEVTYP_T":0},"geometry":{"type":"LineString","coordinates":[[-74.2759371127038,40.5128050814509],[-74.2749599033603,40.512538580514]]}},{"type":"Feature","id":250125,"properties":{"OBJECTID":250125,"PRIMENAME":"Market Street","ELEVTYP_F":0,"ELEVTYP_T":0},"geometry":{"type":"LineString","coordinates":[[-74.2657014099417,40.5062294537636],[-74.2656777981742,40.5063282302104],[-74.2656949172782,40.5064520979285],[-74.2657558297638,40.506589422465],[-74.2657950730728,40.5066497577422],[-74.2658650997316,40.506690033504]]}},{"type":"Feature","id":250400,"properties":{"OBJECTID":250400,"PRIMENAME":"FR RAMP X100130 to RT 440 SB","ELEVTYP_F":0,"ELEVTYP_T":0},"geometry":{"type":"LineString","coordinates":[[-74.2819485461089,40.529824513774],[-74.2819705481173,40.5297996249157],[-74.2819927585653,40.529774844084],[-74.2820151765417,40.5297501722951],[-74.2820378011269,40.5297256105608]]}},{"type":"Feature","id":250599,"properties":{"OBJECTID":250599,"PRIMENAME":"Barracks Street","ELEVTYP_F":0,"ELEVTYP_T":0},"geometry":{"type":"LineString","coordinates":[[-74.2689162571208,40.5123209884755],[-74.2679743070583,40.51205084782]]}},{"type":"Feature","id":250819,"properties":{"OBJECTID":250819,"PRIMENAME":"State Highway 440","ELEVTYP_F":1,"ELEVTYP_T":0},"geometry":{"type":"LineString","coordinates":[[-74.2672827115625,40.5255900889714],[-74.2675003941284,40.5256419160333],[-74.2677858774108,40.5257175960638],[-74.2680338890422,40.5257895499324],[-74.2684502787193,40.525929782281],[-74.2685203167019,40.5259545187234],[-74.2690304203294,40.5261346858365],[-74.2695216498849,40.5263143735445],[-74.2704432855535,40.5266522373876],[-74.2710652030713,40.5268795312254]]}},{"type":"Feature","id":250872,"properties":{"OBJECTID":250872,"PRIMENAME":"Judy Drive","ELEVTYP_F":0,"ELEVTYP_T":0},"geometry":{"type":"LineString","coordinates":[[-74.2916251969256,40.5180521969281],[-74.2918694379024,40.5180630411403],[-74.2921588758024,40.5180798958718],[-74.2922910207409,40.5180829065025],[-74.2924053783102,40.5180803389604],[-74.2924625968399,40.5180722883473],[-74.2924780173322,40.5180639437995]]}},{"type":"Feature","id":251780,"properties":{"OBJECTID":251780,"PRIMENAME":"Johnstone Street","ELEVTYP_F":0,"ELEVTYP_T":0},"geometry":{"type":"LineString","coordinates":[[-74.2712908236444,40.5227560444345],[-74.271053778391,40.5234491841737]]}},{"type":"Feature","id":251853,"properties":{"OBJECTID":251853,"PRIMENAME":"Fayette Street","ELEVTYP_F":0,"ELEVTYP_T":0},"geometry":{"type":"LineString","coordinates":[[-74.2880218538785,40.5161036352396],[-74.2875922820077,40.5159867004908]]}},{"type":"Feature","id":251994,"properties":{"OBJECTID":251994,"PRIMENAME":"Brace Avenue","ELEVTYP_F":0,"ELEVTYP_T":0},"geometry":{"type":"LineString","coordinates":[[-74.2759353910088,40.5202806191],[-74.2760430905069,40.5203129181478],[-74.2773311593038,40.5206829238045],[-74.2777594584005,40.5208076080405]]}},{"type":"Feature","id":252284,"properties":{"OBJECTID":252284,"PRIMENAME":"Pacific Avenue","ELEVTYP_F":0,"ELEVTYP_T":0},"geometry":{"type":"LineString","coordinates":[[-74.2791135466723,40.523021012714],[-74.2791332487538,40.5229585720462],[-74.2790356201235,40.5228587237709],[-74.2790093059964,40.5228318122364],[-74.2790929856468,40.5226106061062],[-74.27923368664,40.5221468131482]]}},{"type":"Feature","id":252955,"properties":{"OBJECTID":252955,"PRIMENAME":"Worden Avenue","ELEVTYP_F":0,"ELEVTYP_T":0},"geometry":{"type":"LineString","coordinates":[[-74.2908091517945,40.5273977140034],[-74.2927739249902,40.5272871672936]]}},{"type":"Feature","id":253179,"properties":{"OBJECTID":253179,"PRIMENAME":"Florida Grove Road","ELEVTYP_F":0,"ELEVTYP_T":0},"geometry":{"type":"LineString","coordinates":[[-74.289045100965,40.5248961207636],[-74.2890511158853,40.5249054109066],[-74.289135646675,40.525034118918]]}},{"type":"Feature","id":253479,"properties":{"OBJECTID":253479,"PRIMENAME":"Grant Street","ELEVTYP_F":0,"ELEVTYP_T":0},"geometry":{"type":"LineString","coordinates":[[-74.2797958235536,40.5084493437938],[-74.2801547897661,40.507712055693]]}},{"type":"Feature","id":253544,"properties":{"OBJECTID":253544,"PRIMENAME":"FR RAMP B104620 TO NJ TURNPIKE EXPRESS NB","ELEVTYP_F":0,"ELEVTYP_T":1},"geometry":{"type":"LineString","coordinates":[[-74.2885197158056,40.5424003632875],[-74.288216374438,40.5427684028192],[-74.2879208863715,40.5431401427748],[-74.28781220583,40.5432983329403],[-74.2876981273269,40.5434542956557],[-74.2874252101222,40.5438230930604],[-74.2873185322476,40.5439731774533],[-74.2872056301124,40.5441205883515],[-74.287108470878,40.5442285484931],[-74.2870044889356,40.5443327443334]]}},{"type":"Feature","id":253783,"properties":{"OBJECTID":253783,"PRIMENAME":"FR 440__X100380 TO 440__B100380","ELEVTYP_F":1,"ELEVTYP_T":0},"geometry":{"type":"LineString","coordinates":[[-74.2748290464898,40.5280865427054],[-74.2748312666938,40.5280731049619],[-74.2748327980976,40.5280596113514],[-74.2748336383693,40.5280460824231],[-74.2748337862299,40.5280325387801],[-74.2748332414545,40.5280190010477],[-74.2748320048731,40.5280054898423],[-74.2748300783695,40.5279920257398],[-74.2748274648777,40.5279786292445],[-74.2748172197494,40.5279608999995],[-74.2748057998254,40.5279435937336],[-74.2747932349914,40.5279267557357],[-74.2747795581294,40.5279104300693],[-74.2747648050311,40.527894659457],[-74.2747490143049,40.5278794851692],[-74.274732227274,40.5278649469154],[-74.2747144878692,40.5278510827408],[-74.2746958425133,40.5278379289265],[-74.2746763399997,40.5278255198947],[-74.274656031365,40.5278138881186],[-74.274634969755,40.5278030640372],[-74.2746132102862,40.5277930759761],[-74.2745908099009,40.5277839500728],[-74.2745678272188,40.527775710209],[-74.2745443223833,40.5277683779473]]}},{"type":"Feature","id":253922,"properties":{"OBJECTID":253922,"PRIMENAME":"Raritan Avenue","ELEVTYP_F":0,"ELEVTYP_T":0},"geometry":{"type":"LineString","coordinates":[[-74.2861581627115,40.5236700608813],[-74.2858536686308,40.5242513797218],[-74.2851571875815,40.5255792451358]]}},{"type":"Feature","id":254022,"properties":{"OBJECTID":254022,"PRIMENAME":"Amboy Avenue","ELEVTYP_F":0,"ELEVTYP_T":0},"geometry":{"type":"LineString","coordinates":[[-74.2757672636688,40.5195349378427],[-74.2757743027569,40.5196569451581],[-74.275792624218,40.5198150715279],[-74.2758450730924,40.5199871832986]]}},{"type":"Feature","id":254096,"properties":{"OBJECTID":254096,"PRIMENAME":"FR RAMP B100120 to RAMP A100120","ELEVTYP_F":0,"ELEVTYP_T":0},"geometry":{"type":"LineString","coordinates":[[-74.2834620720996,40.5283415936636],[-74.2834042111839,40.5283471455837],[-74.2833462549167,40.5283520846405],[-74.2832882144472,40.5283564098839],[-74.2832301009407,40.5283601204816],[-74.2831719255767,40.52836321572],[-74.2831136995463,40.5283656950036],[-74.2830554340508,40.5283675578554],[-74.2829971402987,40.5283688039172],[-74.2829307980543,40.5283687990528],[-74.2828644692334,40.5283698173692]]}},{"type":"Feature","id":254217,"properties":{"OBJECTID":254217,"PRIMENAME":"Smith Street","ELEVTYP_F":0,"ELEVTYP_T":0},"geometry":{"type":"LineString","coordinates":[[-74.2701290179478,40.5092196064044],[-74.2699830667254,40.5091783040328],[-74.2691829325744,40.5089602000606]]}},{"type":"Feature","id":254256,"properties":{"OBJECTID":254256,"PRIMENAME":"Neville Street","ELEVTYP_F":0,"ELEVTYP_T":0},"geometry":{"type":"LineString","coordinates":[[-74.2732814926788,40.5180571392979],[-74.2745040583051,40.518398772819]]}},{"type":"Feature","id":254493,"properties":{"OBJECTID":254493,"PRIMENAME":"Unnamed Segment","ELEVTYP_F":0,"ELEVTYP_T":0},"geometry":{"type":"LineString","coordinates":[[-74.2604669428801,40.5189322937686],[-74.2603589167662,40.5189745605211],[-74.260247696742,40.518991073396],[-74.2601353679233,40.5190077504784]]}},{"type":"Feature","id":254604,"properties":{"OBJECTID":254604,"PRIMENAME":"State Street","ELEVTYP_F":0,"ELEVTYP_T":0},"geometry":{"type":"LineString","coordinates":[[-74.2699556759041,40.5042160507804],[-74.269677644476,40.5047845070846],[-74.2695612253018,40.50501728064]]}},{"type":"Feature","id":254927,"properties":{"OBJECTID":254927,"PRIMENAME":"State Street","ELEVTYP_F":0,"ELEVTYP_T":0},"geometry":{"type":"LineString","coordinates":[[-74.2621652005781,40.5361977964143],[-74.2619400306973,40.5368434754339],[-74.2618590687092,40.5370756293458],[-74.261436933474,40.5382860928427],[-74.2613485992838,40.5385003140842]]}},{"type":"Feature","id":255082,"properties":{"OBJECTID":255082,"PRIMENAME":"FR RAMP Y105330 to RT 184 WB","ELEVTYP_F":1,"ELEVTYP_T":0},"geometry":{"type":"LineString","coordinates":[[-74.2820700611742,40.5297291307136],[-74.2821608232954,40.5297373266257],[-74.2822519069776,40.5297430824448],[-74.2823431995778,40.5297463910526],[-74.2824345881947,40.5297472483574],[-74.2825379625664,40.5297463248528],[-74.2826411821141,40.5297419118177],[-74.2827440446109,40.5297340178981],[-74.2828463485298,40.5297226585597],[-74.2829657267546,40.5297071967744],[-74.2830843691264,40.5296887296102]]}},{"type":"Feature","id":255127,"properties":{"OBJECTID":255127,"PRIMENAME":"Dilman Lane","ELEVTYP_F":0,"ELEVTYP_T":0},"geometry":{"type":"LineString","coordinates":[[-74.2672977472408,40.5255179772332],[-74.2672827115625,40.5255900889714]]}},{"type":"Feature","id":255264,"properties":{"OBJECTID":255264,"PRIMENAME":"Lawrence Street","ELEVTYP_F":0,"ELEVTYP_T":0},"geometry":{"type":"LineString","coordinates":[[-74.2715848872923,40.5273279315717],[-74.2723860114549,40.5276285924898]]}},{"type":"Feature","id":255328,"properties":{"OBJECTID":255328,"PRIMENAME":"Mary Street","ELEVTYP_F":0,"ELEVTYP_T":0},"geometry":{"type":"LineString","coordinates":[[-74.2784106339318,40.5277071741392],[-74.2784989189346,40.5272916501305],[-74.2785079770488,40.5272502440659]]}},{"type":"Feature","id":255396,"properties":{"OBJECTID":255396,"PRIMENAME":"Jeffries Street","ELEVTYP_F":0,"ELEVTYP_T":0},"geometry":{"type":"LineString","coordinates":[[-74.2706425589254,40.5196840147083],[-74.2696900839962,40.5194928993107]]}},{"type":"Feature","id":255577,"properties":{"OBJECTID":255577,"PRIMENAME":"Grove Street","ELEVTYP_F":0,"ELEVTYP_T":0},"geometry":{"type":"LineString","coordinates":[[-74.2717371851103,40.5267297975739],[-74.2712889642701,40.5265736747589],[-74.2702451476059,40.526248531205]]}},{"type":"Feature","id":255600,"properties":{"OBJECTID":255600,"PRIMENAME":"Smith Street","ELEVTYP_F":0,"ELEVTYP_T":0},"geometry":{"type":"LineString","coordinates":[[-74.2719522245594,40.5097288977244],[-74.2717198510485,40.5096644780364],[-74.271186324749,40.5095188916885],[-74.2710353054816,40.5094761801336]]}},{"type":"Feature","id":255828,"properties":{"OBJECTID":255828,"PRIMENAME":"Convery Boulevard","ELEVTYP_F":0,"ELEVTYP_T":0},"geometry":{"type":"LineString","coordinates":[[-74.2821194755539,40.5205688507683],[-74.282041170452,40.5207115588858],[-74.2819416754889,40.5209105567283],[-74.2818223110382,40.5211577771035],[-74.2817755057929,40.5212481675879]]}},{"type":"Feature","id":255957,"properties":{"OBJECTID":255957,"PRIMENAME":"Mechanic Street","ELEVTYP_F":0,"ELEVTYP_T":0},"geometry":{"type":"LineString","coordinates":[[-74.2628142540256,40.515835668454],[-74.262465315381,40.5165190627181]]}},{"type":"Feature","id":256042,"properties":{"OBJECTID":256042,"PRIMENAME":"Compton Avenue","ELEVTYP_F":0,"ELEVTYP_T":0},"geometry":{"type":"LineString","coordinates":[[-74.2817755057929,40.5212481675879],[-74.2816521415683,40.5212087887695],[-74.2799639776335,40.5207346339465],[-74.2794418872295,40.5205798852626]]}},{"type":"Feature","id":256252,"properties":{"OBJECTID":256252,"PRIMENAME":"Hanson Avenue","ELEVTYP_F":0,"ELEVTYP_T":0},"geometry":{"type":"LineString","coordinates":[[-74.2837996234586,40.5262733139136],[-74.2842693692864,40.5253120834905]]}},{"type":"Feature","id":256467,"properties":{"OBJECTID":256467,"PRIMENAME":"Wayne Street","ELEVTYP_F":0,"ELEVTYP_T":0},"geometry":{"type":"LineString","coordinates":[[-74.2673439726351,40.5223763666023],[-74.2664363896277,40.5221982172167]]}},{"type":"Feature","id":256619,"properties":{"OBJECTID":256619,"PRIMENAME":"FR HIGH ST TO RAMP Y100400","ELEVTYP_F":1,"ELEVTYP_T":0},"geometry":{"type":"LineString","coordinates":[[-74.2650410595189,40.5260484893325],[-74.2651313605863,40.5260163629213],[-74.2652868679551,40.5259574392615],[-74.265360342189,40.525922478442],[-74.2654640841955,40.5258733040771],[-74.2655778225209,40.5258252486632],[-74.265675790181,40.5257815526142],[-74.2657362931694,40.5257553409583]]}},{"type":"Feature","id":256622,"properties":{"OBJECTID":256622,"PRIMENAME":"FR RT 440 SB to CR 653","ELEVTYP_F":0,"ELEVTYP_T":0},"geometry":{"type":"LineString","coordinates":[[-74.2710652030713,40.5268795312254],[-74.2713555656221,40.5270131146372],[-74.2716472144581,40.5271450571429],[-74.2719401336538,40.5272753515344],[-74.2722343072141,40.5274039906937],[-74.2724806803566,40.5275207580245],[-74.2727300629792,40.5276337448968],[-74.2729707284133,40.5277286081633]]}},{"type":"Feature","id":256783,"properties":{"OBJECTID":256783,"PRIMENAME":"Amboy Avenue","ELEVTYP_F":0,"ELEVTYP_T":0},"geometry":{"type":"LineString","coordinates":[[-74.275349573174,40.5430514079209],[-74.2754838245029,40.5432141243716],[-74.2756054021608,40.543325455251]]}},{"type":"Feature","id":256828,"properties":{"OBJECTID":256828,"PRIMENAME":"Johnstone Street","ELEVTYP_F":0,"ELEVTYP_T":0},"geometry":{"type":"LineString","coordinates":[[-74.2717687163096,40.5213791048509],[-74.271589689764,40.5218647189604],[-74.271523033651,40.5220659693044]]}},{"type":"Feature","id":256962,"properties":{"OBJECTID":256962,"PRIMENAME":"Convery Boulevard","ELEVTYP_F":0,"ELEVTYP_T":0},"geometry":{"type":"LineString","coordinates":[[-74.2777310264323,40.5390078554987],[-74.277690290089,40.5391945820468],[-74.2775501481435,40.5398378069806]]}},{"type":"Feature","id":257249,"properties":{"OBJECTID":257249,"PRIMENAME":"Summit Avenue","ELEVTYP_F":0,"ELEVTYP_T":0},"geometry":{"type":"LineString","coordinates":[[-74.2703218986601,40.5293943662565],[-74.2715581455037,40.5298317806749],[-74.271944106825,40.5299688105229]]}},{"type":"Feature","id":257298,"properties":{"OBJECTID":257298,"PRIMENAME":"Florida Grove Road","ELEVTYP_F":0,"ELEVTYP_T":0},"geometry":{"type":"LineString","coordinates":[[-74.2904878875423,40.5192924950393],[-74.2904735683264,40.5194279730799],[-74.2904621941132,40.5195340788682],[-74.2904462812763,40.5196772354668],[-74.2904318537349,40.5197818811962]]}},{"type":"Feature","id":257348,"properties":{"OBJECTID":257348,"PRIMENAME":"Carlock Avenue","ELEVTYP_F":0,"ELEVTYP_T":1},"geometry":{"type":"LineString","coordinates":[[-74.285715252357,40.5276143851312],[-74.2857020106967,40.5276603141555],[-74.2856978464555,40.5276914906347]]}},{"type":"Feature","id":257522,"properties":{"OBJECTID":257522,"PRIMENAME":"New Brunswick Avenue","ELEVTYP_F":0,"ELEVTYP_T":0},"geometry":{"type":"LineString","coordinates":[[-74.2917462993745,40.5230771373789],[-74.2912246792024,40.5229532694904],[-74.291196352353,40.5229466022988]]}},{"type":"Feature","id":257698,"properties":{"OBJECTID":257698,"PRIMENAME":"New Brunswick Avenue","ELEVTYP_F":0,"ELEVTYP_T":0},"geometry":{"type":"LineString","coordinates":[[-74.2791931689087,40.5174363029978],[-74.2786059263201,40.517063270358],[-74.2781715729765,40.516795748718],[-74.2781259501117,40.5167671121118]]}},{"type":"Feature","id":258185,"properties":{"OBJECTID":258185,"PRIMENAME":"FR RT 440 NB to RT 184","ELEVTYP_F":0,"ELEVTYP_T":0},"geometry":{"type":"LineString","coordinates":[[-74.2856978464555,40.5276914906347],[-74.2855808945203,40.5277351566963],[-74.2854632625717,40.5277777460723],[-74.2852670200078,40.5278480145499],[-74.2850700955897,40.527917163775]]}},{"type":"Feature","id":258220,"properties":{"OBJECTID":258220,"PRIMENAME":"High Street","ELEVTYP_F":0,"ELEVTYP_T":0},"geometry":{"type":"LineString","coordinates":[[-74.266782923044,40.5048061799578],[-74.2672848116676,40.5037801579917],[-74.267424344782,40.5034997763463]]}},{"type":"Feature","id":258254,"properties":{"OBJECTID":258254,"PRIMENAME":"FR RAMP Y105330 to RT 184 WB","ELEVTYP_F":0,"ELEVTYP_T":0},"geometry":{"type":"LineString","coordinates":[[-74.2830843691264,40.5296887296102],[-74.2831750484646,40.5296724912861],[-74.2832680105811,40.5296611603794],[-74.2833611687781,40.5296508095223],[-74.2834545053115,40.5296414406865],[-74.2835480024031,40.5296330556566],[-74.2836416422442,40.5296256560295],[-74.2837354069991,40.5296192432149],[-74.283829278808,40.529613818434],[-74.283923239791,40.5296093827204]]}},{"type":"Feature","id":258960,"properties":{"OBJECTID":258960,"PRIMENAME":"Myrtle Street","ELEVTYP_F":0,"ELEVTYP_T":0},"geometry":{"type":"LineString","coordinates":[[-74.2727580706858,40.5250716732876],[-74.2713026571815,40.5245452530726]]}},{"type":"Feature","id":258974,"properties":{"OBJECTID":258974,"PRIMENAME":"Convery Boulevard","ELEVTYP_F":0,"ELEVTYP_T":0},"geometry":{"type":"LineString","coordinates":[[-74.2775501481435,40.5398378069806],[-74.2774909478602,40.5401093637533]]}},{"type":"Feature","id":259217,"properties":{"OBJECTID":259217,"PRIMENAME":"Florida Grove Road","ELEVTYP_F":0,"ELEVTYP_T":0},"geometry":{"type":"LineString","coordinates":[[-74.2902325777002,40.5241773600613],[-74.289726414728,40.5247689736303]]}},{"type":"Feature","id":259594,"properties":{"OBJECTID":259594,"PRIMENAME":"Andrews Drive","ELEVTYP_F":0,"ELEVTYP_T":0},"geometry":{"type":"LineString","coordinates":[[-74.278307396357,40.5390789629609],[-74.2785097723623,40.5381344297361]]}},{"type":"Feature","id":259698,"properties":{"OBJECTID":259698,"PRIMENAME":"FR RT 440 NB to CO 611 NB","ELEVTYP_F":0,"ELEVTYP_T":0},"geometry":{"type":"LineString","coordinates":[[-74.2707668665513,40.5266457702065],[-74.2695213903208,40.5261255277891]]}},{"type":"Feature","id":259814,"properties":{"OBJECTID":259814,"PRIMENAME":"Fayette Street","ELEVTYP_F":0,"ELEVTYP_T":0},"geometry":{"type":"LineString","coordinates":[[-74.2802562579597,40.5139892488556],[-74.2802149864584,40.5139781160508],[-74.2797348197185,40.5138485839237],[-74.2793629911454,40.513746963643]]}},{"type":"Feature","id":259886,"properties":{"OBJECTID":259886,"PRIMENAME":"Ashley Street","ELEVTYP_F":0,"ELEVTYP_T":0},"geometry":{"type":"LineString","coordinates":[[-74.2714428616068,40.5311070420431],[-74.2715537761834,40.5311184894821],[-74.2729669039284,40.5312539728701]]}},{"type":"Feature","id":260180,"properties":{"OBJECTID":260180,"PRIMENAME":"Kosciusko Street","ELEVTYP_F":0,"ELEVTYP_T":0},"geometry":{"type":"LineString","coordinates":[[-74.285715252357,40.5276143851312],[-74.2853999785979,40.527542015592],[-74.2851223293242,40.5274716091811]]}},{"type":"Feature","id":260281,"properties":{"OBJECTID":260281,"PRIMENAME":"State Highway 440","ELEVTYP_F":0,"ELEVTYP_T":0},"geometry":{"type":"LineString","coordinates":[[-74.2897212017714,40.5242692555893],[-74.2897546236602,40.524226206074],[-74.2905823059453,40.5231625477598],[-74.2907111216013,40.5230117290579],[-74.2908454776318,40.5228637521665]]}},{"type":"Feature","id":260441,"properties":{"OBJECTID":260441,"PRIMENAME":"Riverview Drive","ELEVTYP_F":0,"ELEVTYP_T":0},"geometry":{"type":"LineString","coordinates":[[-74.2887939304478,40.5143970893706],[-74.2889109484823,40.5141635827768],[-74.2889379203508,40.5140844082187],[-74.288947872226,40.5140440307525],[-74.2889500388082,40.514002978409],[-74.288944374213,40.5139621208697],[-74.288930998457,40.5139223236876],[-74.288910194914,40.513884429951],[-74.2888824043103,40.5138492424229],[-74.288848215388,40.5138175065353],[-74.2888083524312,40.5137898945977],[-74.2887638803569,40.5137603852639],[-74.2886572484149,40.5137217037237],[-74.2880437621929,40.5135553237226],[-74.2880088027418,40.5135409174963],[-74.2879755513277,40.5135243222063],[-74.287944242708,40.513505655017],[-74.2879150979233,40.5134850477211],[-74.2878883227367,40.513462645808],[-74.2878641061812,40.5134386074374],[-74.2878426192249,40.5134131023224],[-74.2878240135643,40.5133863105311],[-74.2878084205533,40.5133584212156],[-74.2877959502757,40.5133296312761],[-74.2877866907683,40.5133001439713],[-74.2877807073994,40.5132701674829],[-74.2877780424074,40.513239913446],[-74.2877787146027,40.5132095954549],[-74.2877827192352,40.5131794275552],[-74.2877900280276,40.5131496227326],[-74.2878198655575,40.5130862930479],[-74.2879539749058,40.5128850747817],[-74.2882965849601,40.5123989651154],[-74.2889757835228,40.5114494607895],[-74.289416689038,40.5108322558793],[-74.2894392224367,40.5108009537373],[-74.2894572841014,40.5107680056998],[-74.289470670745,40.5107337826149],[-74.289479231701,40.5106986696815],[-74.289482870619,40.5106630621136],[-74.289481546549,40.5106273606917],[-74.289475274402,40.5105919672524],[-74.2894641247814,40.510557280165]]}},{"type":"Feature","id":260597,"properties":{"OBJECTID":260597,"PRIMENAME":"New Brunswick Avenue","ELEVTYP_F":0,"ELEVTYP_T":0},"geometry":{"type":"LineString","coordinates":[[-74.2682138567133,40.509580340554],[-74.2681985429331,40.5095388790832],[-74.2680983262821,40.5092720160518],[-74.2679982393515,40.5089677383301],[-74.2679122657761,40.5087116923464],[-74.2678681658487,40.5086405053728],[-74.2677941578994,40.5085651126929]]}},{"type":"Feature","id":260681,"properties":{"OBJECTID":260681,"PRIMENAME":"Gornik Drive","ELEVTYP_F":0,"ELEVTYP_T":0},"geometry":{"type":"LineString","coordinates":[[-74.2864708985961,40.5378207167127],[-74.2863352279005,40.5376583389685],[-74.2861896018232,40.5374922374673],[-74.286119719271,40.537435819957],[-74.2861185783293,40.5374348983067],[-74.2860437033923,40.5374004728831],[-74.2859725709267,40.5373774472527],[-74.2858714665773,40.537354393058],[-74.2858339752089,40.5373543235741]]}},{"type":"Feature","id":260848,"properties":{"OBJECTID":260848,"PRIMENAME":"Compton Avenue","ELEVTYP_F":0,"ELEVTYP_T":0},"geometry":{"type":"LineString","coordinates":[[-74.2835897693868,40.5217678130027],[-74.2835669334655,40.5217644205068],[-74.2835443581013,40.5217601310418],[-74.2835221037513,40.5217549560949],[-74.2835002300129,40.5217489095247],[-74.2831537892843,40.5216566552941]]}},{"type":"Feature","id":261045,"properties":{"OBJECTID":261045,"PRIMENAME":"New Brunswick Avenue","ELEVTYP_F":0,"ELEVTYP_T":0},"geometry":{"type":"LineString","coordinates":[[-74.2900452086219,40.5226725576068],[-74.2897452797302,40.5225997333085],[-74.2893456672123,40.5225048485094]]}},{"type":"Feature","id":261329,"properties":{"OBJECTID":261329,"PRIMENAME":"State Street","ELEVTYP_F":0,"ELEVTYP_T":0},"geometry":{"type":"LineString","coordinates":[[-74.2613485992838,40.5385003140842],[-74.2613304846645,40.5385442433719],[-74.2612544540409,40.538705257615]]}},{"type":"Feature","id":261679,"properties":{"OBJECTID":261679,"PRIMENAME":"Neville Street","ELEVTYP_F":0,"ELEVTYP_T":0},"geometry":{"type":"LineString","coordinates":[[-74.2776737173721,40.5193000982442],[-74.2797744686937,40.5199023098467]]}},{"type":"Feature","id":261735,"properties":{"OBJECTID":261735,"PRIMENAME":"Donald Avenue","ELEVTYP_F":0,"ELEVTYP_T":0},"geometry":{"type":"LineString","coordinates":[[-74.2802829715531,40.5231926159602],[-74.2801394356199,40.5238324224269]]}},{"type":"Feature","id":261764,"properties":{"OBJECTID":261764,"PRIMENAME":"Pfeiffer Boulevard","ELEVTYP_F":0,"ELEVTYP_T":0},"geometry":{"type":"LineString","coordinates":[[-74.2880527319827,40.5302834070907],[-74.2878636122918,40.5302229693552],[-74.2875370044386,40.5301349373779],[-74.2873303129853,40.5300796549671],[-74.2871454120876,40.5300392906765]]}},{"type":"Feature","id":261898,"properties":{"OBJECTID":261898,"PRIMENAME":"Krochmally Avenue","ELEVTYP_F":0,"ELEVTYP_T":0},"geometry":{"type":"LineString","coordinates":[[-74.2817228395893,40.5265945413354],[-74.2808008656179,40.5265197759532]]}},{"type":"Feature","id":261961,"properties":{"OBJECTID":261961,"PRIMENAME":"Convery Boulevard","ELEVTYP_F":0,"ELEVTYP_T":0},"geometry":{"type":"LineString","coordinates":[[-74.2783842985798,40.5360183944155],[-74.2782581923153,40.536595833396],[-74.2782349600229,40.5367017500781]]}},{"type":"Feature","id":262099,"properties":{"OBJECTID":262099,"PRIMENAME":"Rector Street","ELEVTYP_F":0,"ELEVTYP_T":0},"geometry":{"type":"LineString","coordinates":[[-74.2616561416724,40.5124366637603],[-74.2621197592152,40.5115007090963]]}},{"type":"Feature","id":262146,"properties":{"OBJECTID":262146,"PRIMENAME":"Albert Street","ELEVTYP_F":0,"ELEVTYP_T":0},"geometry":{"type":"LineString","coordinates":[[-74.2761093131593,40.5280435163262],[-74.2761754124331,40.5273694163356]]}},{"type":"Feature","id":262184,"properties":{"OBJECTID":262184,"PRIMENAME":"Smith Street","ELEVTYP_F":0,"ELEVTYP_T":0},"geometry":{"type":"LineString","coordinates":[[-74.2778673019053,40.5113688810039],[-74.2776872407872,40.5113181067221],[-74.2771536979975,40.511169638883],[-74.2768643876152,40.5110920245909]]}},{"type":"Feature","id":262343,"properties":{"OBJECTID":262343,"PRIMENAME":"Pulaski Avenue","ELEVTYP_F":0,"ELEVTYP_T":0},"geometry":{"type":"LineString","coordinates":[[-74.2649203165277,40.5244649271766],[-74.264585715975,40.524427586872],[-74.2644518224552,40.5244171846673]]}},{"type":"Feature","id":262412,"properties":{"OBJECTID":262412,"PRIMENAME":"New Brunswick Avenue","ELEVTYP_F":0,"ELEVTYP_T":0},"geometry":{"type":"LineString","coordinates":[[-74.2793208546258,40.5175152762283],[-74.2791931689087,40.5174363029978]]}},{"type":"Feature","id":262677,"properties":{"OBJECTID":262677,"PRIMENAME":"Smith Street","ELEVTYP_F":0,"ELEVTYP_T":0},"geometry":{"type":"LineString","coordinates":[[-74.2652779374488,40.5078582930598],[-74.2647814521847,40.5077217568403],[-74.2641635174187,40.5075434372665],[-74.2640616223961,40.5075147891979]]}},{"type":"Feature","id":263220,"properties":{"OBJECTID":263220,"PRIMENAME":"Anton Street","ELEVTYP_F":0,"ELEVTYP_T":0},"geometry":{"type":"LineString","coordinates":[[-74.2700613673307,40.5323598612071],[-74.2702060685496,40.5316231965711]]}},{"type":"Feature","id":263302,"properties":{"OBJECTID":263302,"PRIMENAME":"Alta Vista Place","ELEVTYP_F":0,"ELEVTYP_T":0},"geometry":{"type":"LineString","coordinates":[[-74.2752069688661,40.5213356362451],[-74.274972247512,40.5220253843751]]}},{"type":"Feature","id":263435,"properties":{"OBJECTID":263435,"PRIMENAME":"Amboy Avenue","ELEVTYP_F":0,"ELEVTYP_T":0},"geometry":{"type":"LineString","coordinates":[[-74.2763347674212,40.5215625123344],[-74.2763551326177,40.5216800980658],[-74.2763251311918,40.5218320091986],[-74.2762365963036,40.5222342444935],[-74.2762239244452,40.5222910441482]]}},{"type":"Feature","id":263863,"properties":{"OBJECTID":263863,"PRIMENAME":"Carlock Avenue","ELEVTYP_F":1,"ELEVTYP_T":0},"geometry":{"type":"LineString","coordinates":[[-74.2856486362742,40.5280627313674],[-74.2856071654939,40.5283759815547],[-74.2855787697459,40.5284470549561]]}},{"type":"Feature","id":263972,"properties":{"OBJECTID":263972,"PRIMENAME":"Harbortown Boulevard","ELEVTYP_F":0,"ELEVTYP_T":0},"geometry":{"type":"LineString","coordinates":[[-74.2594954802473,40.5205086063339],[-74.2595858682507,40.5203801028346],[-74.2596935839721,40.5201753368213]]}},{"type":"Feature","id":264722,"properties":{"OBJECTID":264722,"PRIMENAME":"Maple Street","ELEVTYP_F":0,"ELEVTYP_T":0},"geometry":{"type":"LineString","coordinates":[[-74.2710900032241,40.511456016734],[-74.2715312180332,40.5105734545359]]}},{"type":"Feature","id":264910,"properties":{"OBJECTID":264910,"PRIMENAME":"Summit Avenue","ELEVTYP_F":0,"ELEVTYP_T":0},"geometry":{"type":"LineString","coordinates":[[-74.271944106825,40.5299688105229],[-74.2734719739259,40.5305110388138]]}},{"type":"Feature","id":265261,"properties":{"OBJECTID":265261,"PRIMENAME":"Amboy Avenue","ELEVTYP_F":0,"ELEVTYP_T":0},"geometry":{"type":"LineString","coordinates":[[-74.2756915848623,40.5179791595213],[-74.2757167207008,40.51856444008],[-74.2757255340487,40.5187478592871]]}},{"type":"Feature","id":265485,"properties":{"OBJECTID":265485,"PRIMENAME":"New Brunswick Avenue","ELEVTYP_F":0,"ELEVTYP_T":0},"geometry":{"type":"LineString","coordinates":[[-74.2855849511736,40.5210319286608],[-74.2851959197937,40.5208276552699],[-74.2851429836775,40.5208004623695]]}},{"type":"Feature","id":266099,"properties":{"OBJECTID":266099,"PRIMENAME":"Stevenson Place","ELEVTYP_F":0,"ELEVTYP_T":0},"geometry":{"type":"LineString","coordinates":[[-74.2847524125879,40.5188290696108],[-74.2846919848386,40.5188954161896],[-74.2836640156097,40.5200242384136]]}},{"type":"Feature","id":266545,"properties":{"OBJECTID":266545,"PRIMENAME":"Lee Avenue","ELEVTYP_F":0,"ELEVTYP_T":0},"geometry":{"type":"LineString","coordinates":[[-74.290742490171,40.526714992855],[-74.2898495722341,40.5267555100453],[-74.2897631928523,40.5267334190514]]}},{"type":"Feature","id":266606,"properties":{"OBJECTID":266606,"PRIMENAME":"South Charles Street","ELEVTYP_F":0,"ELEVTYP_T":0},"geometry":{"type":"LineString","coordinates":[[-74.2906756200334,40.5260302943341],[-74.290742490171,40.526714992855]]}},{"type":"Feature","id":266652,"properties":{"OBJECTID":266652,"PRIMENAME":"FR RT 184 WB to RT 184 EB","ELEVTYP_F":0,"ELEVTYP_T":1},"geometry":{"type":"LineString","coordinates":[[-74.2834403160898,40.5291319815099],[-74.2834208375767,40.529112045754],[-74.2834016924431,40.5290919228534],[-74.2833828837767,40.5290716160536],[-74.2833644146108,40.52905112863],[-74.2833462879241,40.5290304638869],[-74.2833285066399,40.5290096251574],[-74.2833110736258,40.5289886158027],[-74.2832939916933,40.5289674392111]]}},{"type":"Feature","id":266767,"properties":{"OBJECTID":266767,"PRIMENAME":"Elizabeth Street","ELEVTYP_F":0,"ELEVTYP_T":0},"geometry":{"type":"LineString","coordinates":[[-74.2646172091668,40.5218313740518],[-74.2646945050636,40.5216075021851],[-74.2650304659441,40.5206343822204],[-74.2650429967293,40.5205999839084]]}},{"type":"Feature","id":267875,"properties":{"OBJECTID":267875,"PRIMENAME":"FR A100120 TO PFEIFFER BLVD","ELEVTYP_F":0,"ELEVTYP_T":0},"geometry":{"type":"LineString","coordinates":[[-74.2799520845341,40.5288705898174],[-74.2797958660045,40.5288695718789],[-74.2796397470044,40.5288651975825],[-74.2794838513715,40.5288574703981],[-74.279328302766,40.5288463964552],[-74.2791250713844,40.5288289499877],[-74.2789227455448,40.5288061862631],[-74.2787215641318,40.5287781321583],[-74.2785217646781,40.528744820797],[-74.2783465855641,40.5287137713341],[-74.2781721995081,40.5286802234471],[-74.2779986677102,40.5286441889096],[-74.2778260510702,40.5286056803681],[-74.2775254490982,40.5285337013814],[-74.2772264971473,40.5284578274877],[-74.2767608673388,40.5283369122667],[-74.2764869739363,40.5282753991521],[-74.2762107528808,40.5282202788729]]}},{"type":"Feature","id":268031,"properties":{"OBJECTID":268031,"PRIMENAME":"Lawrence Street","ELEVTYP_F":0,"ELEVTYP_T":0},"geometry":{"type":"LineString","coordinates":[[-74.2732054156832,40.5279083936885],[-74.2740099910839,40.5282139639198]]}},{"type":"Feature","id":268166,"properties":{"OBJECTID":268166,"PRIMENAME":"New Brunswick Avenue","ELEVTYP_F":0,"ELEVTYP_T":0},"geometry":{"type":"LineString","coordinates":[[-74.2711711708136,40.5124219670874],[-74.2707405789307,40.5121550561336]]}},{"type":"Feature","id":268989,"properties":{"OBJECTID":268989,"PRIMENAME":"West Side Avenue","ELEVTYP_F":0,"ELEVTYP_T":0},"geometry":{"type":"LineString","coordinates":[[-74.2694518567028,40.520172774754],[-74.2693920924515,40.5202718371374],[-74.2692979406802,40.52053844667],[-74.2692674710913,40.5208743884159]]}},{"type":"Feature","id":269261,"properties":{"OBJECTID":269261,"PRIMENAME":"Lee Avenue","ELEVTYP_F":0,"ELEVTYP_T":0},"geometry":{"type":"LineString","coordinates":[[-74.2927093026231,40.5266019246517],[-74.2921354762443,40.526633780242],[-74.290742490171,40.526714992855]]}},{"type":"Feature","id":269270,"properties":{"OBJECTID":269270,"PRIMENAME":"Watson Avenue","ELEVTYP_F":0,"ELEVTYP_T":0},"geometry":{"type":"LineString","coordinates":[[-74.277628947788,40.5095403079647],[-74.2776131979228,40.5095723130496],[-74.2768643876152,40.5110920245909]]}},{"type":"Feature","id":270125,"properties":{"OBJECTID":270125,"PRIMENAME":"Unnamed Segment","ELEVTYP_F":0,"ELEVTYP_T":0},"geometry":{"type":"LineString","coordinates":[[-74.2838628596396,40.5335357007844],[-74.283328859941,40.5339587018138],[-74.2832228599306,40.5340157008418],[-74.2830878596612,40.5339987003586],[-74.2829748606589,40.5339467003959],[-74.2831221201417,40.5332370801951],[-74.2832218591903,40.5328047012314]]}},{"type":"Feature","id":270140,"properties":{"OBJECTID":270140,"PRIMENAME":"State Street","ELEVTYP_F":0,"ELEVTYP_T":0},"geometry":{"type":"LineString","coordinates":[[-74.2638080503803,40.5223840447757],[-74.263832105328,40.5225202237681],[-74.26392335149,40.5228324757883],[-74.2640582712579,40.5232369420637]]}},{"type":"Feature","id":271312,"properties":{"OBJECTID":271312,"PRIMENAME":"Cortlandt Street","ELEVTYP_F":0,"ELEVTYP_T":0},"geometry":{"type":"LineString","coordinates":[[-74.2668619516179,40.5209814515664],[-74.2671534378061,40.5201478526807],[-74.2672989741414,40.5197328915806]]}},{"type":"Feature","id":271432,"properties":{"OBJECTID":271432,"PRIMENAME":"Unnamed Segment","ELEVTYP_F":0,"ELEVTYP_T":0},"geometry":{"type":"LineString","coordinates":[[-74.2835029036598,40.5220756073073],[-74.2842991794089,40.5222545551635]]}},{"type":"Feature","id":271446,"properties":{"OBJECTID":271446,"PRIMENAME":"New Brunswick Avenue","ELEVTYP_F":0,"ELEVTYP_T":0},"geometry":{"type":"LineString","coordinates":[[-74.2707405789307,40.5121550561336],[-74.2705956854421,40.5120652505703],[-74.2701714308433,40.5117977736601]]}},{"type":"Feature","id":271465,"properties":{"OBJECTID":271465,"PRIMENAME":"Rathbun Place","ELEVTYP_F":0,"ELEVTYP_T":0},"geometry":{"type":"LineString","coordinates":[[-74.2858873735483,40.5211883844751],[-74.2859334366895,40.5211373555853],[-74.2869448833387,40.5200165534417]]}},{"type":"Feature","id":271518,"properties":{"OBJECTID":271518,"PRIMENAME":"Hornsby Avenue","ELEVTYP_F":0,"ELEVTYP_T":0},"geometry":{"type":"LineString","coordinates":[[-74.2803393558755,40.5376663667553],[-74.2794954233818,40.5375682960552],[-74.2786565629225,40.5374495856776]]}},{"type":"Feature","id":271916,"properties":{"OBJECTID":271916,"PRIMENAME":"FR CO 611 SB to RT 440 SB","ELEVTYP_F":0,"ELEVTYP_T":0},"geometry":{"type":"LineString","coordinates":[[-74.2682730294574,40.5260139210802],[-74.268455255989,40.5260622222449],[-74.2686359646451,40.5261137373069],[-74.2688150580982,40.5261684385219],[-74.26899243989,40.5262262964294],[-74.2692532562371,40.5263138269763],[-74.2695123849911,40.5264042295159],[-74.2697743290486,40.5264952637954]]}},{"type":"Feature","id":271920,"properties":{"OBJECTID":271920,"PRIMENAME":"Smith Street","ELEVTYP_F":0,"ELEVTYP_T":0},"geometry":{"type":"LineString","coordinates":[[-74.2909337524483,40.5150738915487],[-74.2911888838178,40.5151834477625],[-74.2914430435742,40.5152943121498],[-74.2916324711401,40.5153870965544],[-74.2918236025079,40.515477823265],[-74.2918723328902,40.5154993948525],[-74.2919227864985,40.5155185202828],[-74.2919253693363,40.5155194012451]]}},{"type":"Feature","id":272383,"properties":{"OBJECTID":272383,"PRIMENAME":"Long Ferry Road","ELEVTYP_F":0,"ELEVTYP_T":0},"geometry":{"type":"LineString","coordinates":[[-74.2602803684443,40.5213233688297],[-74.2604843515477,40.5213996102334]]}},{"type":"Feature","id":272436,"properties":{"OBJECTID":272436,"PRIMENAME":"Pearl Place","ELEVTYP_F":0,"ELEVTYP_T":0},"geometry":{"type":"LineString","coordinates":[[-74.2637400096413,40.5168862006257],[-74.2644311281608,40.5170723583107],[-74.2644695653331,40.5169948457358]]}},{"type":"Feature","id":272441,"properties":{"OBJECTID":272441,"PRIMENAME":"Wayne Street","ELEVTYP_F":0,"ELEVTYP_T":0},"geometry":{"type":"LineString","coordinates":[[-74.2646172091668,40.5218313740518],[-74.2643014949887,40.5217648667388],[-74.2638850652335,40.5216771420776],[-74.2637472499862,40.5216481465941]]}},{"type":"Feature","id":273072,"properties":{"OBJECTID":273072,"PRIMENAME":"FR NJ 440 SB to NJ 440 SB","ELEVTYP_F":0,"ELEVTYP_T":0},"geometry":{"type":"LineString","coordinates":[[-74.2837927358802,40.5288085807082],[-74.2839534702987,40.5287569789896],[-74.2841132024693,40.5287035962332],[-74.2842718984969,40.5286484437677],[-74.2844295247061,40.5285915332971],[-74.2846246550307,40.5285196368809],[-74.2848176062613,40.5284443944581],[-74.2850082798672,40.5283658444541],[-74.285196578482,40.5282840269831],[-74.2854243638591,40.5281754680897],[-74.2856486362742,40.5280627313674]]}},{"type":"Feature","id":273262,"properties":{"OBJECTID":273262,"PRIMENAME":"Jefferson Street","ELEVTYP_F":0,"ELEVTYP_T":0},"geometry":{"type":"LineString","coordinates":[[-74.2697171872045,40.5100680179039],[-74.2706157398653,40.5103174428928],[-74.2715312180332,40.5105734545359]]}},{"type":"Feature","id":273368,"properties":{"OBJECTID":273368,"PRIMENAME":"Brace Avenue","ELEVTYP_F":0,"ELEVTYP_T":0},"geometry":{"type":"LineString","coordinates":[[-74.2843517817753,40.5232147754249],[-74.2849968171738,40.5233265510117],[-74.2852176107233,40.5233633892872]]}},{"type":"Feature","id":273745,"properties":{"OBJECTID":273745,"PRIMENAME":"Unnamed Segment","ELEVTYP_F":0,"ELEVTYP_T":0},"geometry":{"type":"LineString","coordinates":[[-74.2599774223428,40.519650668925],[-74.2600735647874,40.5196771633086],[-74.2602846738021,40.5197353388745]]}},{"type":"Feature","id":273850,"properties":{"OBJECTID":273850,"PRIMENAME":"Barry Avenue","ELEVTYP_F":0,"ELEVTYP_T":0},"geometry":{"type":"LineString","coordinates":[[-74.2869311803471,40.5321603479939],[-74.2875818368094,40.5323779708859],[-74.2887902544719,40.532782673996],[-74.28896582646,40.5328634819284],[-74.2890324688472,40.5329172701225],[-74.289081537466,40.5329764074411],[-74.2891059370015,40.5330435152877],[-74.289112783946,40.5330971393457],[-74.2891091234499,40.5331400943241],[-74.2890913897056,40.5331964186253],[-74.2890171651763,40.533311660509],[-74.2889181789208,40.5334751432684],[-74.2888737256384,40.5335731447165]]}},{"type":"Feature","id":273884,"properties":{"OBJECTID":273884,"PRIMENAME":"Krochmally Avenue","ELEVTYP_F":0,"ELEVTYP_T":0},"geometry":{"type":"LineString","coordinates":[[-74.2808008656179,40.5265197759532],[-74.2806275845327,40.526505694546],[-74.2804591729434,40.5265651628202]]}},{"type":"Feature","id":274217,"properties":{"OBJECTID":274217,"PRIMENAME":"Lawrence Street","ELEVTYP_F":0,"ELEVTYP_T":0},"geometry":{"type":"LineString","coordinates":[[-74.269122910615,40.5264701317072],[-74.269942109233,40.5267498457954]]}},{"type":"Feature","id":274489,"properties":{"OBJECTID":274489,"PRIMENAME":"Market Street","ELEVTYP_F":0,"ELEVTYP_T":0},"geometry":{"type":"LineString","coordinates":[[-74.2765816876245,40.509250296457],[-74.2763723439974,40.5091923818474]]}},{"type":"Feature","id":274883,"properties":{"OBJECTID":274883,"PRIMENAME":"Convery Boulevard","ELEVTYP_F":0,"ELEVTYP_T":0},"geometry":{"type":"LineString","coordinates":[[-74.2847929622336,40.5173970705542],[-74.2847250624064,40.5174721879812],[-74.284717012401,40.5174811765663]]}},{"type":"Feature","id":275129,"properties":{"OBJECTID":275129,"PRIMENAME":"Brace Avenue","ELEVTYP_F":0,"ELEVTYP_T":0},"geometry":{"type":"LineString","coordinates":[[-74.2876246329597,40.5245197171151],[-74.2878091846764,40.5245976055621],[-74.2883372697342,40.5247724491633],[-74.288436166923,40.5248051879465]]}},{"type":"Feature","id":275340,"properties":{"OBJECTID":275340,"PRIMENAME":"McKeon Street","ELEVTYP_F":0,"ELEVTYP_T":0},"geometry":{"type":"LineString","coordinates":[[-74.288500144367,40.5223051614854],[-74.2879855831822,40.5235755101535],[-74.2879613602324,40.523636571478]]}},{"type":"Feature","id":276065,"properties":{"OBJECTID":276065,"PRIMENAME":"Pearl Place","ELEVTYP_F":0,"ELEVTYP_T":0},"geometry":{"type":"LineString","coordinates":[[-74.2620894668045,40.5164101538087],[-74.262465315381,40.5165190627181]]}},{"type":"Feature","id":276373,"properties":{"OBJECTID":276373,"PRIMENAME":"Hamilton Avenue","ELEVTYP_F":0,"ELEVTYP_T":0},"geometry":{"type":"LineString","coordinates":[[-74.2854422325053,40.5366502714918],[-74.2846398483727,40.5357364956496],[-74.2845725424938,40.5356877544197],[-74.2844901969624,40.5356389571812],[-74.2844078409431,40.5356045176362],[-74.2842822945962,40.5355750751349]]}},{"type":"Feature","id":276718,"properties":{"OBJECTID":276718,"PRIMENAME":"Harbortown Boulevard","ELEVTYP_F":0,"ELEVTYP_T":0},"geometry":{"type":"LineString","coordinates":[[-74.2601572091002,40.5191047051717],[-74.260155462411,40.5190924703977],[-74.2601534332525,40.5190802610352],[-74.260151122256,40.5190680808821],[-74.2601485301405,40.5190559337271],[-74.2601456577124,40.5190438233487],[-74.2601425058653,40.5190317535138],[-74.2601390755799,40.5190197279768],[-74.2601353679233,40.5190077504784]]}},{"type":"Feature","id":277219,"properties":{"OBJECTID":277219,"PRIMENAME":"Unnamed Segment","ELEVTYP_F":0,"ELEVTYP_T":0},"geometry":{"type":"LineString","coordinates":[[-74.2837548607641,40.5328467009388],[-74.2837688584428,40.5328487004052],[-74.2838358599392,40.5328427006101],[-74.2838808590823,40.5328297013899],[-74.2839008584887,40.5328157007374],[-74.2839188599955,40.5327817006479],[-74.2838938599179,40.5325317004652]]}},{"type":"Feature","id":277493,"properties":{"OBJECTID":277493,"PRIMENAME":"Brace Avenue","ELEVTYP_F":0,"ELEVTYP_T":0},"geometry":{"type":"LineString","coordinates":[[-74.288436166923,40.5248051879465],[-74.2885983466811,40.5247680411815],[-74.2888998914622,40.5246614232073]]}},{"type":"Feature","id":277861,"properties":{"OBJECTID":277861,"PRIMENAME":"High Street","ELEVTYP_F":0,"ELEVTYP_T":0},"geometry":{"type":"LineString","coordinates":[[-74.2641038130449,40.5102235446561],[-74.2644347395369,40.5095444723967]]}},{"type":"Feature","id":278248,"properties":{"OBJECTID":278248,"PRIMENAME":"Dillman Lane","ELEVTYP_F":0,"ELEVTYP_T":0},"geometry":{"type":"LineString","coordinates":[[-74.269052726383,40.5225810665155],[-74.2685853048381,40.5225469973125],[-74.2683459623899,40.5225306234811]]}},{"type":"Feature","id":278487,"properties":{"OBJECTID":278487,"PRIMENAME":"Johnstone Street","ELEVTYP_F":0,"ELEVTYP_T":0},"geometry":{"type":"LineString","coordinates":[[-74.2736072371259,40.5173842620321],[-74.2732814926788,40.5180571392979]]}},{"type":"Feature","id":278883,"properties":{"OBJECTID":278883,"PRIMENAME":"Market Street","ELEVTYP_F":0,"ELEVTYP_T":0},"geometry":{"type":"LineString","coordinates":[[-74.271800682431,40.5079303502242],[-74.2709068963222,40.5076828657591],[-74.2709063211687,40.5076826718842]]}},{"type":"Feature","id":279004,"properties":{"OBJECTID":279004,"PRIMENAME":"Barry Avenue","ELEVTYP_F":0,"ELEVTYP_T":0},"geometry":{"type":"LineString","coordinates":[[-74.2862773204219,40.5315594972837],[-74.2855034561897,40.5312955209139]]}},{"type":"Feature","id":279234,"properties":{"OBJECTID":279234,"PRIMENAME":"Compton Avenue","ELEVTYP_F":0,"ELEVTYP_T":0},"geometry":{"type":"LineString","coordinates":[[-74.2831537892843,40.5216566552941],[-74.2831030763264,40.5216431641822],[-74.2818924698757,40.5212854078127],[-74.2818873704668,40.5212839004438],[-74.2817755057929,40.5212481675879]]}},{"type":"Feature","id":279498,"properties":{"OBJECTID":279498,"PRIMENAME":"Unnamed Segment","ELEVTYP_F":0,"ELEVTYP_T":0},"geometry":{"type":"LineString","coordinates":[[-74.272317166554,40.5145530488592],[-74.2722994664104,40.5144125645407],[-74.2723065111488,40.5143449565152],[-74.2723248857473,40.5142860375611],[-74.2725778937982,40.5140420519707]]}},{"type":"Feature","id":279685,"properties":{"OBJECTID":279685,"PRIMENAME":"Rector Street","ELEVTYP_F":0,"ELEVTYP_T":0},"geometry":{"type":"LineString","coordinates":[[-74.2632522785336,40.5092212059006],[-74.2636005389529,40.5084930006533],[-74.2637723080004,40.508133827773],[-74.264061371033,40.5075865193373],[-74.2640616223961,40.5075147891979]]}},{"type":"Feature","id":279743,"properties":{"OBJECTID":279743,"PRIMENAME":"Hall Avenue","ELEVTYP_F":0,"ELEVTYP_T":0},"geometry":{"type":"LineString","coordinates":[[-74.2622398591091,40.5189321634822],[-74.262330282382,40.5189239223165]]}},{"type":"Feature","id":279760,"properties":{"OBJECTID":279760,"PRIMENAME":"Brace Avenue","ELEVTYP_F":0,"ELEVTYP_T":0},"geometry":{"type":"LineString","coordinates":[[-74.2786662667064,40.5210715347103],[-74.2788898232744,40.5211366070423],[-74.2789428064086,40.5211520298884],[-74.2791348642647,40.5212060087959]]}},{"type":"Feature","id":280028,"properties":{"OBJECTID":280028,"PRIMENAME":"Francis Street","ELEVTYP_F":0,"ELEVTYP_T":0},"geometry":{"type":"LineString","coordinates":[[-74.269942109233,40.5267498457954],[-74.2699095136064,40.5268029529988],[-74.2694423594668,40.5275642582506]]}},{"type":"Feature","id":280173,"properties":{"OBJECTID":280173,"PRIMENAME":"Ogden Place","ELEVTYP_F":0,"ELEVTYP_T":0},"geometry":{"type":"LineString","coordinates":[[-74.2777124511331,40.5155993109791],[-74.278014458947,40.5153339439926]]}},{"type":"Feature","id":280626,"properties":{"OBJECTID":280626,"PRIMENAME":"Krochmally Avenue","ELEVTYP_F":0,"ELEVTYP_T":0},"geometry":{"type":"LineString","coordinates":[[-74.2835611837544,40.5267540040721],[-74.2834712438821,40.5267434315327],[-74.2827366866354,40.5266830328766],[-74.2826428907656,40.5266747310283]]}},{"type":"Feature","id":280898,"properties":{"OBJECTID":280898,"PRIMENAME":"Eagle Avenue","ELEVTYP_F":0,"ELEVTYP_T":0},"geometry":{"type":"LineString","coordinates":[[-74.2716489072324,40.5235695822855],[-74.2726419543226,40.5237704790508]]}},{"type":"Feature","id":281431,"properties":{"OBJECTID":281431,"PRIMENAME":"Unnamed Segment","ELEVTYP_F":0,"ELEVTYP_T":0},"geometry":{"type":"LineString","coordinates":[[-74.2591453927196,40.5203693399362],[-74.2588195938099,40.5202832665077],[-74.2590521228176,40.5204590254344]]}},{"type":"Feature","id":282026,"properties":{"OBJECTID":282026,"PRIMENAME":"Augustine Place","ELEVTYP_F":0,"ELEVTYP_T":0},"geometry":{"type":"LineString","coordinates":[[-74.279905736307,40.5169739288102],[-74.2793208546258,40.5175152762283]]}},{"type":"Feature","id":282535,"properties":{"OBJECTID":282535,"PRIMENAME":"West Side Avenue","ELEVTYP_F":0,"ELEVTYP_T":0},"geometry":{"type":"LineString","coordinates":[[-74.2696900839962,40.5194928993107],[-74.2694858625743,40.5201164308715],[-74.2694518567028,40.520172774754]]}},{"type":"Feature","id":282940,"properties":{"OBJECTID":282940,"PRIMENAME":"State Street","ELEVTYP_F":0,"ELEVTYP_T":0},"geometry":{"type":"LineString","coordinates":[[-74.2695612253018,40.50501728064],[-74.2693013366775,40.5055367994696]]}},{"type":"Feature","id":283019,"properties":{"OBJECTID":283019,"PRIMENAME":"Smith Street","ELEVTYP_F":0,"ELEVTYP_T":0},"geometry":{"type":"LineString","coordinates":[[-74.2825858003596,40.5126775335128],[-74.2823606627993,40.5126163046574],[-74.2817552213544,40.5124504008533],[-74.2815926598147,40.5124026305805]]}},{"type":"Feature","id":283109,"properties":{"OBJECTID":283109,"PRIMENAME":"Pacific Avenue","ELEVTYP_F":0,"ELEVTYP_T":0},"geometry":{"type":"LineString","coordinates":[[-74.27923368664,40.5221468131482],[-74.279518116641,40.5213137181338]]}},{"type":"Feature","id":283250,"properties":{"OBJECTID":283250,"PRIMENAME":"Krochmally Avenue","ELEVTYP_F":0,"ELEVTYP_T":0},"geometry":{"type":"LineString","coordinates":[[-74.2826428907656,40.5266747310283],[-74.2818474960381,40.5266046313995],[-74.2817228395893,40.5265945413354]]}},{"type":"Feature","id":283491,"properties":{"OBJECTID":283491,"PRIMENAME":"Unnamed Segment","ELEVTYP_F":0,"ELEVTYP_T":0},"geometry":{"type":"LineString","coordinates":[[-74.2616715984143,40.5179763155322],[-74.2615209701311,40.5180347743612]]}},{"type":"Feature","id":283704,"properties":{"OBJECTID":283704,"PRIMENAME":"Sherman Street","ELEVTYP_F":0,"ELEVTYP_T":0},"geometry":{"type":"LineString","coordinates":[[-74.2815677651579,40.508945758994],[-74.2808822313176,40.5103810670995],[-74.2808781541519,40.5103960206248],[-74.2808769326352,40.5104178414602],[-74.2808807158798,40.5104377237237]]}},{"type":"Feature","id":283764,"properties":{"OBJECTID":283764,"PRIMENAME":"Bingle Street","ELEVTYP_F":0,"ELEVTYP_T":0},"geometry":{"type":"LineString","coordinates":[[-74.2859921762506,40.5258322469374],[-74.2859028704819,40.5258036703264],[-74.2851571875815,40.5255792451358]]}},{"type":"Feature","id":283832,"properties":{"OBJECTID":283832,"PRIMENAME":"State Highway 440","ELEVTYP_F":0,"ELEVTYP_T":0},"geometry":{"type":"LineString","coordinates":[[-74.2747783393171,40.5282100017472],[-74.2749734631367,40.5282772525176]]}},{"type":"Feature","id":283874,"properties":{"OBJECTID":283874,"PRIMENAME":"Arnold Avenue","ELEVTYP_F":0,"ELEVTYP_T":0},"geometry":{"type":"LineString","coordinates":[[-74.274972247512,40.5220253843751],[-74.2740980020074,40.521845245384],[-74.2734869394401,40.5217273548861],[-74.2733686753874,40.5217023071133]]}},{"type":"Feature","id":284147,"properties":{"OBJECTID":284147,"PRIMENAME":"Convery Boulevard","ELEVTYP_F":0,"ELEVTYP_T":0},"geometry":{"type":"LineString","coordinates":[[-74.2789983936138,40.5332183754256],[-74.2789783077106,40.533309008414],[-74.2788539657723,40.5338670711328],[-74.2788280362118,40.5339843478193]]}},{"type":"Feature","id":284163,"properties":{"OBJECTID":284163,"PRIMENAME":"Krochmally Avenue","ELEVTYP_F":0,"ELEVTYP_T":0},"geometry":{"type":"LineString","coordinates":[[-74.28445167461,40.5269218306404],[-74.2843293525153,40.5268791081237],[-74.2841632633194,40.526831993335],[-74.2840632677645,40.5268047129565],[-74.2839341937836,40.5267921177831],[-74.2837034467976,40.5267707690355],[-74.2835611837544,40.5267540040721]]}},{"type":"Feature","id":284621,"properties":{"OBJECTID":284621,"PRIMENAME":"West Side Avenue","ELEVTYP_F":0,"ELEVTYP_T":0},"geometry":{"type":"LineString","coordinates":[[-74.2704716094264,40.5172729389358],[-74.2701665760414,40.5181182683977]]}},{"type":"Feature","id":284709,"properties":{"OBJECTID":284709,"PRIMENAME":"Dino Drive","ELEVTYP_F":0,"ELEVTYP_T":0},"geometry":{"type":"LineString","coordinates":[[-74.2918806759463,40.5172670319705],[-74.2910784947353,40.5171101279064],[-74.2910414482058,40.5171209315094],[-74.2910014722599,40.5171599771136],[-74.2909584924949,40.5172512023843],[-74.2907859544918,40.517792063341],[-74.2907771817284,40.5178485420736],[-74.2908026794781,40.517896380979],[-74.2908822288396,40.5179595797515]]}},{"type":"Feature","id":285293,"properties":{"OBJECTID":285293,"PRIMENAME":"FR HIGH ST TO RAMP Y100400","ELEVTYP_F":1,"ELEVTYP_T":1},"geometry":{"type":"LineString","coordinates":[[-74.2648648423797,40.5261038013368],[-74.2649686251414,40.5260742287439],[-74.2650410595189,40.5260484893325]]}},{"type":"Feature","id":285816,"properties":{"OBJECTID":285816,"PRIMENAME":"Bingle Street","ELEVTYP_F":0,"ELEVTYP_T":0},"geometry":{"type":"LineString","coordinates":[[-74.2876194268186,40.5262828130708],[-74.2875115475492,40.5263142384616],[-74.2873863602289,40.5262785694191],[-74.2868114194749,40.5260945207302]]}},{"type":"Feature","id":286238,"properties":{"OBJECTID":286238,"PRIMENAME":"FR CR 653 to RT 35 NB","ELEVTYP_F":0,"ELEVTYP_T":0},"geometry":{"type":"LineString","coordinates":[[-74.2763591481231,40.5290752454398],[-74.27646437585,40.5291092743568],[-74.2765704208911,40.5291417926229],[-74.2766772460004,40.5291727888163],[-74.2767848136579,40.5292022520501],[-74.2768930860826,40.5292301719756],[-74.2770020252457,40.5292565387862],[-74.2771115928842,40.5292813432209],[-74.2772217505142,40.5293045765672],[-74.277396431482,40.5293387361669],[-74.2775715816816,40.5293714672509],[-74.2777061664836,40.5293955919372]]}},{"type":"Feature","id":286398,"properties":{"OBJECTID":286398,"PRIMENAME":"Division Street","ELEVTYP_F":0,"ELEVTYP_T":0},"geometry":{"type":"LineString","coordinates":[[-74.2679925285966,40.5131921145769],[-74.2675137696994,40.5141479642141]]}},{"type":"Feature","id":286405,"properties":{"OBJECTID":286405,"PRIMENAME":"Cornell Street","ELEVTYP_F":0,"ELEVTYP_T":0},"geometry":{"type":"LineString","coordinates":[[-74.2779559349974,40.517090077823],[-74.2781259501117,40.5167671121118]]}},{"type":"Feature","id":286466,"properties":{"OBJECTID":286466,"PRIMENAME":"FR RAMP X100130 to RT 440 SB","ELEVTYP_F":0,"ELEVTYP_T":0},"geometry":{"type":"LineString","coordinates":[[-74.2822533986152,40.5295062984084],[-74.2822916879172,40.5294685511861],[-74.2823311662706,40.5294315239742],[-74.2823718104278,40.5293952385751],[-74.282413596455,40.5293597163543],[-74.2824564997459,40.5293249782281],[-74.2825004950367,40.5292910446509],[-74.2825455564204,40.5292579356034],[-74.2825916573627,40.5292256705806],[-74.282629028205,40.5292028052957],[-74.2826675612452,40.5291810921689],[-74.282707195511,40.5291605655574],[-74.2827478682878,40.5291412579404],[-74.2827895152179,40.5291231998687],[-74.2828320704023,40.5291064199157],[-74.2828754665052,40.5290909446323],[-74.2829196348602,40.5290767985052]]}},{"type":"Feature","id":287698,"properties":{"OBJECTID":287698,"PRIMENAME":"Pacific Avenue","ELEVTYP_F":0,"ELEVTYP_T":0},"geometry":{"type":"LineString","coordinates":[[-74.2789484980195,40.523679334015],[-74.2790494953117,40.5232240844161],[-74.2791135466723,40.523021012714]]}},{"type":"Feature","id":287714,"properties":{"OBJECTID":287714,"PRIMENAME":"Donald Avenue","ELEVTYP_F":0,"ELEVTYP_T":0},"geometry":{"type":"LineString","coordinates":[[-74.2794558623288,40.5269184703142],[-74.2792639702537,40.5278176787388]]}},{"type":"Feature","id":288030,"properties":{"OBJECTID":288030,"PRIMENAME":"West Side Avenue","ELEVTYP_F":0,"ELEVTYP_T":0},"geometry":{"type":"LineString","coordinates":[[-74.2692674710913,40.5208743884159],[-74.2691956980373,40.5214853632588],[-74.2691830001141,40.5215903943011]]}},{"type":"Feature","id":288144,"properties":{"OBJECTID":288144,"PRIMENAME":"FR CR 653 to RT 35 NB","ELEVTYP_F":0,"ELEVTYP_T":0},"geometry":{"type":"LineString","coordinates":[[-74.2789758911367,40.5295986799626],[-74.2789978838618,40.5296198373875],[-74.2790182617433,40.5296419161777],[-74.2790369586316,40.5296648446639],[-74.2790539138335,40.5296885484187],[-74.2790690723094,40.5297129504978],[-74.2790823848515,40.5297379716901],[-74.2790938082443,40.5297635307749],[-74.2791033054043,40.5297895447852],[-74.2791139801763,40.5298188376862],[-74.2791261979544,40.5298477774252],[-74.2791399387718,40.5298763167023],[-74.279155180172,40.5299044088724],[-74.2791718972459,40.529932008021],[-74.2791900626726,40.5299590690393],[-74.2792096467637,40.529985547698],[-74.279230617512,40.5300114007196],[-74.2792590124674,40.5300499445357],[-74.279290334026,40.5300871450214],[-74.2793244733925,40.5301228729556],[-74.2793613119832,40.530157004232],[-74.2793907201358,40.5301922214625],[-74.2794161684951,40.5302291906439],[-74.2794374790334,40.5302676531628],[-74.2794545026681,40.5303073399591],[-74.2794632178213,40.5303426944607],[-74.2794697395411,40.5303783230812]]}},{"type":"Feature","id":288405,"properties":{"OBJECTID":288405,"PRIMENAME":"Convery Boulevard","ELEVTYP_F":0,"ELEVTYP_T":0},"geometry":{"type":"LineString","coordinates":[[-74.2801571891617,40.5279333036355],[-74.2801358691133,40.5280283809562]]}},{"type":"Feature","id":288492,"properties":{"OBJECTID":288492,"PRIMENAME":"Kelly Avenue","ELEVTYP_F":0,"ELEVTYP_T":0},"geometry":{"type":"LineString","coordinates":[[-74.2785773608848,40.536044268449],[-74.2805322975594,40.5363062560598]]}},{"type":"Feature","id":289053,"properties":{"OBJECTID":289053,"PRIMENAME":"FR RT 35 NB to RAMP X105440","ELEVTYP_F":0,"ELEVTYP_T":0},"geometry":{"type":"LineString","coordinates":[[-74.2766956043096,40.5434126376321],[-74.2766892510585,40.5434179086041],[-74.2766827064167,40.5434230414912],[-74.276675975539,40.5434280322504],[-74.2766690637268,40.5434328769509],[-74.2766619764242,40.5434375717768],[-74.2766547192133,40.5434421130302],[-74.2766472978103,40.5434464971342],[-74.2766397180605,40.5434507206357],[-74.2766319859339,40.5434547802082],[-74.2766241075208,40.5434586726542],[-74.2766160890264,40.5434623949077],[-74.2766079367666,40.5434659440369],[-74.2765996571622,40.5434693172465],[-74.2765912567346,40.5434725118796],[-74.2765827421005,40.5434755254199],[-74.2765741199662,40.5434783554938]]}},{"type":"Feature","id":289366,"properties":{"OBJECTID":289366,"PRIMENAME":"Rector Street","ELEVTYP_F":0,"ELEVTYP_T":0},"geometry":{"type":"LineString","coordinates":[[-74.2654726300237,40.5044264308745],[-74.2655083224302,40.504348952736],[-74.2659626345599,40.5034512841997],[-74.2667431731793,40.5019124337538],[-74.2668393193523,40.5017197009807]]}},{"type":"Feature","id":290216,"properties":{"OBJECTID":290216,"PRIMENAME":"FR CO 653 to RT 35 SB","ELEVTYP_F":0,"ELEVTYP_T":0},"geometry":{"type":"LineString","coordinates":[[-74.2768400568801,40.543603619392],[-74.2766035274476,40.5435947351768],[-74.2760778907829,40.5434599479782],[-74.2759314193447,40.5434217270308],[-74.2758589716588,40.5434003326822]]}},{"type":"Feature","id":290302,"properties":{"OBJECTID":290302,"PRIMENAME":"Herbert Street","ELEVTYP_F":0,"ELEVTYP_T":0},"geometry":{"type":"LineString","coordinates":[[-74.2829790306282,40.5166162873023],[-74.2829568766342,40.5165932139232],[-74.2829297535538,40.5165601666522],[-74.2829010335029,40.5165319752653],[-74.2828738672797,40.5165013433855],[-74.2828579471137,40.5164744666373],[-74.2828340297921,40.5164401626859],[-74.2828261468844,40.516397323887],[-74.2828294510634,40.5163545610499],[-74.2828456590031,40.5163032025456],[-74.2828699311919,40.5162384632423],[-74.2828931218108,40.5161969455086],[-74.2829103167201,40.5161406759193],[-74.2829383334265,40.5160363520025],[-74.2829515283387,40.5159872186778]]}},{"type":"Feature","id":290384,"properties":{"OBJECTID":290384,"PRIMENAME":"State Highway 35","ELEVTYP_F":0,"ELEVTYP_T":0},"geometry":{"type":"LineString","coordinates":[[-74.2916400128419,40.5079861379028],[-74.2924748171912,40.5070264561666],[-74.2938035758498,40.5053655354523],[-74.294220892463,40.5048618136931]]}},{"type":"Feature","id":290419,"properties":{"OBJECTID":290419,"PRIMENAME":"Market Street","ELEVTYP_F":0,"ELEVTYP_T":0},"geometry":{"type":"LineString","coordinates":[[-74.2685565911824,40.5070254467583],[-74.2678433401282,40.5068263188758],[-74.2676148344194,40.5067625228177],[-74.267394942344,40.506701879638]]}},{"type":"Feature","id":290615,"properties":{"OBJECTID":290615,"PRIMENAME":"Elm Street","ELEVTYP_F":0,"ELEVTYP_T":0},"geometry":{"type":"LineString","coordinates":[[-74.2740619331401,40.5103116861377],[-74.2748244861525,40.5087642655657]]}},{"type":"Feature","id":290914,"properties":{"OBJECTID":290914,"PRIMENAME":"Keene Street","ELEVTYP_F":0,"ELEVTYP_T":0},"geometry":{"type":"LineString","coordinates":[[-74.2706157432934,40.5256516285667],[-74.2714346442395,40.5259435197036],[-74.2720811684909,40.5261697318853],[-74.2720818511209,40.5261699520841]]}},{"type":"Feature","id":291453,"properties":{"OBJECTID":291453,"PRIMENAME":"Goodwin Street","ELEVTYP_F":0,"ELEVTYP_T":0},"geometry":{"type":"LineString","coordinates":[[-74.2801985385811,40.5120143802894],[-74.2802697621854,40.5118687218841],[-74.2808655336584,40.5105386329769],[-74.2808758595371,40.5105155108841],[-74.2808813839591,40.5104978429043],[-74.2808838614851,40.5104769575028],[-74.2808826970781,40.5104587544752],[-74.2808807158798,40.5104377237237]]}},{"type":"Feature","id":292208,"properties":{"OBJECTID":292208,"PRIMENAME":"Division Street","ELEVTYP_F":0,"ELEVTYP_T":0},"geometry":{"type":"LineString","coordinates":[[-74.2668318412813,40.5155310104541],[-74.2663523434572,40.5165222021373],[-74.2663100709895,40.5166095847815]]}},{"type":"Feature","id":292319,"properties":{"OBJECTID":292319,"PRIMENAME":"Hall Avenue","ELEVTYP_F":0,"ELEVTYP_T":0},"geometry":{"type":"LineString","coordinates":[[-74.2672989741414,40.5197328915806],[-74.2681948183651,40.5199160343991]]}},{"type":"Feature","id":292562,"properties":{"OBJECTID":292562,"PRIMENAME":"Chamberlain Avenue","ELEVTYP_F":0,"ELEVTYP_T":0},"geometry":{"type":"LineString","coordinates":[[-74.2873313916621,40.5314795004132],[-74.2871190604537,40.5318407234405]]}},{"type":"Feature","id":292667,"properties":{"OBJECTID":292667,"PRIMENAME":"West Side Avenue","ELEVTYP_F":0,"ELEVTYP_T":0},"geometry":{"type":"LineString","coordinates":[[-74.269052726383,40.5225810665155],[-74.2690043910735,40.522881203048],[-74.2689980301905,40.523036811533]]}},{"type":"Feature","id":292902,"properties":{"OBJECTID":292902,"PRIMENAME":"State Highway 440","ELEVTYP_F":0,"ELEVTYP_T":0},"geometry":{"type":"LineString","coordinates":[[-74.2749734631367,40.5282772525176],[-74.2750811222992,40.5283143571904]]}},{"type":"Feature","id":292986,"properties":{"OBJECTID":292986,"PRIMENAME":"Lewis Street","ELEVTYP_F":0,"ELEVTYP_T":0},"geometry":{"type":"LineString","coordinates":[[-74.2735590085081,40.5022943311131],[-74.2747650449458,40.5026653862332]]}},{"type":"Feature","id":293246,"properties":{"OBJECTID":293246,"PRIMENAME":"Kamm Street","ELEVTYP_F":0,"ELEVTYP_T":0},"geometry":{"type":"LineString","coordinates":[[-74.2798088757714,40.5252943089222],[-74.2801139868768,40.5253343652993],[-74.280569478235,40.5254048198979],[-74.2807065028284,40.5254162793151]]}},{"type":"Feature","id":293674,"properties":{"OBJECTID":293674,"PRIMENAME":"South Park Drive","ELEVTYP_F":0,"ELEVTYP_T":0},"geometry":{"type":"LineString","coordinates":[[-74.2763326827851,40.5303604970124],[-74.2763927316229,40.5303377463296],[-74.2764601877584,40.5303378768464],[-74.2765426079284,40.5303494832227],[-74.2766585771945,40.5304097431767],[-74.2779869511977,40.5310213884743],[-74.2793428577108,40.5316589586291]]}},{"type":"Feature","id":294186,"properties":{"OBJECTID":294186,"PRIMENAME":"Meredith Street","ELEVTYP_F":0,"ELEVTYP_T":0},"geometry":{"type":"LineString","coordinates":[[-74.2731277821099,40.5223918745186],[-74.274242428427,40.5226180588944],[-74.2745834727964,40.5226902966388],[-74.2747350492276,40.5227224014816]]}},{"type":"Feature","id":294552,"properties":{"OBJECTID":294552,"PRIMENAME":"Boggs Street","ELEVTYP_F":0,"ELEVTYP_T":0},"geometry":{"type":"LineString","coordinates":[[-74.2691593331487,40.5251338263534],[-74.2694931833216,40.5245847563457]]}},{"type":"Feature","id":295169,"properties":{"OBJECTID":295169,"PRIMENAME":"Sutton Street","ELEVTYP_F":0,"ELEVTYP_T":0},"geometry":{"type":"LineString","coordinates":[[-74.2757501314713,40.519235632227],[-74.2756227013752,40.5192094710995],[-74.2743182846048,40.5189416699117]]}},{"type":"Feature","id":295730,"properties":{"OBJECTID":295730,"PRIMENAME":"Prospect Street","ELEVTYP_F":0,"ELEVTYP_T":0},"geometry":{"type":"LineString","coordinates":[[-74.2758166351915,40.5108029121961],[-74.2765781024391,40.5092575368919],[-74.2765816876245,40.509250296457]]}},{"type":"Feature","id":296148,"properties":{"OBJECTID":296148,"PRIMENAME":"Market Street","ELEVTYP_F":0,"ELEVTYP_T":0},"geometry":{"type":"LineString","coordinates":[[-74.2833482404565,40.5111237426835],[-74.2821706037585,40.5107953533901]]}},{"type":"Feature","id":296250,"properties":{"OBJECTID":296250,"PRIMENAME":"Johnstone Street","ELEVTYP_F":0,"ELEVTYP_T":0},"geometry":{"type":"LineString","coordinates":[[-74.2739599827619,40.5147414701954],[-74.2743946475691,40.5147402328349],[-74.2744875496046,40.5147529320046],[-74.2745503406002,40.5147780901975]]}},{"type":"Feature","id":296379,"properties":{"OBJECTID":296379,"PRIMENAME":"Bruck Avenue","ELEVTYP_F":0,"ELEVTYP_T":0},"geometry":{"type":"LineString","coordinates":[[-74.2686300533343,40.5272762092472],[-74.2689959436975,40.5274062361472],[-74.2694423594668,40.5275642582506]]}},{"type":"Feature","id":296600,"properties":{"OBJECTID":296600,"PRIMENAME":"Bingle Street","ELEVTYP_F":0,"ELEVTYP_T":0},"geometry":{"type":"LineString","coordinates":[[-74.288540625897,40.5265082713834],[-74.2885217616349,40.5265525567145],[-74.288532842174,40.5265983378491],[-74.2885889534573,40.5266356093956],[-74.2887536549274,40.5266902364251],[-74.2889371173091,40.5267391875136],[-74.2890757472217,40.5267451506175],[-74.2892968834886,40.5267341341036],[-74.2896763729448,40.5267144568698],[-74.2897631928523,40.5267334190514]]}},{"type":"Feature","id":298113,"properties":{"OBJECTID":298113,"PRIMENAME":"Chamberlain Avenue","ELEVTYP_F":0,"ELEVTYP_T":0},"geometry":{"type":"LineString","coordinates":[[-74.2851509298186,40.5342533025122],[-74.2850359590883,40.5343374728093],[-74.2841893066808,40.5349747651456],[-74.2840541844386,40.5350480271643]]}},{"type":"Feature","id":298266,"properties":{"OBJECTID":298266,"PRIMENAME":"Donald Avenue","ELEVTYP_F":0,"ELEVTYP_T":0},"geometry":{"type":"LineString","coordinates":[[-74.2806149498141,40.5216313567994],[-74.2804268117495,40.5225361202918]]}},{"type":"Feature","id":298865,"properties":{"OBJECTID":298865,"PRIMENAME":"FR RT 440 NB to CO 611 NB","ELEVTYP_F":0,"ELEVTYP_T":1},"geometry":{"type":"LineString","coordinates":[[-74.2659105669367,40.5253761087112],[-74.2658679628593,40.5254101435483],[-74.2657854686618,40.5254841222851],[-74.2656879778746,40.5255770935955],[-74.2655905200009,40.5256605398587],[-74.2654780739744,40.5257401946024],[-74.2653232629859,40.5258368652083],[-74.2652109879647,40.525887971066],[-74.2650762001854,40.5259371091096],[-74.2650096516056,40.5259565191995]]}},{"type":"Feature","id":298892,"properties":{"OBJECTID":298892,"PRIMENAME":"Florida Grove Road","ELEVTYP_F":0,"ELEVTYP_T":0},"geometry":{"type":"LineString","coordinates":[[-74.2891917893062,40.5239474839239],[-74.289053788775,40.5240528099322],[-74.288982252314,40.5241168598276],[-74.2889327037944,40.524178177711],[-74.2888904146891,40.5242534541486],[-74.2888645911906,40.5243203875236],[-74.28884047153,40.5244291869641],[-74.2888420691442,40.5245045435685],[-74.2888565053352,40.5245701509248],[-74.2888998914622,40.5246614232073]]}},{"type":"Feature","id":299371,"properties":{"OBJECTID":299371,"PRIMENAME":"Florida Grove Road","ELEVTYP_F":0,"ELEVTYP_T":0},"geometry":{"type":"LineString","coordinates":[[-74.2864708985961,40.5378207167127],[-74.286343846426,40.5378831860797]]}},{"type":"Feature","id":299581,"properties":{"OBJECTID":299581,"PRIMENAME":"Convery Boulevard","ELEVTYP_F":0,"ELEVTYP_T":0},"geometry":{"type":"LineString","coordinates":[[-74.2804591729434,40.5265651628202],[-74.2803797147515,40.5269255552806],[-74.2802995413553,40.527251330713],[-74.2802494014589,40.5275017816326],[-74.280203081976,40.5277279742008],[-74.2801571891617,40.5279333036355]]}},{"type":"Feature","id":299784,"properties":{"OBJECTID":299784,"PRIMENAME":"FR CR 653 to RT 35 NB","ELEVTYP_F":0,"ELEVTYP_T":0},"geometry":{"type":"LineString","coordinates":[[-74.2777061664836,40.5293955919372],[-74.2778726355411,40.5294242055019],[-74.2780394759303,40.5294515311248],[-74.2781829664459,40.5294685520096]]}},{"type":"Feature","id":299785,"properties":{"OBJECTID":299785,"PRIMENAME":"FR CR 653 to RT 35 NB","ELEVTYP_F":0,"ELEVTYP_T":0},"geometry":{"type":"LineString","coordinates":[[-74.2794697395411,40.5303783230812],[-74.2794733674845,40.5304069703366],[-74.2794755770939,40.5304357016023],[-74.2794763652246,40.5304644760093],[-74.2794757307535,40.5304932526276],[-74.2794869849619,40.5307097545232],[-74.2794998909488,40.5309262027481]]}},{"type":"Feature","id":300645,"properties":{"OBJECTID":300645,"PRIMENAME":"FR RAMP A100400 to CO 611 SB","ELEVTYP_F":1,"ELEVTYP_T":0},"geometry":{"type":"LineString","coordinates":[[-74.2645199509845,40.5272761968428],[-74.2645508087302,40.527248122345],[-74.2646133763675,40.5271740769067],[-74.2646634412847,40.5271057159439],[-74.2647010235013,40.5270373295411],[-74.2647337720256,40.5269518303832],[-74.2647614697164,40.5268701377885],[-74.2647942989512,40.5267409097459],[-74.2648247224585,40.5266002568478],[-74.2648424926971,40.5264975981473],[-74.2648579125478,40.5263778326577],[-74.2648633762926,40.5262352349286],[-74.2648648423797,40.5261038013368]]}},{"type":"Feature","id":300871,"properties":{"OBJECTID":300871,"PRIMENAME":"Parker Street","ELEVTYP_F":0,"ELEVTYP_T":0},"geometry":{"type":"LineString","coordinates":[[-74.2632154325494,40.5203709615489],[-74.2631686931875,40.520476937193],[-74.2627656765426,40.5212702191008],[-74.2627398903788,40.5213195232511]]}},{"type":"Feature","id":301298,"properties":{"OBJECTID":301298,"PRIMENAME":"Market Street","ELEVTYP_F":0,"ELEVTYP_T":0},"geometry":{"type":"LineString","coordinates":[[-74.2786263061672,40.5098166527142],[-74.2784001044643,40.5097539856849],[-74.2781762079422,40.5096919566805]]}},{"type":"Feature","id":301395,"properties":{"OBJECTID":301395,"PRIMENAME":"High Street","ELEVTYP_F":0,"ELEVTYP_T":0},"geometry":{"type":"LineString","coordinates":[[-74.2644347395369,40.5095444723967],[-74.2647539607461,40.5089404814733],[-74.2648656039639,40.508701772574]]}},{"type":"Feature","id":301597,"properties":{"OBJECTID":301597,"PRIMENAME":"Luther Avenue","ELEVTYP_F":0,"ELEVTYP_T":0},"geometry":{"type":"LineString","coordinates":[[-74.2896578658771,40.5260866969666],[-74.2897651248099,40.5260807435783],[-74.2906756200334,40.5260302943341]]}},{"type":"Feature","id":302269,"properties":{"OBJECTID":302269,"PRIMENAME":"New Brunswick Avenue","ELEVTYP_F":0,"ELEVTYP_T":0},"geometry":{"type":"LineString","coordinates":[[-74.2877092809272,40.5221131447794],[-74.2876042697809,40.5220811911799],[-74.2874879618494,40.5220271999663],[-74.2873043674308,40.5219333085847],[-74.2869463527039,40.5217454869196],[-74.2866035851598,40.5215600528433],[-74.2860802994895,40.5212877576996],[-74.2858873735483,40.5211883844751]]}},{"type":"Feature","id":302382,"properties":{"OBJECTID":302382,"PRIMENAME":"FR CR 653 to RT 35 NB","ELEVTYP_F":0,"ELEVTYP_T":0},"geometry":{"type":"LineString","coordinates":[[-74.2781829664459,40.5294685520096],[-74.2784013024685,40.5294918788613],[-74.2786201517004,40.529512214302],[-74.2786663715206,40.5295181510822],[-74.2787122388105,40.5295255095033],[-74.278757678498,40.5295342775216],[-74.2788026162107,40.5295444407862],[-74.2788469783979,40.5295559826628],[-74.2788906924505,40.5295688842605],[-74.2789336868203,40.5295831244629],[-74.2789758911367,40.5295986799626]]}},{"type":"Feature","id":302568,"properties":{"OBJECTID":302568,"PRIMENAME":"Cortlandt Street","ELEVTYP_F":0,"ELEVTYP_T":0},"geometry":{"type":"LineString","coordinates":[[-74.2654394049681,40.5251098096595],[-74.2656329450555,40.5245418265521]]}},{"type":"Feature","id":302644,"properties":{"OBJECTID":302644,"PRIMENAME":"Lincoln Drive","ELEVTYP_F":0,"ELEVTYP_T":0},"geometry":{"type":"LineString","coordinates":[[-74.288393735917,40.530095497635],[-74.2879265098008,40.5299801147159],[-74.2872721150281,40.5298367155391],[-74.2868442763978,40.5297359773852],[-74.2865372816556,40.5296470177869],[-74.2862353742317,40.5295541958909],[-74.2856515374901,40.5293878863161],[-74.2851662216353,40.5292282352065]]}},{"type":"Feature","id":303050,"properties":{"OBJECTID":303050,"PRIMENAME":"Hamilton Avenue","ELEVTYP_F":0,"ELEVTYP_T":0},"geometry":{"type":"LineString","coordinates":[[-74.2858339752089,40.5373543235741],[-74.2858306793072,40.5372142071915],[-74.2858196909336,40.5371284013643],[-74.285789919573,40.5370654284923],[-74.2857339103573,40.5369823950661],[-74.2854422325053,40.5366502714918]]}},{"type":"Feature","id":303216,"properties":{"OBJECTID":303216,"PRIMENAME":"West Side Avenue","ELEVTYP_F":0,"ELEVTYP_T":0},"geometry":{"type":"LineString","coordinates":[[-74.2677518456263,40.5239562884467],[-74.2675377883239,40.5245644225853]]}},{"type":"Feature","id":303505,"properties":{"OBJECTID":303505,"PRIMENAME":"State Street","ELEVTYP_F":0,"ELEVTYP_T":0},"geometry":{"type":"LineString","coordinates":[[-74.2635161168501,40.5174540102344],[-74.2635235158846,40.5174776056219],[-74.2635507322882,40.5175224612591],[-74.2635838730445,40.5175598907224],[-74.2636444284815,40.517595837978],[-74.2638124637697,40.5176723584699],[-74.2641949151494,40.5178463825386],[-74.2643927804141,40.5179364166325],[-74.2644473901427,40.5179858022235],[-74.2644863892519,40.5180351838938],[-74.2645057333181,40.518088972799],[-74.2645113296113,40.5181651620263],[-74.2644794928578,40.5183099568597],[-74.2642584871779,40.5191324108845]]}},{"type":"Feature","id":304242,"properties":{"OBJECTID":304242,"PRIMENAME":"Alpine Street","ELEVTYP_F":0,"ELEVTYP_T":0},"geometry":{"type":"LineString","coordinates":[[-74.2738875360327,40.5261462960652],[-74.2725293483138,40.5256674347466],[-74.2724160934687,40.5256271329466]]}},{"type":"Feature","id":304705,"properties":{"OBJECTID":304705,"PRIMENAME":"Florida Grove Road","ELEVTYP_F":0,"ELEVTYP_T":0},"geometry":{"type":"LineString","coordinates":[[-74.291196352353,40.5229466022988],[-74.2911379756607,40.5230252548789],[-74.2911061870215,40.5230680762955]]}},{"type":"Feature","id":304983,"properties":{"OBJECTID":304983,"PRIMENAME":"Amboy Avenue","ELEVTYP_F":0,"ELEVTYP_T":0},"geometry":{"type":"LineString","coordinates":[[-74.2759353910088,40.5202806191],[-74.2760877149626,40.5207719060067]]}},{"type":"Feature","id":305061,"properties":{"OBJECTID":305061,"PRIMENAME":"FR CR 653 to RT 35 NB","ELEVTYP_F":0,"ELEVTYP_T":0},"geometry":{"type":"LineString","coordinates":[[-74.2752774035824,40.5286706153525],[-74.2757498856359,40.5288503654469],[-74.276223317207,40.529028656948],[-74.2763591481231,40.5290752454398]]}},{"type":"Feature","id":305528,"properties":{"OBJECTID":305528,"PRIMENAME":"High Street","ELEVTYP_F":0,"ELEVTYP_T":0},"geometry":{"type":"LineString","coordinates":[[-74.2681494335386,40.5021071761742],[-74.2683558862324,40.5016902478423],[-74.2683766892089,40.5016120265337],[-74.2684086386682,40.5011994702071]]}},{"type":"Feature","id":305980,"properties":{"OBJECTID":305980,"PRIMENAME":"FR RT 35 NB to RAMP X105440","ELEVTYP_F":0,"ELEVTYP_T":0},"geometry":{"type":"LineString","coordinates":[[-74.2768437759547,40.5432204100643],[-74.276829391224,40.5432461414623],[-74.2768137785168,40.5432714528671],[-74.27679695886,40.5432963101873],[-74.2767789549066,40.5433206799431],[-74.2767597909042,40.5433445293114],[-74.2767394926632,40.54336782617],[-74.276718087522,40.5433905391408],[-74.2766956043096,40.5434126376321]]}},{"type":"Feature","id":306766,"properties":{"OBJECTID":306766,"PRIMENAME":"Harrington Street","ELEVTYP_F":0,"ELEVTYP_T":0},"geometry":{"type":"LineString","coordinates":[[-74.2836428798541,40.5246403078983],[-74.2828001773506,40.5243996816269]]}},{"type":"Feature","id":307028,"properties":{"OBJECTID":307028,"PRIMENAME":"Prospect Street","ELEVTYP_F":0,"ELEVTYP_T":0},"geometry":{"type":"LineString","coordinates":[[-74.2741103101613,40.5142556164673],[-74.2743395785294,40.5137922765902],[-74.2745501361918,40.5133667252308],[-74.2745958228274,40.5132743873103]]}},{"type":"Feature","id":307065,"properties":{"OBJECTID":307065,"PRIMENAME":"West Side Avenue","ELEVTYP_F":0,"ELEVTYP_T":0},"geometry":{"type":"LineString","coordinates":[[-74.2691830001141,40.5215903943011],[-74.2691356792425,40.5219832633768],[-74.2690942971574,40.5223229982476]]}},{"type":"Feature","id":307612,"properties":{"OBJECTID":307612,"PRIMENAME":"Convery Boulevard","ELEVTYP_F":1,"ELEVTYP_T":1},"geometry":{"type":"LineString","coordinates":[[-74.2798789403205,40.5292021152212],[-74.2798489964005,40.5293374745701]]}},{"type":"Feature","id":308784,"properties":{"OBJECTID":308784,"PRIMENAME":"Drahos Avenue","ELEVTYP_F":0,"ELEVTYP_T":0},"geometry":{"type":"LineString","coordinates":[[-74.2816554607764,40.5343532879699],[-74.2816746683129,40.5342569573136],[-74.2817207448352,40.5340258645482],[-74.281746753675,40.5339495442165],[-74.281772584259,40.5339168714683],[-74.2818327396637,40.5338951610992],[-74.282364915429,40.5338244901675]]}},{"type":"Feature","id":308832,"properties":{"OBJECTID":308832,"PRIMENAME":"Johnstone Street","ELEVTYP_F":0,"ELEVTYP_T":0},"geometry":{"type":"LineString","coordinates":[[-74.271523033651,40.5220659693044],[-74.2714050934695,40.5224219423293],[-74.2712908236444,40.5227560444345]]}},{"type":"Feature","id":309077,"properties":{"OBJECTID":309077,"PRIMENAME":"FR HIGH ST TO RAMP Y100400","ELEVTYP_F":0,"ELEVTYP_T":0},"geometry":{"type":"LineString","coordinates":[[-74.2657362931694,40.5257553409583],[-74.2657665464195,40.5257422342213],[-74.2658658740418,40.5257105920555],[-74.2659825089704,40.5256779149108],[-74.2661307285039,40.5256453006757],[-74.266271732552,40.5256291153018],[-74.2664676748014,40.5256528449043]]}},{"type":"Feature","id":310046,"properties":{"OBJECTID":310046,"PRIMENAME":"Convery Boulevard","ELEVTYP_F":0,"ELEVTYP_T":0},"geometry":{"type":"LineString","coordinates":[[-74.2863486154736,40.5149760423712],[-74.2862946577663,40.5150909078607],[-74.2860710941833,40.5155719613095]]}},{"type":"Feature","id":310754,"properties":{"OBJECTID":310754,"PRIMENAME":"Division Street","ELEVTYP_F":0,"ELEVTYP_T":0},"geometry":{"type":"LineString","coordinates":[[-74.2679743070583,40.51205084782],[-74.2674887014798,40.5130541199245]]}},{"type":"Feature","id":310903,"properties":{"OBJECTID":310903,"PRIMENAME":"Carlock Avenue","ELEVTYP_F":1,"ELEVTYP_T":1},"geometry":{"type":"LineString","coordinates":[[-74.2856978464555,40.5276914906347],[-74.2856822535929,40.5278093096276]]}},{"type":"Feature","id":311130,"properties":{"OBJECTID":311130,"PRIMENAME":"Florida Grove Road","ELEVTYP_F":0,"ELEVTYP_T":0},"geometry":{"type":"LineString","coordinates":[[-74.2895194180016,40.5361651606966],[-74.2895096809803,40.5361725551071],[-74.2894655623129,40.5361976742298]]}},{"type":"Feature","id":311141,"properties":{"OBJECTID":311141,"PRIMENAME":"Smith Street","ELEVTYP_F":0,"ELEVTYP_T":0},"geometry":{"type":"LineString","coordinates":[[-74.2814270437479,40.5123540311266],[-74.281210260274,40.5122903454027],[-74.2805972714295,40.5121243933178],[-74.2801985385811,40.5120143802894]]}},{"type":"Feature","id":311574,"properties":{"OBJECTID":311574,"PRIMENAME":"FR RAMP A100400 to CO 611 SB","ELEVTYP_F":0,"ELEVTYP_T":0},"geometry":{"type":"LineString","coordinates":[[-74.2648648423797,40.5261038013368],[-74.2648660028999,40.5259983366948]]}},{"type":"Feature","id":311641,"properties":{"OBJECTID":311641,"PRIMENAME":"Jefferson Street","ELEVTYP_F":0,"ELEVTYP_T":0},"geometry":{"type":"LineString","coordinates":[[-74.2682636456435,40.5097151367388],[-74.2684502682586,40.5097163889289],[-74.2697171872045,40.5100680179039]]}},{"type":"Feature","id":311903,"properties":{"OBJECTID":311903,"PRIMENAME":"FR RT 440 NB to RT 184","ELEVTYP_F":0,"ELEVTYP_T":0},"geometry":{"type":"LineString","coordinates":[[-74.2850700955897,40.527917163775],[-74.2847605226531,40.5280231424994],[-74.2845962588247,40.5280789285313],[-74.2844301431156,40.5281314249879],[-74.2842622886518,40.5281805961176],[-74.2840928097444,40.5282264084334],[-74.2839547468956,40.5282607066432],[-74.2838147734855,40.5282901530342],[-74.2836731821962,40.5283146860341],[-74.2835302690939,40.5283342543444],[-74.2834620720996,40.5283415936636]]}},{"type":"Feature","id":312153,"properties":{"OBJECTID":312153,"PRIMENAME":"State Highway 440","ELEVTYP_F":0,"ELEVTYP_T":0},"geometry":{"type":"LineString","coordinates":[[-74.2908454776318,40.5228637521665],[-74.2910053508264,40.5226986474717],[-74.2911049710598,40.522593363519],[-74.2912087062963,40.5224904199026],[-74.2913164621672,40.5223899102522],[-74.2914281406486,40.522291925984],[-74.2915522060984,40.5221891567462],[-74.2916805032484,40.5220894592517],[-74.2918129015571,40.5219929349278],[-74.2919492663125,40.5218996819731],[-74.2921258874858,40.521778270507],[-74.2923060617829,40.5216599387273],[-74.2924896970032,40.5215447471763],[-74.2926766991767,40.5214327547891],[-74.2930391255384,40.5212311045333],[-74.2933570026905,40.5210586600939],[-74.2933851713315,40.5210444021874]]}},{"type":"Feature","id":312286,"properties":{"OBJECTID":312286,"PRIMENAME":"Pulaski Avenue","ELEVTYP_F":0,"ELEVTYP_T":0},"geometry":{"type":"LineString","coordinates":[[-74.2635752494229,40.5243252993994],[-74.2644518224552,40.5244171846673]]}},{"type":"Feature","id":312356,"properties":{"OBJECTID":312356,"PRIMENAME":"Hickory Street","ELEVTYP_F":0,"ELEVTYP_T":0},"geometry":{"type":"LineString","coordinates":[[-74.2740099910839,40.5282139639198],[-74.2735249131156,40.5290098120019]]}},{"type":"Feature","id":312475,"properties":{"OBJECTID":312475,"PRIMENAME":"James Street","ELEVTYP_F":0,"ELEVTYP_T":0},"geometry":{"type":"LineString","coordinates":[[-74.2639206004236,40.520386734218],[-74.2633841940584,40.5202941153291],[-74.2633713809938,40.5202947870788],[-74.263325225632,40.5202972062086],[-74.2632872779989,40.5203067633965],[-74.2632492850605,40.5203291958528],[-74.2632154325494,40.5203709615489]]}},{"type":"Feature","id":312615,"properties":{"OBJECTID":312615,"PRIMENAME":"FR A213280 TO LOCAL RD","ELEVTYP_F":0,"ELEVTYP_T":0},"geometry":{"type":"LineString","coordinates":[[-74.2906244702712,40.5180002609275],[-74.2905755344093,40.5179392340901],[-74.2905323193943,40.5178757414714],[-74.2905049079426,40.5178317435577],[-74.2904802573253,40.5177868043773],[-74.2904584228454,40.5177410247598],[-74.290439453487,40.5176945074209],[-74.2904233918054,40.5176473567309],[-74.2904102738319,40.5175996784812],[-74.2904001289927,40.5175515796464],[-74.2903929800431,40.5175031681446],[-74.2903933748366,40.5174566052814],[-74.2903963691206,40.5174100975491],[-74.2904019574503,40.517363729433],[-74.2904101296686,40.5173175851645],[-74.290420870925,40.5172717485681],[-74.2904341617018,40.5172263029093],[-74.2904499778504,40.5171813307432],[-74.2904682906346,40.5171369137649],[-74.2905142790071,40.5170448506123],[-74.290568342154,40.5169553795236],[-74.290630231127,40.5168689124404],[-74.2906996609491,40.5167858474722],[-74.2907597235873,40.5167205489951]]}},{"type":"Feature","id":312810,"properties":{"OBJECTID":312810,"PRIMENAME":"Unnamed Segment","ELEVTYP_F":0,"ELEVTYP_T":0},"geometry":{"type":"LineString","coordinates":[[-74.2612205258162,40.5181513796875],[-74.2609983519246,40.5182376058415],[-74.2607629329306,40.5178971901629],[-74.260578235661,40.5177288837402]]}},{"type":"Feature","id":312853,"properties":{"OBJECTID":312853,"PRIMENAME":"Market Street","ELEVTYP_F":0,"ELEVTYP_T":0},"geometry":{"type":"LineString","coordinates":[[-74.281728329223,40.510671976552],[-74.2814384868202,40.5105911619536],[-74.2808807158798,40.5104377237237]]}},{"type":"Feature","id":313061,"properties":{"OBJECTID":313061,"PRIMENAME":"New Brunswick Avenue","ELEVTYP_F":0,"ELEVTYP_T":0},"geometry":{"type":"LineString","coordinates":[[-74.2741103101613,40.5142556164673],[-74.2733940951073,40.5138110967838],[-74.2733438834163,40.513778989964]]}},{"type":"Feature","id":313275,"properties":{"OBJECTID":313275,"PRIMENAME":"Hall Avenue","ELEVTYP_F":0,"ELEVTYP_T":0},"geometry":{"type":"LineString","coordinates":[[-74.2774209100154,40.5217809519696],[-74.2774470443899,40.5217862457592],[-74.2783391704568,40.5219679851291]]}},{"type":"Feature","id":313351,"properties":{"OBJECTID":313351,"PRIMENAME":"Fayette Street","ELEVTYP_F":0,"ELEVTYP_T":0},"geometry":{"type":"LineString","coordinates":[[-74.2632522785336,40.5092212059006],[-74.2642769695656,40.5094999541055],[-74.2644347395369,40.5095444723967]]}},{"type":"Feature","id":313397,"properties":{"OBJECTID":313397,"PRIMENAME":"High Street","ELEVTYP_F":0,"ELEVTYP_T":0},"geometry":{"type":"LineString","coordinates":[[-74.2618697484522,40.5197170730948],[-74.2617244783508,40.520027063323],[-74.2614817650969,40.5205182404761],[-74.2614452491203,40.5205885842739]]}},{"type":"Feature","id":313521,"properties":{"OBJECTID":313521,"PRIMENAME":"Meredith Street","ELEVTYP_F":0,"ELEVTYP_T":0},"geometry":{"type":"LineString","coordinates":[[-74.2699394382877,40.5217441187243],[-74.271523033651,40.5220659693044]]}},{"type":"Feature","id":313769,"properties":{"OBJECTID":313769,"PRIMENAME":"West Side Avenue","ELEVTYP_F":0,"ELEVTYP_T":0},"geometry":{"type":"LineString","coordinates":[[-74.2675377883239,40.5245644225853],[-74.2674738104835,40.5247462682638],[-74.2673747285577,40.5251755148239]]}},{"type":"Feature","id":314499,"properties":{"OBJECTID":314499,"PRIMENAME":"Francis Street","ELEVTYP_F":0,"ELEVTYP_T":0},"geometry":{"type":"LineString","coordinates":[[-74.2679285450632,40.5300581570086],[-74.2675508632213,40.5306825702239]]}},{"type":"Feature","id":314937,"properties":{"OBJECTID":314937,"PRIMENAME":"New Brunswick Avenue","ELEVTYP_F":0,"ELEVTYP_T":0},"geometry":{"type":"LineString","coordinates":[[-74.291196352353,40.5229466022988],[-74.2908454776318,40.5228637521665]]}},{"type":"Feature","id":315350,"properties":{"OBJECTID":315350,"PRIMENAME":"Smith Street","ELEVTYP_F":0,"ELEVTYP_T":0},"geometry":{"type":"LineString","coordinates":[[-74.2887939304478,40.5143970893706],[-74.2884459041487,40.5143042716091],[-74.2874279199944,40.514021989131],[-74.2871873431033,40.5139529283301],[-74.2869202230895,40.5138762483028]]}},{"type":"Feature","id":315352,"properties":{"OBJECTID":315352,"PRIMENAME":"Huntington Street","ELEVTYP_F":0,"ELEVTYP_T":0},"geometry":{"type":"LineString","coordinates":[[-74.2677604909286,40.5211698736341],[-74.2677663498586,40.5211710940511],[-74.2682256321411,40.5212466826849]]}},{"type":"Feature","id":315499,"properties":{"OBJECTID":315499,"PRIMENAME":"South Charles Street","ELEVTYP_F":0,"ELEVTYP_T":0},"geometry":{"type":"LineString","coordinates":[[-74.290742490171,40.526714992855],[-74.2908091517945,40.5273977140034]]}},{"type":"Feature","id":315668,"properties":{"OBJECTID":315668,"PRIMENAME":"Unnamed Segment","ELEVTYP_F":0,"ELEVTYP_T":0},"geometry":{"type":"LineString","coordinates":[[-74.2908659969655,40.5201837155683],[-74.290471178626,40.5201273046253],[-74.2903820050316,40.5201145638308]]}},{"type":"Feature","id":315751,"properties":{"OBJECTID":315751,"PRIMENAME":"Hall Avenue","ELEVTYP_F":0,"ELEVTYP_T":0},"geometry":{"type":"LineString","coordinates":[[-74.2763347674212,40.5215625123344],[-74.2774209100154,40.5217809519696]]}},{"type":"Feature","id":315997,"properties":{"OBJECTID":315997,"PRIMENAME":"Lawrie Street","ELEVTYP_F":0,"ELEVTYP_T":0},"geometry":{"type":"LineString","coordinates":[[-74.2825820697307,40.519923685445],[-74.2807030813273,40.5193903540254],[-74.2801083097122,40.5192222113255]]}},{"type":"Feature","id":316197,"properties":{"OBJECTID":316197,"PRIMENAME":"High Street","ELEVTYP_F":0,"ELEVTYP_T":0},"geometry":{"type":"LineString","coordinates":[[-74.2662777008467,40.505836024989],[-74.2664073561296,40.5055739741369],[-74.266782923044,40.5048061799578]]}},{"type":"Feature","id":316220,"properties":{"OBJECTID":316220,"PRIMENAME":"Compton Avenue","ELEVTYP_F":0,"ELEVTYP_T":0},"geometry":{"type":"LineString","coordinates":[[-74.2841266471803,40.5215485074529],[-74.2845948734807,40.5216747422759]]}},{"type":"Feature","id":316455,"properties":{"OBJECTID":316455,"PRIMENAME":"FR RT 35 SB to CO 653","ELEVTYP_F":0,"ELEVTYP_T":0},"geometry":{"type":"LineString","coordinates":[[-74.2764648089717,40.5434973444752],[-74.2763448199197,40.5434704574025],[-74.275947297485,40.5433758322906],[-74.2757673511488,40.5433493173768]]}},{"type":"Feature","id":316792,"properties":{"OBJECTID":316792,"PRIMENAME":"South Charles Street","ELEVTYP_F":0,"ELEVTYP_T":0},"geometry":{"type":"LineString","coordinates":[[-74.2917462993745,40.5230771373789],[-74.2914588296486,40.5237530982671]]}},{"type":"Feature","id":316975,"properties":{"OBJECTID":316975,"PRIMENAME":"State Street","ELEVTYP_F":0,"ELEVTYP_T":0},"geometry":{"type":"LineString","coordinates":[[-74.2639206004236,40.520386734218],[-74.2638919756877,40.5204970017264],[-74.263842794435,40.5207351226482],[-74.263807049533,40.5208961331489],[-74.2637800580166,40.5210739068965],[-74.2637616299911,40.5213020441203],[-74.2637478761155,40.5214697975086],[-74.2637475344798,40.5215671105142],[-74.2637472499862,40.5216481465941]]}},{"type":"Feature","id":317073,"properties":{"OBJECTID":317073,"PRIMENAME":"Lee Avenue","ELEVTYP_F":0,"ELEVTYP_T":0},"geometry":{"type":"LineString","coordinates":[[-74.285056196286,40.52179911247],[-74.2851572824759,40.5215949543324],[-74.2853221711153,40.5213379325168],[-74.2855849511736,40.5210319286608]]}},{"type":"Feature","id":317278,"properties":{"OBJECTID":317278,"PRIMENAME":"New Brunswick Avenue","ELEVTYP_F":0,"ELEVTYP_T":0},"geometry":{"type":"LineString","coordinates":[[-74.2724012664775,40.5131845361433],[-74.2723695038001,40.5131648461768],[-74.2720127970485,40.5129437077634],[-74.2714551099211,40.5125979697034],[-74.2711711708136,40.5124219670874]]}},{"type":"Feature","id":317530,"properties":{"OBJECTID":317530,"PRIMENAME":"Market Street","ELEVTYP_F":0,"ELEVTYP_T":0},"geometry":{"type":"LineString","coordinates":[[-74.267394942344,40.506701879638],[-74.2664471474799,40.5064403344998],[-74.2663904875591,40.5064243526818]]}},{"type":"Feature","id":317593,"properties":{"OBJECTID":317593,"PRIMENAME":"FR CR 653 to RT 35 NB","ELEVTYP_F":0,"ELEVTYP_T":0},"geometry":{"type":"LineString","coordinates":[[-74.2748546734057,40.5285129096313],[-74.2749064619452,40.528534219439],[-74.2749585648492,40.5285550783291],[-74.2750109753746,40.5285754836021],[-74.2750636867388,40.528595432617],[-74.27511669212,40.5286149227921],[-74.2751699846584,40.5286339516049],[-74.2752235574569,40.5286525165926],[-74.2752774035824,40.5286706153525]]}},{"type":"Feature","id":317745,"properties":{"OBJECTID":317745,"PRIMENAME":"Kearny Avenue","ELEVTYP_F":0,"ELEVTYP_T":0},"geometry":{"type":"LineString","coordinates":[[-74.267394942344,40.506701879638],[-74.2673624588263,40.5066418061845],[-74.2680767029376,40.5051814346223]]}},{"type":"Feature","id":317899,"properties":{"OBJECTID":317899,"PRIMENAME":"Fayette Street","ELEVTYP_F":0,"ELEVTYP_T":0},"geometry":{"type":"LineString","coordinates":[[-74.2644347395369,40.5095444723967],[-74.2650511263549,40.5097183949564],[-74.2657295495861,40.5099149503319]]}},{"type":"Feature","id":318132,"properties":{"OBJECTID":318132,"PRIMENAME":"Hall Avenue","ELEVTYP_F":0,"ELEVTYP_T":0},"geometry":{"type":"LineString","coordinates":[[-74.2694518567028,40.520172774754],[-74.2704156229424,40.5203677025733]]}},{"type":"Feature","id":319105,"properties":{"OBJECTID":319105,"PRIMENAME":"Holly Drive","ELEVTYP_F":0,"ELEVTYP_T":0},"geometry":{"type":"LineString","coordinates":[[-74.2745503406002,40.5147780901975],[-74.27425579199,40.5153867346116],[-74.2737286690938,40.5152417445161]]}},{"type":"Feature","id":319317,"properties":{"OBJECTID":319317,"PRIMENAME":"Convery Boulevard","ELEVTYP_F":0,"ELEVTYP_T":1},"geometry":{"type":"LineString","coordinates":[[-74.2801358691133,40.5280283809562],[-74.2800585805931,40.5283735422305],[-74.2799520845341,40.5288705898174]]}},{"type":"Feature","id":319507,"properties":{"OBJECTID":319507,"PRIMENAME":"William Street","ELEVTYP_F":0,"ELEVTYP_T":0},"geometry":{"type":"LineString","coordinates":[[-74.2653930510198,40.5151062557466],[-74.2668318412813,40.5155310104541]]}},{"type":"Feature","id":319541,"properties":{"OBJECTID":319541,"PRIMENAME":"FR RAMP X100130 to RT 440 SB","ELEVTYP_F":0,"ELEVTYP_T":0},"geometry":{"type":"LineString","coordinates":[[-74.2820378011269,40.5297256105608],[-74.2820901507507,40.5296699042778],[-74.2821435408823,40.5296147759683],[-74.2821979605612,40.5295602369471],[-74.2822533986152,40.5295062984084]]}},{"type":"Feature","id":319577,"properties":{"OBJECTID":319577,"PRIMENAME":"Front Street","ELEVTYP_F":0,"ELEVTYP_T":0},"geometry":{"type":"LineString","coordinates":[[-74.2635590690395,40.5038739722759],[-74.2635215554712,40.5039470257974],[-74.2632800573023,40.5044197089917],[-74.2631870405295,40.5046392109428],[-74.2630420566062,40.5049403015251],[-74.2630169622276,40.5049990639161],[-74.2629639477551,40.5051232133227],[-74.2629265376983,40.5052583067477],[-74.2628963234151,40.505463854996],[-74.2628624747495,40.5056496575648],[-74.2628176611934,40.505793190864],[-74.2627358567746,40.5059733227556],[-74.2626595739596,40.506127337749]]}},{"type":"Feature","id":319924,"properties":{"OBJECTID":319924,"PRIMENAME":"Lawrie Street","ELEVTYP_F":0,"ELEVTYP_T":0},"geometry":{"type":"LineString","coordinates":[[-74.2842390058076,40.5203312017912],[-74.283955462851,40.520279970284],[-74.2837203295582,40.520231298217],[-74.2835342820684,40.5201987497081],[-74.2833938893526,40.5201636512485],[-74.2829833429627,40.5200422598766],[-74.2827623003065,40.5199748369297],[-74.2827231642717,40.5199637297581],[-74.2825820697307,40.519923685445]]}},{"type":"Feature","id":320298,"properties":{"OBJECTID":320298,"PRIMENAME":"FR RT 440 NB to CO 611 NB","ELEVTYP_F":1,"ELEVTYP_T":1},"geometry":{"type":"LineString","coordinates":[[-74.2650096516056,40.5259565191995],[-74.2648660028999,40.5259983366948]]}},{"type":"Feature","id":320732,"properties":{"OBJECTID":320732,"PRIMENAME":"James Street","ELEVTYP_F":0,"ELEVTYP_T":0},"geometry":{"type":"LineString","coordinates":[[-74.2908758479333,40.5280811483923],[-74.2899968470612,40.5281294606908]]}},{"type":"Feature","id":321342,"properties":{"OBJECTID":321342,"PRIMENAME":"Rudyard Drive","ELEVTYP_F":0,"ELEVTYP_T":0},"geometry":{"type":"LineString","coordinates":[[-74.2804312376579,40.5369873456924],[-74.2804344082407,40.5369638814227],[-74.2805322975594,40.5363062560598]]}},{"type":"Feature","id":321539,"properties":{"OBJECTID":321539,"PRIMENAME":"Rector Street","ELEVTYP_F":0,"ELEVTYP_T":0},"geometry":{"type":"LineString","coordinates":[[-74.2647276723533,40.5059551322229],[-74.264880357459,40.5056407142107],[-74.2654463216714,40.504483448617],[-74.2654726300237,40.5044264308745]]}},{"type":"Feature","id":321700,"properties":{"OBJECTID":321700,"PRIMENAME":"Groom Street","ELEVTYP_F":0,"ELEVTYP_T":0},"geometry":{"type":"LineString","coordinates":[[-74.2801083097122,40.5192222113255],[-74.2802405199301,40.5189527544442],[-74.2804387563582,40.5185665357448]]}},{"type":"Feature","id":321751,"properties":{"OBJECTID":321751,"PRIMENAME":"Lewis Street","ELEVTYP_F":0,"ELEVTYP_T":0},"geometry":{"type":"LineString","coordinates":[[-74.2662884674782,40.5005671166321],[-74.2664318454331,40.5006187406447],[-74.2668580688375,40.5007291593965],[-74.2672782938092,40.5008584777428]]}},{"type":"Feature","id":322163,"properties":{"OBJECTID":322163,"PRIMENAME":"Fayette Street","ELEVTYP_F":0,"ELEVTYP_T":0},"geometry":{"type":"LineString","coordinates":[[-74.2793629911454,40.513746963643],[-74.2792059514657,40.5137040324389],[-74.279053890884,40.513662098531],[-74.2785068995117,40.5135112498219]]}},{"type":"Feature","id":322183,"properties":{"OBJECTID":322183,"PRIMENAME":"Charles Street","ELEVTYP_F":0,"ELEVTYP_T":0},"geometry":{"type":"LineString","coordinates":[[-74.2659432875252,40.52078883616],[-74.2655251912433,40.5220161545487]]}},{"type":"Feature","id":322761,"properties":{"OBJECTID":322761,"PRIMENAME":"Wilson Street","ELEVTYP_F":0,"ELEVTYP_T":0},"geometry":{"type":"LineString","coordinates":[[-74.281784213111,40.5144023752365],[-74.2825858003596,40.5126775335128]]}},{"type":"Feature","id":323186,"properties":{"OBJECTID":323186,"PRIMENAME":"Florida Grove Road","ELEVTYP_F":0,"ELEVTYP_T":0},"geometry":{"type":"LineString","coordinates":[[-74.2903104469287,40.5205535792976],[-74.2902705695061,40.5208173485762],[-74.290238832176,40.5210744544497]]}},{"type":"Feature","id":323501,"properties":{"OBJECTID":323501,"PRIMENAME":"Pfeiffer Boulevard","ELEVTYP_F":0,"ELEVTYP_T":0},"geometry":{"type":"LineString","coordinates":[[-74.2790999888276,40.5285863266944],[-74.2790134240145,40.5285772125518],[-74.2782460850886,40.5284814478183]]}},{"type":"Feature","id":323920,"properties":{"OBJECTID":323920,"PRIMENAME":"FR RT 35 NB to RAMP X105440","ELEVTYP_F":0,"ELEVTYP_T":0},"geometry":{"type":"LineString","coordinates":[[-74.2765741199662,40.5434783554938],[-74.2765609999992,40.5434822518489],[-74.2765476766998,40.5434857235151],[-74.2765341736777,40.5434887643406],[-74.276520514861,40.5434913689368],[-74.276506724454,40.543493532688],[-74.2764928268941,40.5434952517602],[-74.2764788468088,40.5434965231069],[-74.2764648089717,40.5434973444752]]}},{"type":"Feature","id":323941,"properties":{"OBJECTID":323941,"PRIMENAME":"Amboy Avenue","ELEVTYP_F":0,"ELEVTYP_T":0},"geometry":{"type":"LineString","coordinates":[[-74.272374919031,40.5325867965182],[-74.2723163427525,40.5327262429971],[-74.2721936620619,40.5329809791787],[-74.2721503594836,40.5330708933363],[-74.2720363667922,40.5333509450436],[-74.2719320179697,40.5335771006015],[-74.2718654113809,40.5337710215326],[-74.2718177785321,40.5339290188066],[-74.2717413421455,40.5342522969135],[-74.2716742465304,40.5345899223617],[-74.2716500099584,40.5347874951276],[-74.2716114243358,40.5350569346522],[-74.2715962958121,40.5353587295581],[-74.2715950756071,40.5357180622741],[-74.2715989837668,40.5359552199679],[-74.271626553508,40.5362384058448]]}},{"type":"Feature","id":323997,"properties":{"OBJECTID":323997,"PRIMENAME":"Convery Boulevard","ELEVTYP_F":0,"ELEVTYP_T":0},"geometry":{"type":"LineString","coordinates":[[-74.2814330291062,40.5220859065206],[-74.2814276075142,40.5221047283891],[-74.2813755665759,40.5223339846641],[-74.2813192206868,40.5226145658267],[-74.2811867529251,40.5232058607002],[-74.2811634841754,40.5233146061247]]}},{"type":"Feature","id":324720,"properties":{"OBJECTID":324720,"PRIMENAME":"Carlock Avenue","ELEVTYP_F":1,"ELEVTYP_T":1},"geometry":{"type":"LineString","coordinates":[[-74.2856822535929,40.5278093096276],[-74.2856606894008,40.5279720002729]]}},{"type":"Feature","id":325019,"properties":{"OBJECTID":325019,"PRIMENAME":"State Street","ELEVTYP_F":0,"ELEVTYP_T":0},"geometry":{"type":"LineString","coordinates":[[-74.2646976294791,40.5149009341303],[-74.2646233271866,40.5150525333205],[-74.264468361575,40.5153542082263],[-74.2643577261753,40.5155687609552],[-74.2642602070213,40.5157967092555],[-74.2641184031698,40.5161084849283],[-74.264071847962,40.5162039195404]]}},{"type":"Feature","id":325769,"properties":{"OBJECTID":325769,"PRIMENAME":"High Street","ELEVTYP_F":0,"ELEVTYP_T":0},"geometry":{"type":"LineString","coordinates":[[-74.2614452491203,40.5205885842739],[-74.2613805682412,40.5207131840538],[-74.2612813277175,40.5209277040159],[-74.2611773445705,40.5211565295578],[-74.2610711058207,40.521360300279],[-74.2610167177929,40.5214890225764],[-74.2610515018935,40.5215982478578]]}},{"type":"Feature","id":326325,"properties":{"OBJECTID":326325,"PRIMENAME":"FR RAMP Y105330 to RT 184 WB","ELEVTYP_F":0,"ELEVTYP_T":1},"geometry":{"type":"LineString","coordinates":[[-74.2810783773471,40.5295364431318],[-74.2812583486992,40.5295768627375],[-74.2814048929731,40.5296099667495],[-74.2815521076367,40.5296412913508],[-74.2816999555785,40.5296708286445],[-74.2818483995277,40.5296985711845],[-74.2819427713918,40.5297134322971],[-74.2820378011269,40.5297256105608]]}},{"type":"Feature","id":326584,"properties":{"OBJECTID":326584,"PRIMENAME":"Kearny Avenue","ELEVTYP_F":0,"ELEVTYP_T":0},"geometry":{"type":"LineString","coordinates":[[-74.2687257023258,40.5038720741882],[-74.2692665946605,40.5027661833074],[-74.2693166830174,40.502663258373],[-74.269384625623,40.5025132354455],[-74.2694443880512,40.502294623044],[-74.269583612671,40.5018381116683],[-74.2696942455367,40.5014447628866]]}},{"type":"Feature","id":326619,"properties":{"OBJECTID":326619,"PRIMENAME":"Franklin Drive","ELEVTYP_F":0,"ELEVTYP_T":0},"geometry":{"type":"LineString","coordinates":[[-74.2831814144912,40.5387139704963],[-74.2832257513663,40.5384103349986],[-74.2832298070766,40.5383016911977],[-74.2832150610395,40.5382330359004],[-74.2831777263158,40.5381728752405],[-74.2830955980885,40.5380783995307],[-74.2829031366477,40.5378662245586]]}},{"type":"Feature","id":327586,"properties":{"OBJECTID":327586,"PRIMENAME":"Columbus Drive","ELEVTYP_F":0,"ELEVTYP_T":0},"geometry":{"type":"LineString","coordinates":[[-74.288393735917,40.530095497635],[-74.2884017111404,40.5300764612888],[-74.2884556179582,40.5299234372854],[-74.2884709811002,40.5298427593731],[-74.2884662588286,40.5297428280232],[-74.2884152093041,40.5294448901713]]}},{"type":"Feature","id":327909,"properties":{"OBJECTID":327909,"PRIMENAME":"Paterson Street","ELEVTYP_F":0,"ELEVTYP_T":0},"geometry":{"type":"LineString","coordinates":[[-74.272576324189,40.504282041878],[-74.2715186167308,40.5039855134252],[-74.2713969667637,40.5039499429283]]}},{"type":"Feature","id":328454,"properties":{"OBJECTID":328454,"PRIMENAME":"Hidden Village Drive","ELEVTYP_F":0,"ELEVTYP_T":0},"geometry":{"type":"LineString","coordinates":[[-74.2732512321906,40.5144629870616],[-74.272317166554,40.5145530488592]]}},{"type":"Feature","id":328498,"properties":{"OBJECTID":328498,"PRIMENAME":"Park Avenue","ELEVTYP_F":0,"ELEVTYP_T":0},"geometry":{"type":"LineString","coordinates":[[-74.2689373628483,40.5145446076141],[-74.2693491561613,40.5136970505994],[-74.2693527399779,40.5135747892863]]}},{"type":"Feature","id":328504,"properties":{"OBJECTID":328504,"PRIMENAME":"Alpine Street","ELEVTYP_F":0,"ELEVTYP_T":0},"geometry":{"type":"LineString","coordinates":[[-74.2752819622099,40.5266378935993],[-74.2751877477459,40.5266046870573],[-74.2738875360327,40.5261462960652]]}},{"type":"Feature","id":329201,"properties":{"OBJECTID":329201,"PRIMENAME":"Cricket Lane","ELEVTYP_F":0,"ELEVTYP_T":0},"geometry":{"type":"LineString","coordinates":[[-74.2855388617674,40.5435776670833],[-74.2862298624216,40.5432996675928],[-74.2863348630519,40.5432076666967]]}},{"type":"Feature","id":329620,"properties":{"OBJECTID":329620,"PRIMENAME":"FR NJ 440 SB to NJ 440 SB","ELEVTYP_F":0,"ELEVTYP_T":0},"geometry":{"type":"LineString","coordinates":[[-74.2836129402278,40.5288564510952],[-74.2837029400236,40.5288327388523],[-74.2837927358802,40.5288085807082]]}},{"type":"Feature","id":329951,"properties":{"OBJECTID":329951,"PRIMENAME":"FR RT 184 EB to RT 440 NB","ELEVTYP_F":0,"ELEVTYP_T":0},"geometry":{"type":"LineString","coordinates":[[-74.2826397088791,40.5285035953747],[-74.2826105466888,40.528497116958],[-74.2825809301962,40.5284919767008],[-74.2825509647634,40.52848819289],[-74.2825207569935,40.5284857789865],[-74.282490414352,40.528484743578],[-74.282460044784,40.5284850903478],[-74.2824297563306,40.5284868180624],[-74.282399656744,40.5284899205753],[-74.2823244688289,40.5285037593573],[-74.2822495871858,40.5285185334544],[-74.282175031796,40.5285342389241],[-74.2821008225538,40.5285508715759],[-74.2820269792609,40.5285684269713],[-74.2819535216217,40.5285869004262],[-74.2818804692376,40.528606287011],[-74.2818078416018,40.5286265815528]]}},{"type":"Feature","id":330289,"properties":{"OBJECTID":330289,"PRIMENAME":"FR RT 440 SB to CR 653","ELEVTYP_F":0,"ELEVTYP_T":0},"geometry":{"type":"LineString","coordinates":[[-74.2729707284133,40.5277286081633],[-74.2730838853146,40.5277704988822],[-74.2731979020553,40.5278110094952],[-74.2736601100377,40.527986157447],[-74.274124221231,40.5281583520212]]}},{"type":"Feature","id":330362,"properties":{"OBJECTID":330362,"PRIMENAME":"FR RAMP X100130 to RT 440 SB","ELEVTYP_F":0,"ELEVTYP_T":0},"geometry":{"type":"LineString","coordinates":[[-74.2829196348602,40.5290767985052],[-74.282964506073,40.5290640038871],[-74.2830100086581,40.5290525810839],[-74.2831522275284,40.5290104515706],[-74.2832939916933,40.5289674392111]]}},{"type":"Feature","id":330458,"properties":{"OBJECTID":330458,"PRIMENAME":"State Street","ELEVTYP_F":0,"ELEVTYP_T":0},"geometry":{"type":"LineString","coordinates":[[-74.2650410595189,40.5260484893325],[-74.2650096516056,40.5259565191995]]}},{"type":"Feature","id":330470,"properties":{"OBJECTID":330470,"PRIMENAME":"Hall Avenue","ELEVTYP_F":0,"ELEVTYP_T":0},"geometry":{"type":"LineString","coordinates":[[-74.2783391704568,40.5219679851291],[-74.27923368664,40.5221468131482]]}},{"type":"Feature","id":330826,"properties":{"OBJECTID":330826,"PRIMENAME":"Gornik Drive","ELEVTYP_F":0,"ELEVTYP_T":0},"geometry":{"type":"LineString","coordinates":[[-74.2858339752089,40.5373543235741],[-74.2857777381566,40.5373542193254],[-74.2856989850173,40.537374085185],[-74.285696788406,40.5373747520768],[-74.2856052008047,40.5374025150669],[-74.2845390598329,40.5379295420819],[-74.28443778112,40.5379607850003],[-74.2843515427226,40.5379692160471],[-74.2842466147531,40.5379604282053],[-74.2841455101265,40.537937372502],[-74.2840856040033,40.5379143666836],[-74.2840070162705,40.5378713410415],[-74.2839435137299,40.5378140416262],[-74.283701052534,40.5375409984786]]}},{"type":"Feature","id":332033,"properties":{"OBJECTID":332033,"PRIMENAME":"State Street","ELEVTYP_F":0,"ELEVTYP_T":0},"geometry":{"type":"LineString","coordinates":[[-74.2673774039786,40.5094151532901],[-74.2671428718595,40.5098935131882],[-74.2669568802285,40.5102705920275]]}},{"type":"Feature","id":332157,"properties":{"OBJECTID":332157,"PRIMENAME":"Paterson Street","ELEVTYP_F":0,"ELEVTYP_T":0},"geometry":{"type":"LineString","coordinates":[[-74.2750310825057,40.5049934692851],[-74.2739052667046,40.5046669084549],[-74.2737922735269,40.504634130458]]}},{"type":"Feature","id":332294,"properties":{"OBJECTID":332294,"PRIMENAME":"McKeon Street","ELEVTYP_F":0,"ELEVTYP_T":0},"geometry":{"type":"LineString","coordinates":[[-74.2891198403591,40.5208143762352],[-74.2890785571583,40.5209136194296],[-74.2888303484696,40.5215107786033]]}},{"type":"Feature","id":332613,"properties":{"OBJECTID":332613,"PRIMENAME":"Atlantic Avenue","ELEVTYP_F":0,"ELEVTYP_T":0},"geometry":{"type":"LineString","coordinates":[[-74.2786662667064,40.5210715347103],[-74.2786480086073,40.5211216259758],[-74.2783391704568,40.5219679851291]]}},{"type":"Feature","id":333044,"properties":{"OBJECTID":333044,"PRIMENAME":"Lawrence Street","ELEVTYP_F":0,"ELEVTYP_T":0},"geometry":{"type":"LineString","coordinates":[[-74.2706813213575,40.527014187377],[-74.2715848872923,40.5273279315717]]}},{"type":"Feature","id":333423,"properties":{"OBJECTID":333423,"PRIMENAME":"Amboy Avenue","ELEVTYP_F":1,"ELEVTYP_T":0},"geometry":{"type":"LineString","coordinates":[[-74.2749734631367,40.5282772525176],[-74.2749352967942,40.5283619199415],[-74.2749021989436,40.5284239077404],[-74.2748546734057,40.5285129096313]]}},{"type":"Feature","id":333496,"properties":{"OBJECTID":333496,"PRIMENAME":"Penn Street","ELEVTYP_F":0,"ELEVTYP_T":0},"geometry":{"type":"LineString","coordinates":[[-74.2714020291892,40.5175312046912],[-74.271643609899,40.517031384233],[-74.271731662397,40.5168515334068]]}},{"type":"Feature","id":334216,"properties":{"OBJECTID":334216,"PRIMENAME":"Paterson Street","ELEVTYP_F":0,"ELEVTYP_T":0},"geometry":{"type":"LineString","coordinates":[[-74.2803532178053,40.5072899304161],[-74.2812324944785,40.5075289970772]]}},{"type":"Feature","id":334746,"properties":{"OBJECTID":334746,"PRIMENAME":"Herbert Street","ELEVTYP_F":0,"ELEVTYP_T":0},"geometry":{"type":"LineString","coordinates":[[-74.2839423555265,40.5138859821215],[-74.2842850854179,40.513148486702]]}},{"type":"Feature","id":334770,"properties":{"OBJECTID":334770,"PRIMENAME":"Chester Street","ELEVTYP_F":0,"ELEVTYP_T":0},"geometry":{"type":"LineString","coordinates":[[-74.2735605330907,40.5266891885418],[-74.2738875360327,40.5261462960652]]}},{"type":"Feature","id":334792,"properties":{"OBJECTID":334792,"PRIMENAME":"Hall Avenue","ELEVTYP_F":0,"ELEVTYP_T":0},"geometry":{"type":"LineString","coordinates":[[-74.262330282382,40.5189239223165],[-74.2624978527273,40.5189086472482],[-74.262783970487,40.5188967441308],[-74.2630454407622,40.518897280576],[-74.2633150484338,40.518925915576],[-74.2642584871779,40.5191324108845]]}},{"type":"Feature","id":335084,"properties":{"OBJECTID":335084,"PRIMENAME":"Johnstone Street","ELEVTYP_F":0,"ELEVTYP_T":0},"geometry":{"type":"LineString","coordinates":[[-74.2723442097198,40.5200255788578],[-74.2722332303417,40.5202189185968],[-74.2721199353046,40.5204696263467],[-74.2720407352227,40.5206152907763],[-74.2720101216213,40.520690171615]]}},{"type":"Feature","id":335129,"properties":{"OBJECTID":335129,"PRIMENAME":"Jacques Street","ELEVTYP_F":0,"ELEVTYP_T":0},"geometry":{"type":"LineString","coordinates":[[-74.2740813231957,40.5196340752996],[-74.2743182846048,40.5189416699117]]}},{"type":"Feature","id":335483,"properties":{"OBJECTID":335483,"PRIMENAME":"Chester Street","ELEVTYP_F":0,"ELEVTYP_T":0},"geometry":{"type":"LineString","coordinates":[[-74.2738875360327,40.5261462960652],[-74.2742206102842,40.5255933670764]]}},{"type":"Feature","id":336717,"properties":{"OBJECTID":336717,"PRIMENAME":"Kamm Street","ELEVTYP_F":0,"ELEVTYP_T":0},"geometry":{"type":"LineString","coordinates":[[-74.2789598190146,40.5251828564384],[-74.2798088757714,40.5252943089222]]}},{"type":"Feature","id":336738,"properties":{"OBJECTID":336738,"PRIMENAME":"Convery Boulevard","ELEVTYP_F":1,"ELEVTYP_T":1},"geometry":{"type":"LineString","coordinates":[[-74.2799520845341,40.5288705898174],[-74.2799460574451,40.5288984959609],[-74.2799282731977,40.5289790861779]]}},{"type":"Feature","id":336755,"properties":{"OBJECTID":336755,"PRIMENAME":"Sayre Avenue","ELEVTYP_F":0,"ELEVTYP_T":0},"geometry":{"type":"LineString","coordinates":[[-74.2832657648062,40.5180062959628],[-74.2826666481242,40.5176816578682]]}},{"type":"Feature","id":337159,"properties":{"OBJECTID":337159,"PRIMENAME":"Charles Street","ELEVTYP_F":0,"ELEVTYP_T":0},"geometry":{"type":"LineString","coordinates":[[-74.2663890075893,40.5195469132143],[-74.2659692718997,40.5207126839791],[-74.2659432875252,40.52078883616]]}},{"type":"Feature","id":337923,"properties":{"OBJECTID":337923,"PRIMENAME":"Alta Vista Place","ELEVTYP_F":0,"ELEVTYP_T":0},"geometry":{"type":"LineString","coordinates":[[-74.274972247512,40.5220253843751],[-74.2747350492276,40.5227224014816]]}},{"type":"Feature","id":338386,"properties":{"OBJECTID":338386,"PRIMENAME":"Franklin Drive","ELEVTYP_F":0,"ELEVTYP_T":0},"geometry":{"type":"LineString","coordinates":[[-74.2829031366477,40.5378662245586],[-74.2827370652076,40.5376831161259],[-74.2824793870488,40.5373995549188]]}},{"type":"Feature","id":338499,"properties":{"OBJECTID":338499,"PRIMENAME":"Front Street","ELEVTYP_F":0,"ELEVTYP_T":0},"geometry":{"type":"LineString","coordinates":[[-74.2622478814902,40.506996553077],[-74.2619961753429,40.5074927106511],[-74.2617429943788,40.5080107877169],[-74.2616207900263,40.5082608467876],[-74.2614199818262,40.5086913620156]]}},{"type":"Feature","id":338895,"properties":{"OBJECTID":338895,"PRIMENAME":"Fayette Street","ELEVTYP_F":0,"ELEVTYP_T":0},"geometry":{"type":"LineString","coordinates":[[-74.2826234070682,40.5146313629173],[-74.281784213111,40.5144023752365]]}},{"type":"Feature","id":339034,"properties":{"OBJECTID":339034,"PRIMENAME":"Harrington Street","ELEVTYP_F":0,"ELEVTYP_T":0},"geometry":{"type":"LineString","coordinates":[[-74.2828001773506,40.5243996816269],[-74.2819522681427,40.5241582162061]]}},{"type":"Feature","id":339040,"properties":{"OBJECTID":339040,"PRIMENAME":"Water Street","ELEVTYP_F":0,"ELEVTYP_T":0},"geometry":{"type":"LineString","coordinates":[[-74.2662884674782,40.5005671166321],[-74.2662022065406,40.5006057305262],[-74.266107664226,40.500668155585],[-74.2660048469915,40.5007524977737],[-74.2659142043158,40.5008618993631],[-74.2658481975375,40.5009807398713],[-74.26572842186,40.5012153149824],[-74.2653567173518,40.501950365331],[-74.2649808514853,40.5027009976366],[-74.2648620617998,40.5029383225044],[-74.2644438881443,40.503773771058],[-74.2642897053928,40.504084891037]]}},{"type":"Feature","id":339358,"properties":{"OBJECTID":339358,"PRIMENAME":"Gordon Street","ELEVTYP_F":0,"ELEVTYP_T":0},"geometry":{"type":"LineString","coordinates":[[-74.2693013366775,40.5055367994696],[-74.2692337567768,40.5055170362126],[-74.2680767029376,40.5051814346223]]}},{"type":"Feature","id":339699,"properties":{"OBJECTID":339699,"PRIMENAME":"Keene Street","ELEVTYP_F":0,"ELEVTYP_T":0},"geometry":{"type":"LineString","coordinates":[[-74.2735605330907,40.5266891885418],[-74.2740930392903,40.5268807692232],[-74.2752242125987,40.5272871935316]]}},{"type":"Feature","id":339831,"properties":{"OBJECTID":339831,"PRIMENAME":"Hommann Avenue","ELEVTYP_F":0,"ELEVTYP_T":0},"geometry":{"type":"LineString","coordinates":[[-74.2828001773506,40.5243996816269],[-74.2821186237903,40.5257982712391]]}},{"type":"Feature","id":340384,"properties":{"OBJECTID":340384,"PRIMENAME":"Market Street","ELEVTYP_F":0,"ELEVTYP_T":0},"geometry":{"type":"LineString","coordinates":[[-74.2841791902334,40.5113554767528],[-74.2833482404565,40.5111237426835]]}},{"type":"Feature","id":340462,"properties":{"OBJECTID":340462,"PRIMENAME":"Convery Boulevard","ELEVTYP_F":0,"ELEVTYP_T":0},"geometry":{"type":"LineString","coordinates":[[-74.2871516241787,40.5138177799138],[-74.2871523304157,40.5138176010888],[-74.2881005164487,40.5124802450969],[-74.2882385444764,40.5122855605231]]}},{"type":"Feature","id":340668,"properties":{"OBJECTID":340668,"PRIMENAME":"Wolff Street","ELEVTYP_F":0,"ELEVTYP_T":0},"geometry":{"type":"LineString","coordinates":[[-74.269122910615,40.5264701317072],[-74.2686300533343,40.5272762092472]]}},{"type":"Feature","id":340705,"properties":{"OBJECTID":340705,"PRIMENAME":"Market Street","ELEVTYP_F":0,"ELEVTYP_T":0},"geometry":{"type":"LineString","coordinates":[[-74.2709063211687,40.5076826718842],[-74.2699819649024,40.5074237176813],[-74.269865849595,40.5073911863244]]}},{"type":"Feature","id":340763,"properties":{"OBJECTID":340763,"PRIMENAME":"Oak Street","ELEVTYP_F":0,"ELEVTYP_T":0},"geometry":{"type":"LineString","coordinates":[[-74.2757003346398,40.5090064972658],[-74.2749358445783,40.5105578996736]]}},{"type":"Feature","id":341021,"properties":{"OBJECTID":341021,"PRIMENAME":"Pulaski Avenue","ELEVTYP_F":0,"ELEVTYP_T":0},"geometry":{"type":"LineString","coordinates":[[-74.2631659385603,40.5242850686997],[-74.263184782079,40.524286782485],[-74.2633437970735,40.5243020469578],[-74.2634585929784,40.5243130652103],[-74.2635752494229,40.5243252993994]]}},{"type":"Feature","id":341501,"properties":{"OBJECTID":341501,"PRIMENAME":"Penn Street","ELEVTYP_F":0,"ELEVTYP_T":0},"geometry":{"type":"LineString","coordinates":[[-74.2694556471653,40.5231299613729],[-74.2697032513817,40.5224355283111]]}},{"type":"Feature","id":341522,"properties":{"OBJECTID":341522,"PRIMENAME":"Francis Street","ELEVTYP_F":0,"ELEVTYP_T":0},"geometry":{"type":"LineString","coordinates":[[-74.2694423594668,40.5275642582506],[-74.26906032227,40.5281869108781]]}},{"type":"Feature","id":342528,"properties":{"OBJECTID":342528,"PRIMENAME":"New Brunswick Avenue","ELEVTYP_F":0,"ELEVTYP_T":0},"geometry":{"type":"LineString","coordinates":[[-74.2814277762237,40.5188300485224],[-74.2812364686354,40.5187126895207],[-74.2808204529414,40.5184522402138],[-74.2807356609996,40.5183998672417]]}},{"type":"Feature","id":342874,"properties":{"OBJECTID":342874,"PRIMENAME":"Ford Street Connector","ELEVTYP_F":0,"ELEVTYP_T":0},"geometry":{"type":"LineString","coordinates":[[-74.284717012401,40.5174811765663],[-74.2849302102786,40.5175811668332],[-74.2851900163823,40.5176734195952],[-74.2854470712321,40.5177486186706],[-74.2856370743972,40.5178023362128],[-74.2858662359395,40.517860381479],[-74.2861122228081,40.5179099194772],[-74.286383323768,40.5179573905049],[-74.2866209477162,40.5179898378492],[-74.2868446440209,40.5180137210591],[-74.2870823454476,40.5180333750733],[-74.2873759293925,40.5180467351714],[-74.2876276124306,40.5180471979835],[-74.2878429857231,40.5180411703105],[-74.2880556160357,40.5180266271685],[-74.28831578271,40.5180057744609],[-74.2883973610133,40.517995354996]]}},{"type":"Feature","id":343026,"properties":{"OBJECTID":343026,"PRIMENAME":"Convery Boulevard","ELEVTYP_F":1,"ELEVTYP_T":1},"geometry":{"type":"LineString","coordinates":[[-74.2799072038033,40.5290741918355],[-74.2798789403205,40.5292021152212]]}},{"type":"Feature","id":343165,"properties":{"OBJECTID":343165,"PRIMENAME":"Fayette Street","ELEVTYP_F":0,"ELEVTYP_T":0},"geometry":{"type":"LineString","coordinates":[[-74.2843478437389,40.5151035701109],[-74.2835979471261,40.5148972995519],[-74.2834865059068,40.5148668395921]]}},{"type":"Feature","id":343637,"properties":{"OBJECTID":343637,"PRIMENAME":"Bingle Street","ELEVTYP_F":0,"ELEVTYP_T":0},"geometry":{"type":"LineString","coordinates":[[-74.2851571875815,40.5255792451358],[-74.2842693692864,40.5253120834905]]}},{"type":"Feature","id":343641,"properties":{"OBJECTID":343641,"PRIMENAME":"Brighton Avenue","ELEVTYP_F":0,"ELEVTYP_T":0},"geometry":{"type":"LineString","coordinates":[[-74.2731568110997,40.500393611335],[-74.2725124201369,40.5016840105008],[-74.2723701965945,40.5019697995831]]}},{"type":"Feature","id":344136,"properties":{"OBJECTID":344136,"PRIMENAME":"Hobart Street","ELEVTYP_F":0,"ELEVTYP_T":0},"geometry":{"type":"LineString","coordinates":[[-74.269865849595,40.5073911863244],[-74.2699517835469,40.5074919937903],[-74.269510721701,40.5083718335346],[-74.2691829325744,40.5089602000606]]}},{"type":"Feature","id":344415,"properties":{"OBJECTID":344415,"PRIMENAME":"Front Street","ELEVTYP_F":0,"ELEVTYP_T":0},"geometry":{"type":"LineString","coordinates":[[-74.2626595739596,40.506127337749],[-74.2625797767637,40.5062884442325],[-74.2623902168792,40.506673882671],[-74.2622478814902,40.506996553077]]}},{"type":"Feature","id":344437,"properties":{"OBJECTID":344437,"PRIMENAME":"Neville Street","ELEVTYP_F":0,"ELEVTYP_T":0},"geometry":{"type":"LineString","coordinates":[[-74.2745040583051,40.518398772819],[-74.2752170445223,40.5186098893716],[-74.2755914095345,40.5187122690644],[-74.2757255340487,40.5187478592871]]}},{"type":"Feature","id":344441,"properties":{"OBJECTID":344441,"PRIMENAME":"Division Street","ELEVTYP_F":0,"ELEVTYP_T":0},"geometry":{"type":"LineString","coordinates":[[-74.2675137696994,40.5141479642141],[-74.2671388377901,40.5148964359841],[-74.2668318412813,40.5155310104541]]}},{"type":"Feature","id":344462,"properties":{"OBJECTID":344462,"PRIMENAME":"Grant Street","ELEVTYP_F":0,"ELEVTYP_T":0},"geometry":{"type":"LineString","coordinates":[[-74.2801547897661,40.507712055693],[-74.2802346993125,40.5075479120815],[-74.2803345044162,40.5073306654625],[-74.2803532178053,40.5072899304161]]}},{"type":"Feature","id":344488,"properties":{"OBJECTID":344488,"PRIMENAME":"Market Street","ELEVTYP_F":0,"ELEVTYP_T":0},"geometry":{"type":"LineString","coordinates":[[-74.2799726646544,40.510187948855],[-74.2797068623804,40.5101148337305]]}},{"type":"Feature","id":344579,"properties":{"OBJECTID":344579,"PRIMENAME":"Convery Boulevard","ELEVTYP_F":0,"ELEVTYP_T":0},"geometry":{"type":"LineString","coordinates":[[-74.2869202230895,40.5138762483028],[-74.286839842602,40.5139872782026],[-74.2867046815538,40.5142345009182],[-74.286545470097,40.5145571706527],[-74.2863486154736,40.5149760423712]]}},{"type":"Feature","id":344862,"properties":{"OBJECTID":344862,"PRIMENAME":"Madison Avenue","ELEVTYP_F":0,"ELEVTYP_T":0},"geometry":{"type":"LineString","coordinates":[[-74.2735590085081,40.5022943311131],[-74.2737521149644,40.5019114621551],[-74.2742318345267,40.5009060913237]]}},{"type":"Feature","id":345158,"properties":{"OBJECTID":345158,"PRIMENAME":"Jacques Street","ELEVTYP_F":0,"ELEVTYP_T":0},"geometry":{"type":"LineString","coordinates":[[-74.272890494916,40.5230777153226],[-74.2731277821099,40.5223918745186]]}},{"type":"Feature","id":345399,"properties":{"OBJECTID":345399,"PRIMENAME":"Edward Place","ELEVTYP_F":0,"ELEVTYP_T":0},"geometry":{"type":"LineString","coordinates":[[-74.2887519238258,40.5344368645234],[-74.2897018956878,40.5343510826623]]}},{"type":"Feature","id":345622,"properties":{"OBJECTID":345622,"PRIMENAME":"Lewis Street","ELEVTYP_F":0,"ELEVTYP_T":0},"geometry":{"type":"LineString","coordinates":[[-74.269957623401,40.5014880565952],[-74.2700463975781,40.5015026451599],[-74.2701608942803,40.5015225129763],[-74.2708422596686,40.5016407417836]]}},{"type":"Feature","id":345672,"properties":{"OBJECTID":345672,"PRIMENAME":"Brace Avenue","ELEVTYP_F":0,"ELEVTYP_T":0},"geometry":{"type":"LineString","coordinates":[[-74.2826216515798,40.5227927113421],[-74.2829201104448,40.5228844645391],[-74.2834562105766,40.5230533077309]]}},{"type":"Feature","id":346212,"properties":{"OBJECTID":346212,"PRIMENAME":"Paterson Street","ELEVTYP_F":0,"ELEVTYP_T":0},"geometry":{"type":"LineString","coordinates":[[-74.2821265701433,40.5077757979379],[-74.28287967247,40.5079839719837],[-74.2829861919972,40.5080134146093],[-74.2830032236946,40.5080180857351]]}},{"type":"Feature","id":346710,"properties":{"OBJECTID":346710,"PRIMENAME":"Juliette Street","ELEVTYP_F":0,"ELEVTYP_T":0},"geometry":{"type":"LineString","coordinates":[[-74.290721093469,40.5235777236839],[-74.2907496349942,40.5235845012568],[-74.2914588296486,40.5237530982671]]}},{"type":"Feature","id":347207,"properties":{"OBJECTID":347207,"PRIMENAME":"High Street","ELEVTYP_F":0,"ELEVTYP_T":0},"geometry":{"type":"LineString","coordinates":[[-74.2602803684443,40.5213233688297],[-74.2603322540939,40.5212464782042],[-74.2604446990981,40.5210798403906]]}},{"type":"Feature","id":347251,"properties":{"OBJECTID":347251,"PRIMENAME":"Gornik Drive","ELEVTYP_F":0,"ELEVTYP_T":0},"geometry":{"type":"LineString","coordinates":[[-74.2842822945962,40.5355750751349],[-74.2842918007432,40.5355614222867],[-74.2843033200712,40.5354813412551],[-74.2842973005946,40.5354391510222]]}},{"type":"Feature","id":347823,"properties":{"OBJECTID":347823,"PRIMENAME":"State Street","ELEVTYP_F":0,"ELEVTYP_T":0},"geometry":{"type":"LineString","coordinates":[[-74.2645352730624,40.5293203745572],[-74.2644405071686,40.5296116339828],[-74.2642434694498,40.5301843942672],[-74.2642005827508,40.530309062395],[-74.264163525322,40.5304183245829]]}},{"type":"Feature","id":348743,"properties":{"OBJECTID":348743,"PRIMENAME":null,"ELEVTYP_F":0,"ELEVTYP_T":0},"geometry":{"type":"LineString","coordinates":[[-74.2645352730624,40.5293203745572],[-74.2644599978435,40.5294717551182],[-74.2644262726911,40.5295427845085],[-74.2643646544941,40.5296786894625],[-74.2643365457448,40.5297455072404],[-74.2643061302574,40.5298171305502],[-74.2642738248017,40.5299016082361],[-74.2642446403829,40.5299593887124],[-74.2642279880126,40.5299803258172],[-74.2642069885303,40.5300029247105],[-74.2641682480151,40.5300320799769],[-74.2641356904257,40.5300513715842],[-74.2640933114467,40.5300695912001],[-74.2640561847078,40.5300828311554],[-74.26401215229,40.5300945844718],[-74.2639454834221,40.5301073209464],[-74.2638717458549,40.530111207795],[-74.2638224947194,40.5301129858465],[-74.2637628550534,40.5301108357225],[-74.2636994049339,40.5301070980771]]}},{"type":"Feature","id":348748,"properties":{"OBJECTID":348748,"PRIMENAME":null,"ELEVTYP_F":0,"ELEVTYP_T":0},"geometry":{"type":"LineString","coordinates":[[-74.2636994049339,40.5301070980771],[-74.2636755707553,40.5301167310656],[-74.263662353742,40.5301243404429],[-74.2636486726257,40.5301340302164],[-74.2636331677024,40.5301454508637],[-74.2636153821754,40.5301586032507],[-74.2635994142717,40.5301724537362],[-74.2635816166159,40.530188381823],[-74.2635670058401,40.530204318229],[-74.2635519272947,40.5302233761468],[-74.2635377444282,40.5302431599989]]}},{"type":"Feature","id":348750,"properties":{"OBJECTID":348750,"PRIMENAME":"State Street","ELEVTYP_F":0,"ELEVTYP_T":0},"geometry":{"type":"LineString","coordinates":[[-74.264654080491,40.5288872766269],[-74.2645605214888,40.5292427704007],[-74.2645352730624,40.5293203745572]]}},{"type":"Feature","id":348754,"properties":{"OBJECTID":348754,"PRIMENAME":null,"ELEVTYP_F":0,"ELEVTYP_T":0},"geometry":{"type":"LineString","coordinates":[[-74.2636994049339,40.5301070980771],[-74.2636363128346,40.530101911121],[-74.2635756966096,40.5300948468876],[-74.263517107728,40.5300862430983],[-74.2634585219189,40.5300760983141],[-74.2634019727742,40.5300621011891],[-74.2633615848371,40.5300504508428],[-74.263318179398,40.5300349378204],[-74.2632606431986,40.5300139983791],[-74.263208169345,40.5299907546737],[-74.2631634331278,40.5299650221625],[-74.2631143745376,40.5299342669868],[-74.2630618933081,40.5299017548554],[-74.2630219058258,40.5298729680959],[-74.2629813084069,40.5298427669888],[-74.2628914931831,40.5297795001635]]}},{"type":"Feature","id":349810,"properties":{"OBJECTID":349810,"PRIMENAME":"Lehigh Avenue","ELEVTYP_F":0,"ELEVTYP_T":0},"geometry":{"type":"LineString","coordinates":[[-74.278221878063,40.5142443851669],[-74.2785306115889,40.514314957014]]}},{"type":"Feature","id":350035,"properties":{"OBJECTID":350035,"PRIMENAME":"Pfeiffer Boulevard","ELEVTYP_F":1,"ELEVTYP_T":0},"geometry":{"type":"LineString","coordinates":[[-74.2831870498457,40.5288397008771],[-74.2831246466682,40.5287902267343]]}},{"type":"Feature","id":350950,"properties":{"OBJECTID":350950,"PRIMENAME":"Commerce Street","ELEVTYP_F":0,"ELEVTYP_T":0},"geometry":{"type":"LineString","coordinates":[[-74.2637706722009,40.5108961880691],[-74.2650643355973,40.5112716127962]]}},{"type":"Feature","id":350958,"properties":{"OBJECTID":350958,"PRIMENAME":"McClellan Street","ELEVTYP_F":0,"ELEVTYP_T":0},"geometry":{"type":"LineString","coordinates":[[-74.271800682431,40.5079303502242],[-74.2710353054816,40.5094761801336]]}},{"type":"Feature","id":351105,"properties":{"OBJECTID":351105,"PRIMENAME":"Sadowski Parkway","ELEVTYP_F":0,"ELEVTYP_T":0},"geometry":{"type":"LineString","coordinates":[[-74.2692544274653,40.499831205205],[-74.2690174109252,40.499810308131],[-74.2690135288338,40.499809773503],[-74.2688910684942,40.4997928985302],[-74.2687927758359,40.4997755449103],[-74.2687170244623,40.4997496443],[-74.2686328652146,40.4997108793071],[-74.2686032308107,40.499694069141],[-74.2685683706353,40.4996742944331],[-74.2685065435734,40.4996147388691]]}},{"type":"Feature","id":351465,"properties":{"OBJECTID":351465,"PRIMENAME":"Commerce Street","ELEVTYP_F":0,"ELEVTYP_T":0},"geometry":{"type":"LineString","coordinates":[[-74.2619535976307,40.5103705988206],[-74.2625890860142,40.5105532613031]]}},{"type":"Feature","id":351644,"properties":{"OBJECTID":351644,"PRIMENAME":"Broad Street","ELEVTYP_F":0,"ELEVTYP_T":0},"geometry":{"type":"LineString","coordinates":[[-74.2632987308699,40.5118442107624],[-74.2638263859839,40.5120027788193],[-74.2642123740155,40.5121187520574],[-74.2645925389773,40.5122238694708]]}},{"type":"Feature","id":352982,"properties":{"OBJECTID":352982,"PRIMENAME":"Commerce Street","ELEVTYP_F":0,"ELEVTYP_T":0},"geometry":{"type":"LineString","coordinates":[[-74.2650643355973,40.5112716127962],[-74.2662879853543,40.5116266776425]]}},{"type":"Feature","id":353663,"properties":{"OBJECTID":353663,"PRIMENAME":"State Highway 440","ELEVTYP_F":0,"ELEVTYP_T":0},"geometry":{"type":"LineString","coordinates":[[-74.2856822535929,40.5278093096276],[-74.2854568941132,40.5279249272794],[-74.2851848191305,40.5280459478736],[-74.284940909859,40.5281455817297],[-74.2847437712005,40.5282214373988],[-74.2846173050303,40.5282701012687],[-74.28435466128,40.5283661018582],[-74.2840217339116,40.5284691358891],[-74.2837357753527,40.528554385739],[-74.2834497189689,40.5286360664136],[-74.283224674854,40.5286964484557],[-74.2830641764535,40.5287328495855]]}},{"type":"Feature","id":353747,"properties":{"OBJECTID":353747,"PRIMENAME":"Pfeiffer Boulevard","ELEVTYP_F":1,"ELEVTYP_T":0},"geometry":{"type":"LineString","coordinates":[[-74.2833054679363,40.5289337232624],[-74.2832166191268,40.5288631447259]]}},{"type":"Feature","id":353770,"properties":{"OBJECTID":353770,"PRIMENAME":"State Highway 440","ELEVTYP_F":0,"ELEVTYP_T":0},"geometry":{"type":"LineString","coordinates":[[-74.2799072038033,40.5290741918355],[-74.2797195227368,40.5290722418986],[-74.279396349318,40.5290608917056],[-74.2790825534225,40.5290424219732],[-74.2787593800586,40.5290203642519],[-74.2785111802078,40.5289984763778],[-74.2782115097203,40.5289621052848],[-74.2779680232586,40.5289294925248],[-74.2777998202916,40.528901086768]]}},{"type":"Feature","id":355388,"properties":{"OBJECTID":355388,"PRIMENAME":"State Highway 440","ELEVTYP_F":0,"ELEVTYP_T":0},"geometry":{"type":"LineString","coordinates":[[-74.2830641764535,40.5287328495855],[-74.2830485872497,40.5287363895008]]}},{"type":"Feature","id":355541,"properties":{"OBJECTID":355541,"PRIMENAME":"Broad Street","ELEVTYP_F":0,"ELEVTYP_T":0},"geometry":{"type":"LineString","coordinates":[[-74.2679925285966,40.5131921145769],[-74.2686353152559,40.5133681576968],[-74.2693527399779,40.5135747892863]]}},{"type":"Feature","id":355733,"properties":{"OBJECTID":355733,"PRIMENAME":"State Street","ELEVTYP_F":0,"ELEVTYP_T":0},"geometry":{"type":"LineString","coordinates":[[-74.2646807361174,40.5260490737327],[-74.2646720102809,40.5261574328902]]}},{"type":"Feature","id":356384,"properties":{"OBJECTID":356384,"PRIMENAME":"US Highway 9","ELEVTYP_F":1,"ELEVTYP_T":1},"geometry":{"type":"LineString","coordinates":[[-74.2915636213857,40.5432246224276],[-74.2915487195085,40.5432838899523],[-74.2915107426686,40.5434625557429],[-74.2914956316282,40.5435545993027]]}},{"type":"Feature","id":356642,"properties":{"OBJECTID":356642,"PRIMENAME":"US Highway 9","ELEVTYP_F":1,"ELEVTYP_T":1},"geometry":{"type":"LineString","coordinates":[[-74.2916534617254,40.543692826333],[-74.2916744316037,40.5435676863675],[-74.2916858014664,40.5435102245178]]}},{"type":"Feature","id":356711,"properties":{"OBJECTID":356711,"PRIMENAME":"Sadowski Parkway","ELEVTYP_F":0,"ELEVTYP_T":0},"geometry":{"type":"LineString","coordinates":[[-74.271053395174,40.499925372053],[-74.2708235350416,40.4999147051142],[-74.2702335916296,40.4998963767284],[-74.2701657468644,40.4998925357293]]}},{"type":"Feature","id":356893,"properties":{"OBJECTID":356893,"PRIMENAME":"Pfeiffer Boulevard","ELEVTYP_F":0,"ELEVTYP_T":1},"geometry":{"type":"LineString","coordinates":[[-74.2841672229465,40.5293431505915],[-74.2839778475799,40.5292969809431],[-74.2838402724495,40.5292525542419],[-74.2837318512524,40.5292155391631],[-74.2836555925773,40.5291785851042],[-74.283553790519,40.5291192917441],[-74.283445094782,40.5290444756851],[-74.2833329559018,40.5289554889133]]}},{"type":"Feature","id":357057,"properties":{"OBJECTID":357057,"PRIMENAME":"State Highway 440","ELEVTYP_F":0,"ELEVTYP_T":0},"geometry":{"type":"LineString","coordinates":[[-74.289637976189,40.5241182625399],[-74.2895434048561,40.5242402775518]]}},{"type":"Feature","id":357402,"properties":{"OBJECTID":357402,"PRIMENAME":"Washington Street","ELEVTYP_F":0,"ELEVTYP_T":0},"geometry":{"type":"LineString","coordinates":[[-74.2616561416724,40.5124366637603],[-74.2609463944539,40.5122250864252]]}},{"type":"Feature","id":357809,"properties":{"OBJECTID":357809,"PRIMENAME":"State Highway 440","ELEVTYP_F":1,"ELEVTYP_T":1},"geometry":{"type":"LineString","coordinates":[[-74.2659953870203,40.5253160799013],[-74.2658516138027,40.5252999592433],[-74.2658106230548,40.5252953640353],[-74.2651691216738,40.5252261476736],[-74.2647482188292,40.5251761821579]]}},{"type":"Feature","id":358018,"properties":{"OBJECTID":358018,"PRIMENAME":"High Street","ELEVTYP_F":0,"ELEVTYP_T":0},"geometry":{"type":"LineString","coordinates":[[-74.2594884189855,40.5246729590131],[-74.259499496275,40.5248051742941],[-74.2595200808969,40.5249501577314],[-74.2595617718702,40.5250951832789],[-74.2596269260692,40.5252366803278],[-74.2597179503295,40.5253567574868],[-74.260615194042,40.5262604677854],[-74.2611036643155,40.5267195590455],[-74.2617427353594,40.5273275955412]]}},{"type":"Feature","id":358398,"properties":{"OBJECTID":358398,"PRIMENAME":"Harding Avenue","ELEVTYP_F":0,"ELEVTYP_T":0},"geometry":{"type":"LineString","coordinates":[[-74.2813602515525,40.5280989202848],[-74.2801571891617,40.5279333036355]]}},{"type":"Feature","id":358811,"properties":{"OBJECTID":358811,"PRIMENAME":"High Street","ELEVTYP_F":0,"ELEVTYP_T":0},"geometry":{"type":"LineString","coordinates":[[-74.2622398591091,40.5189321634822],[-74.2621962260019,40.5187594062152],[-74.2621230073547,40.518601603298],[-74.2619272773521,40.5183309424813],[-74.2616715984143,40.5179763155322]]}},{"type":"Feature","id":358833,"properties":{"OBJECTID":358833,"PRIMENAME":"Route 440 Connector","ELEVTYP_F":0,"ELEVTYP_T":0},"geometry":{"type":"LineString","coordinates":[[-74.2847929622336,40.5173970705542],[-74.2843150479036,40.5172002325298],[-74.2839792252828,40.5170584560648],[-74.2836475618562,40.5169184336275],[-74.2836173548782,40.5169047820835],[-74.2829790306282,40.5166162873023]]}},{"type":"Feature","id":359010,"properties":{"OBJECTID":359010,"PRIMENAME":"State Highway 35","ELEVTYP_F":0,"ELEVTYP_T":0},"geometry":{"type":"LineString","coordinates":[[-74.293810414423,40.5049952985133],[-74.2937012187062,40.5051322912615],[-74.2933101843731,40.5056227333001],[-74.2930337538384,40.5059694324417],[-74.2915453045194,40.5077455250388]]}},{"type":"Feature","id":359231,"properties":{"OBJECTID":359231,"PRIMENAME":"High Street","ELEVTYP_F":0,"ELEVTYP_T":0},"geometry":{"type":"LineString","coordinates":[[-74.261837319208,40.5274315769297],[-74.2621155426985,40.5277111731457],[-74.2622206932014,40.5278169619095],[-74.2623070678757,40.5279280814907],[-74.2623817177976,40.5280391777962],[-74.2624283071521,40.5281269522812],[-74.2624771167111,40.5282505195034],[-74.2625118876794,40.5283651119282],[-74.2625349537899,40.5284743098518],[-74.2625556281352,40.5285960314678],[-74.2625739355738,40.5287249045916],[-74.2626035302364,40.5289772668653],[-74.262633291618,40.5291831067104],[-74.2626516778895,40.5292887167939],[-74.2626818411566,40.5293800383076],[-74.2627189859555,40.5294874755449],[-74.2627655199509,40.5295913556585],[-74.2628331744126,40.5296917000141],[-74.2628914931831,40.5297795001635]]}},{"type":"Feature","id":359628,"properties":{"OBJECTID":359628,"PRIMENAME":"High Street","ELEVTYP_F":0,"ELEVTYP_T":0},"geometry":{"type":"LineString","coordinates":[[-74.2610515018935,40.5215982478578],[-74.2608863041759,40.5218967325311],[-74.2607330377783,40.5221361911218],[-74.2605657672165,40.5223577286192],[-74.2603985007459,40.5225774754266],[-74.2602876819948,40.5227490267436],[-74.2602003109607,40.5229206257087],[-74.2596687448925,40.5240325155459],[-74.2595505680202,40.5242935190967],[-74.2595005835222,40.524500981687],[-74.2594932121627,40.5246025669777]]}},{"type":"Feature","id":359710,"properties":{"OBJECTID":359710,"PRIMENAME":"Washington Street","ELEVTYP_F":0,"ELEVTYP_T":0},"geometry":{"type":"LineString","coordinates":[[-74.2756149375039,40.5164349077971],[-74.2742853031548,40.516055440492]]}},{"type":"Feature","id":359734,"properties":{"OBJECTID":359734,"PRIMENAME":"Pfeiffer Boulevard","ELEVTYP_F":0,"ELEVTYP_T":0},"geometry":{"type":"LineString","coordinates":[[-74.282638537741,40.5283783691453],[-74.2825506373694,40.5283372468693],[-74.2824451188125,40.5282792892665]]}},{"type":"Feature","id":359852,"properties":{"OBJECTID":359852,"PRIMENAME":"State Highway 440","ELEVTYP_F":1,"ELEVTYP_T":1},"geometry":{"type":"LineString","coordinates":[[-74.2647482188292,40.5251761821579],[-74.264627538644,40.5251618533043]]}},{"type":"Feature","id":359922,"properties":{"OBJECTID":359922,"PRIMENAME":"Washington Street","ELEVTYP_F":0,"ELEVTYP_T":0},"geometry":{"type":"LineString","coordinates":[[-74.2779559349974,40.517090077823],[-74.2756149375039,40.5164349077971]]}},{"type":"Feature","id":360916,"properties":{"OBJECTID":360916,"PRIMENAME":"State Highway 440","ELEVTYP_F":0,"ELEVTYP_T":0},"geometry":{"type":"LineString","coordinates":[[-74.2918662852677,40.521780751452],[-74.2917667539376,40.5218493377697],[-74.2915507929509,40.5220062160197],[-74.2914193171689,40.5221096347239],[-74.291286731294,40.5222207606443],[-74.2912831305876,40.5222237775479],[-74.2911234374008,40.5223664546368],[-74.2909308508295,40.5225483825882],[-74.2908180689906,40.5226661363839],[-74.29072877339,40.5227624922623],[-74.2906736543959,40.5228230875231]]}},{"type":"Feature","id":360958,"properties":{"OBJECTID":360958,"PRIMENAME":"Ford Street Connector","ELEVTYP_F":0,"ELEVTYP_T":0},"geometry":{"type":"LineString","coordinates":[[-74.2919253693363,40.5155194012451],[-74.2918165553507,40.5155532742507],[-74.2916373231891,40.5156340690508],[-74.2915084512553,40.5157021357929],[-74.291385205925,40.5157766079121],[-74.291253460996,40.5158660257889],[-74.2911637388948,40.5159405582202],[-74.2910796044373,40.5160108731319],[-74.2909729155428,40.5161280348138],[-74.2908270301544,40.5162878656835],[-74.2908027212677,40.5163137120502]]}},{"type":"Feature","id":361243,"properties":{"OBJECTID":361243,"PRIMENAME":"Lehigh Avenue","ELEVTYP_F":0,"ELEVTYP_T":0},"geometry":{"type":"LineString","coordinates":[[-74.2772784720007,40.5139943358772],[-74.2779563559353,40.5141740099103]]}},{"type":"Feature","id":361537,"properties":{"OBJECTID":361537,"PRIMENAME":"Smith Street","ELEVTYP_F":0,"ELEVTYP_T":0},"geometry":{"type":"LineString","coordinates":[[-74.2909446788712,40.5149705083223],[-74.2906334142399,40.514889414186],[-74.2905052809317,40.5148560316256],[-74.2899786276505,40.5147291290478],[-74.2899725413882,40.5147274455187]]}},{"type":"Feature","id":361697,"properties":{"OBJECTID":361697,"PRIMENAME":"Convery Boulevard","ELEVTYP_F":0,"ELEVTYP_T":0},"geometry":{"type":"LineString","coordinates":[[-74.2915453045194,40.5077455250388],[-74.2914434289819,40.5078670847841]]}},{"type":"Feature","id":361729,"properties":{"OBJECTID":361729,"PRIMENAME":"State Highway 440","ELEVTYP_F":1,"ELEVTYP_T":1},"geometry":{"type":"LineString","coordinates":[[-74.264627538644,40.5251618533043],[-74.2644340425355,40.5251388667837],[-74.2635202466898,40.5250426659646],[-74.2631183094959,40.5250003490249],[-74.26273625207,40.5249572645455],[-74.2619687468491,40.5248707092519],[-74.2618915081269,40.5248619986688],[-74.2610166888422,40.5247675074077],[-74.2607625853674,40.5247400609656],[-74.2605757985704,40.5247198837255],[-74.2594932121627,40.5246025669777]]}},{"type":"Feature","id":362100,"properties":{"OBJECTID":362100,"PRIMENAME":"State Highway 440","ELEVTYP_F":0,"ELEVTYP_T":0},"geometry":{"type":"LineString","coordinates":[[-74.2864551951618,40.5273765457486],[-74.2864235410515,40.5273977069154],[-74.2862264073926,40.5275188963846],[-74.2859636462495,40.5276649437572],[-74.2859221725916,40.5276862225912],[-74.2856822535929,40.5278093096276]]}},{"type":"Feature","id":362325,"properties":{"OBJECTID":362325,"PRIMENAME":"Sadowski Parkway","ELEVTYP_F":0,"ELEVTYP_T":0},"geometry":{"type":"LineString","coordinates":[[-74.2701657468644,40.4998925357293],[-74.2695651045865,40.4998585630113],[-74.2692544274653,40.499831205205]]}},{"type":"Feature","id":362402,"properties":{"OBJECTID":362402,"PRIMENAME":"State Street","ELEVTYP_F":0,"ELEVTYP_T":0},"geometry":{"type":"LineString","coordinates":[[-74.2646720102809,40.5261574328902],[-74.2646535082846,40.5263869145415],[-74.2646078770305,40.526607419311],[-74.2645497906119,40.5268297647745],[-74.2645242674273,40.5269989495263],[-74.264513763271,40.5271529559934],[-74.2645199509845,40.5272761968428]]}},{"type":"Feature","id":363427,"properties":{"OBJECTID":363427,"PRIMENAME":"State Highway 440","ELEVTYP_F":0,"ELEVTYP_T":0},"geometry":{"type":"LineString","coordinates":[[-74.2906736543959,40.5228230875231],[-74.2905501680325,40.5229587468498],[-74.290437319251,40.5230979395816],[-74.2902162962079,40.5233763602088],[-74.2901820740946,40.5234196515809],[-74.2899200380087,40.5237511341667],[-74.2897926592418,40.5239171196149]]}},{"type":"Feature","id":363683,"properties":{"OBJECTID":363683,"PRIMENAME":"State Highway 440","ELEVTYP_F":0,"ELEVTYP_T":0},"geometry":{"type":"LineString","coordinates":[[-74.289045100965,40.5248961207636],[-74.2889088089285,40.5250754029013],[-74.2887582891524,40.5252716780156],[-74.2886548664929,40.5253966112365],[-74.2884668271727,40.5256142846793],[-74.2883163722592,40.5257891478082],[-74.2881988704324,40.5259176231007],[-74.2880860794165,40.5260353471184],[-74.2879732878352,40.5261531250598],[-74.2878463845428,40.5262851249],[-74.2877626363863,40.5263684493269],[-74.2877101157928,40.5264207026951],[-74.287564540713,40.5265526949334],[-74.2874141561094,40.5266811089522],[-74.2872780014234,40.5267916517105],[-74.2871042449401,40.5269271597606],[-74.2869352346838,40.5270519156074],[-74.2866582386832,40.5272409000277],[-74.2864551951618,40.5273765457486]]}},{"type":"Feature","id":364156,"properties":{"OBJECTID":364156,"PRIMENAME":"Unnamed Segment","ELEVTYP_F":0,"ELEVTYP_T":0},"geometry":{"type":"LineString","coordinates":[[-74.2904878875423,40.5192924950393],[-74.2905740101362,40.5192993049914],[-74.2910406692696,40.5193362046188]]}},{"type":"Feature","id":366049,"properties":{"OBJECTID":366049,"PRIMENAME":"Ford Street Connector","ELEVTYP_F":0,"ELEVTYP_T":0},"geometry":{"type":"LineString","coordinates":[[-74.2890846736585,40.5177569353902],[-74.288942907907,40.5177934609205],[-74.2887805992667,40.5178315959794],[-74.2885847205939,40.517861104423],[-74.2883692808671,40.5178884638387],[-74.2881650474386,40.5179094462326],[-74.2880055941439,40.5179198046548],[-74.2877818131338,40.5179343551477],[-74.2875804396851,40.5179382397293],[-74.2873622806728,40.5179378385062],[-74.2871022287679,40.5179223993618],[-74.2868924982092,40.5179071064805],[-74.2866436531439,40.5178852907084],[-74.2863557273237,40.5178463541618],[-74.2860818054387,40.5177924824851],[-74.2859252929335,40.5177601843198],[-74.2856318586621,40.5176892004153],[-74.2854222666205,40.5176311640038],[-74.2852183055151,40.5175667693347],[-74.2850227818677,40.5174959658198],[-74.2850203129196,40.5174949020878]]}},{"type":"Feature","id":366451,"properties":{"OBJECTID":366451,"PRIMENAME":"Pfeiffer Boulevard","ELEVTYP_F":0,"ELEVTYP_T":0},"geometry":{"type":"LineString","coordinates":[[-74.2824451188125,40.5282792892665],[-74.2823644388013,40.528250881079],[-74.2822815398857,40.5282257550411]]}},{"type":"Feature","id":366784,"properties":{"OBJECTID":366784,"PRIMENAME":"Bentley Avenue","ELEVTYP_F":0,"ELEVTYP_T":0},"geometry":{"type":"LineString","coordinates":[[-74.2794340497328,40.5324529625287],[-74.2791761628913,40.5324184047014]]}},{"type":"Feature","id":367282,"properties":{"OBJECTID":367282,"PRIMENAME":"State Highway 440","ELEVTYP_F":0,"ELEVTYP_T":0},"geometry":{"type":"LineString","coordinates":[[-74.2830485872497,40.5287363895008],[-74.2828496377461,40.5287815019443],[-74.2825636968314,40.5288381450206],[-74.2823012463802,40.5288841258987],[-74.2820856460231,40.5289158646729],[-74.2818466505771,40.5289511820994],[-74.281363966344,40.5290039093378],[-74.2813528521372,40.5290047348971],[-74.2811296695161,40.5290213090009],[-74.2807829470687,40.5290492286248],[-74.2805533732977,40.5290630948157],[-74.2803472320354,40.5290734368133],[-74.2801919190454,40.5290757713046],[-74.280136436547,40.5290766042031],[-74.2799072038033,40.5290741918355]]}},{"type":"Feature","id":367651,"properties":{"OBJECTID":367651,"PRIMENAME":"Pfeiffer Boulevard","ELEVTYP_F":1,"ELEVTYP_T":1},"geometry":{"type":"LineString","coordinates":[[-74.2833329559018,40.5289554889133],[-74.2833054679363,40.5289337232624]]}},{"type":"Feature","id":367670,"properties":{"OBJECTID":367670,"PRIMENAME":"High Street","ELEVTYP_F":0,"ELEVTYP_T":0},"geometry":{"type":"LineString","coordinates":[[-74.2610515018935,40.5215982478578],[-74.2611761316723,40.5214982998849],[-74.2613368655671,40.5211353872697],[-74.2614955512959,40.520799780811],[-74.2615846530547,40.5206272972513]]}},{"type":"Feature","id":371006,"properties":{"OBJECTID":371006,"PRIMENAME":"Pfeiffer Boulevard","ELEVTYP_F":0,"ELEVTYP_T":0},"geometry":{"type":"LineString","coordinates":[[-74.2850096524466,40.5295323773798],[-74.2844188973469,40.5294044244012],[-74.2841983899912,40.5293507029154],[-74.2841672229465,40.5293431505915]]}},{"type":"Feature","id":371031,"properties":{"OBJECTID":371031,"PRIMENAME":"State Highway 440","ELEVTYP_F":0,"ELEVTYP_T":0},"geometry":{"type":"LineString","coordinates":[[-74.2750248413694,40.5281573908998],[-74.2748290464898,40.5280865427054]]}},{"type":"Feature","id":371151,"properties":{"OBJECTID":371151,"PRIMENAME":"Lehigh Avenue","ELEVTYP_F":0,"ELEVTYP_T":0},"geometry":{"type":"LineString","coordinates":[[-74.2754759751027,40.5135055926519],[-74.2763806804654,40.5137532554621],[-74.2772784720007,40.5139943358772]]}},{"type":"Feature","id":371994,"properties":{"OBJECTID":371994,"PRIMENAME":"State Highway 440","ELEVTYP_F":0,"ELEVTYP_T":0},"geometry":{"type":"LineString","coordinates":[[-74.2748290464898,40.5280865427054],[-74.2745422359008,40.5279827950654],[-74.2735128759278,40.5276162030075],[-74.2730088319217,40.5274378913841],[-74.272506982127,40.5272603537153],[-74.2719034252978,40.527048284855],[-74.2717045101768,40.5269778394863],[-74.2707668665513,40.5266457702065]]}},{"type":"Feature","id":372217,"properties":{"OBJECTID":372217,"PRIMENAME":"Washington Street","ELEVTYP_F":0,"ELEVTYP_T":0},"geometry":{"type":"LineString","coordinates":[[-74.2641218163806,40.5131739296105],[-74.263157426482,40.5128841584846],[-74.2628347045299,40.5127879660167]]}},{"type":"Feature","id":372373,"properties":{"OBJECTID":372373,"PRIMENAME":"High Street","ELEVTYP_F":0,"ELEVTYP_T":0},"geometry":{"type":"LineString","coordinates":[[-74.2617427353594,40.5273275955412],[-74.261837319208,40.5274315769297]]}},{"type":"Feature","id":373441,"properties":{"OBJECTID":373441,"PRIMENAME":"US Highway 9","ELEVTYP_F":1,"ELEVTYP_T":1},"geometry":{"type":"LineString","coordinates":[[-74.2914956316282,40.5435545993027],[-74.2914772933904,40.5436662652415],[-74.2914684036617,40.5437366879266]]}},{"type":"Feature","id":373487,"properties":{"OBJECTID":373487,"PRIMENAME":"Washington Street","ELEVTYP_F":0,"ELEVTYP_T":0},"geometry":{"type":"LineString","coordinates":[[-74.265366351598,40.513530419308],[-74.2646391716617,40.5133293972578],[-74.2641218163806,40.5131739296105]]}},{"type":"Feature","id":374222,"properties":{"OBJECTID":374222,"PRIMENAME":"State Highway 440","ELEVTYP_F":1,"ELEVTYP_T":1},"geometry":{"type":"LineString","coordinates":[[-74.2672977472408,40.5255179772332],[-74.2672479289602,40.5255055788381],[-74.2670841550029,40.5254695074651],[-74.2668594538406,40.5254297446663],[-74.2666393925008,40.5253899899001],[-74.2663630808734,40.5253572593663],[-74.2659953870203,40.5253160799013]]}},{"type":"Feature","id":374486,"properties":{"OBJECTID":374486,"PRIMENAME":"Commerce Street","ELEVTYP_F":0,"ELEVTYP_T":0},"geometry":{"type":"LineString","coordinates":[[-74.2625890860142,40.5105532613031],[-74.2637706722009,40.5108961880691]]}},{"type":"Feature","id":375076,"properties":{"OBJECTID":375076,"PRIMENAME":"Route 440 Connector","ELEVTYP_F":0,"ELEVTYP_T":0},"geometry":{"type":"LineString","coordinates":[[-74.2824391023822,40.516357010536],[-74.2823104254817,40.5162947013953],[-74.2818192589628,40.516051835659],[-74.2814524215975,40.5158704430666],[-74.2811164169498,40.5156985390924],[-74.2808471549438,40.515554129032],[-74.2806631798233,40.5154600191459],[-74.2806326701171,40.5154444118804],[-74.2805064061262,40.5153713166732],[-74.2804111049618,40.5153109898387],[-74.2802920402534,40.5152251434657],[-74.2801183145692,40.5150699877682],[-74.2798493425093,40.5148271642223],[-74.2798232557269,40.5148033982664],[-74.2796589536323,40.5146537212354],[-74.2795399208967,40.5145587597771],[-74.2794589488953,40.514494836256],[-74.279390003482,40.5144163859794],[-74.2793555304865,40.5143671991964],[-74.27932807827,40.5143155021933],[-74.2793079557187,40.5142618766843],[-74.2792953892409,40.5142069260821],[-74.2792905202199,40.5141512687088],[-74.2792934034245,40.5140955308373],[-74.2793040063927,40.5140403396452],[-74.2793222097987,40.5139863161569],[-74.2793666301294,40.513887823543],[-74.2793629911454,40.513746963643]]}},{"type":"Feature","id":375682,"properties":{"OBJECTID":375682,"PRIMENAME":"Lehigh Avenue","ELEVTYP_F":0,"ELEVTYP_T":0},"geometry":{"type":"LineString","coordinates":[[-74.2779563559353,40.5141740099103],[-74.2779818123347,40.5141807567967],[-74.278221878063,40.5142443851669]]}},{"type":"Feature","id":376427,"properties":{"OBJECTID":376427,"PRIMENAME":"New Jersey Turnpike Express","ELEVTYP_F":0,"ELEVTYP_T":0},"geometry":{"type":"LineString","coordinates":[[-74.2914956316282,40.5435545993027],[-74.2912658175009,40.5436078237464],[-74.2902085052825,40.5438710039892],[-74.2894183227066,40.5440799244625],[-74.2885554768912,40.5443249693022],[-74.2879480581551,40.544508492186]]}},{"type":"Feature","id":376493,"properties":{"OBJECTID":376493,"PRIMENAME":"High Street","ELEVTYP_F":0,"ELEVTYP_T":0},"geometry":{"type":"LineString","coordinates":[[-74.2628914931831,40.5297795001635],[-74.2629896070836,40.5298870623976],[-74.2630737537894,40.5299659686051],[-74.2631953453983,40.5300664233227],[-74.2633451051766,40.5301597774273],[-74.2634902690901,40.5302262814693],[-74.2635377444282,40.5302431599989]]}},{"type":"Feature","id":376498,"properties":{"OBJECTID":376498,"PRIMENAME":"High Street","ELEVTYP_F":0,"ELEVTYP_T":0},"geometry":{"type":"LineString","coordinates":[[-74.2635377444282,40.5302431599989],[-74.2636471952582,40.5302820730236],[-74.2637900898023,40.5303271002182],[-74.264163525322,40.5304183245829]]}},{"type":"Feature","id":377335,"properties":{"OBJECTID":377335,"PRIMENAME":"State Street","ELEVTYP_F":0,"ELEVTYP_T":0},"geometry":{"type":"LineString","coordinates":[[-74.2645398619113,40.5246810595897],[-74.2645344720032,40.524802739529],[-74.2646033603875,40.5250500776754],[-74.264627538644,40.5251618533043]]}},{"type":"Feature","id":377720,"properties":{"OBJECTID":377720,"PRIMENAME":"Washington Street","ELEVTYP_F":0,"ELEVTYP_T":0},"geometry":{"type":"LineString","coordinates":[[-74.2689373628483,40.5145446076141],[-74.2679155640528,40.5142647259889],[-74.2675137696994,40.5141479642141]]}},{"type":"Feature","id":378107,"properties":{"OBJECTID":378107,"PRIMENAME":"Washington Street","ELEVTYP_F":0,"ELEVTYP_T":0},"geometry":{"type":"LineString","coordinates":[[-74.2675137696994,40.5141479642141],[-74.2658316888813,40.513659066036],[-74.265366351598,40.513530419308]]}},{"type":"Feature","id":378460,"properties":{"OBJECTID":378460,"PRIMENAME":"Broad Street","ELEVTYP_F":0,"ELEVTYP_T":0},"geometry":{"type":"LineString","coordinates":[[-74.2674887014798,40.5130541199245],[-74.2679925285966,40.5131921145769]]}},{"type":"Feature","id":380321,"properties":{"OBJECTID":380321,"PRIMENAME":"State Highway 440","ELEVTYP_F":1,"ELEVTYP_T":0},"geometry":{"type":"LineString","coordinates":[[-74.2594932121627,40.5246025669777],[-74.2590961901304,40.5245595401865],[-74.2580942221597,40.5244466545513],[-74.2575885192881,40.5243919552495],[-74.257279467203,40.5243627575303],[-74.2570500210719,40.5243443771956],[-74.2567690615717,40.5243259150055],[-74.2564364769168,40.5243180499836],[-74.2561039771739,40.5243066429183],[-74.2555559586993,40.5243054849439],[-74.2553411083482,40.5243100656569],[-74.2552514541804,40.5243119769645],[-74.255022983574,40.5243211745718],[-74.2547455176334,40.5243323436949],[-74.2541692376025,40.5243668884587],[-74.2534383516632,40.5244082101149],[-74.251027614235,40.5245446403977]]}},{"type":"Feature","id":380398,"properties":{"OBJECTID":380398,"PRIMENAME":"Pfeiffer Boulevard","ELEVTYP_F":0,"ELEVTYP_T":0},"geometry":{"type":"LineString","coordinates":[[-74.2871454120876,40.5300392906765],[-74.2869693909376,40.5300008364783],[-74.2862694668674,40.5298477001681]]}},{"type":"Feature","id":381357,"properties":{"OBJECTID":381357,"PRIMENAME":"High Street","ELEVTYP_F":0,"ELEVTYP_T":0},"geometry":{"type":"LineString","coordinates":[[-74.2620138850337,40.5197626256725],[-74.2620998018229,40.5195999825876],[-74.2621641864245,40.519468706316],[-74.2622088378581,40.5193637147527],[-74.2622387850677,40.519236183525],[-74.262249198615,40.5190785248239],[-74.2622450065406,40.5190127712637],[-74.2622398591091,40.5189321634822]]}},{"type":"Feature","id":381480,"properties":{"OBJECTID":381480,"PRIMENAME":"State Street","ELEVTYP_F":0,"ELEVTYP_T":0},"geometry":{"type":"LineString","coordinates":[[-74.2612544540409,40.538705257615],[-74.2612418436893,40.5387319630032],[-74.2611614359345,40.538871544973],[-74.2611356555917,40.5389162968632],[-74.2610117413129,40.5391173671921],[-74.2608304709313,40.5393787379816],[-74.2605210135915,40.5398377929563],[-74.2599110542325,40.5406720284398],[-74.2586774649724,40.542478073475],[-74.2585992729227,40.5426277965175],[-74.2583851398737,40.5430378218987],[-74.258283217877,40.543252358033],[-74.2581988564801,40.543477006101],[-74.2581673423843,40.5436749171188],[-74.258157693222,40.5439064194296],[-74.2581962140152,40.5442118385862],[-74.2582434543642,40.5445240009172],[-74.2583563041712,40.5449436620096],[-74.2585743866583,40.5454608841092],[-74.258722777793,40.5457390662126]]}},{"type":"Feature","id":382319,"properties":{"OBJECTID":382319,"PRIMENAME":"Market Street","ELEVTYP_F":0,"ELEVTYP_T":0},"geometry":{"type":"LineString","coordinates":[[-74.2662073979334,40.5059781192796],[-74.2660824120155,40.505970948625],[-74.2659551293677,40.5060142012569],[-74.2658628063517,40.5060876389453],[-74.2657705063438,40.5061544047388],[-74.2657014099417,40.5062294537636]]}},{"type":"Feature","id":386685,"properties":{"OBJECTID":386685,"PRIMENAME":"Pfeiffer Boulevard","ELEVTYP_F":1,"ELEVTYP_T":0},"geometry":{"type":"LineString","coordinates":[[-74.2830641764535,40.5287328495855],[-74.2829714616181,40.528645023806],[-74.2828349656643,40.528523214292],[-74.2827374380169,40.5284441910077],[-74.2826650476134,40.5283907449851],[-74.282638537741,40.5283783691453]]}},{"type":"Feature","id":386928,"properties":{"OBJECTID":386928,"PRIMENAME":"Washington Street","ELEVTYP_F":0,"ELEVTYP_T":0},"geometry":{"type":"LineString","coordinates":[[-74.2791931689087,40.5174363029978],[-74.2779559349974,40.517090077823]]}},{"type":"Feature","id":387032,"properties":{"OBJECTID":387032,"PRIMENAME":"Convery Boulevard","ELEVTYP_F":0,"ELEVTYP_T":0},"geometry":{"type":"LineString","coordinates":[[-74.2892920032513,40.5104152362021],[-74.2886092592268,40.5113648450578],[-74.2879956554435,40.5122183533478]]}},{"type":"Feature","id":387087,"properties":{"OBJECTID":387087,"PRIMENAME":"State Highway 440","ELEVTYP_F":0,"ELEVTYP_T":0},"geometry":{"type":"LineString","coordinates":[[-74.2895434048561,40.5242402775518],[-74.2894356332162,40.5243793236104],[-74.2892568865855,40.5246184817649],[-74.289152963818,40.5247544778403]]}},{"type":"Feature","id":387142,"properties":{"OBJECTID":387142,"PRIMENAME":"New Jersey Turnpike","ELEVTYP_F":0,"ELEVTYP_T":0},"geometry":{"type":"LineString","coordinates":[[-74.2915636213857,40.5432246224276],[-74.2915632610573,40.5432247046351],[-74.2900625466929,40.5435851103853],[-74.2879515535518,40.5440960460424]]}},{"type":"Feature","id":387279,"properties":{"OBJECTID":387279,"PRIMENAME":"Broad Street","ELEVTYP_F":0,"ELEVTYP_T":0},"geometry":{"type":"LineString","coordinates":[[-74.2658297157083,40.5125719111498],[-74.2674887014798,40.5130541199245]]}},{"type":"Feature","id":388301,"properties":{"OBJECTID":388301,"PRIMENAME":"Lehigh Avenue","ELEVTYP_F":0,"ELEVTYP_T":0},"geometry":{"type":"LineString","coordinates":[[-74.2745958228274,40.5132743873103],[-74.2746903708997,40.513299222802],[-74.2754759751027,40.5135055926519]]}},{"type":"Feature","id":388770,"properties":{"OBJECTID":388770,"PRIMENAME":"Columbus Way","ELEVTYP_F":0,"ELEVTYP_T":0},"geometry":{"type":"LineString","coordinates":[[-74.2855787697459,40.5284470549561],[-74.2856969406152,40.5284735283427],[-74.2857300129104,40.5284809360851],[-74.2858457571513,40.5285118683253],[-74.2859468149084,40.5285227613207],[-74.286056201448,40.5285164307542],[-74.2862124125307,40.5285040102275]]}},{"type":"Feature","id":389140,"properties":{"OBJECTID":389140,"PRIMENAME":"Smith Street","ELEVTYP_F":0,"ELEVTYP_T":0},"geometry":{"type":"LineString","coordinates":[[-74.2942939592019,40.515340680836],[-74.2941319098205,40.5153436597451],[-74.2940289616848,40.5153445444462],[-74.2938515969419,40.5153460690678],[-74.2934084629263,40.5153452777144],[-74.2933932064486,40.515344641614],[-74.2929728994372,40.5153271223938],[-74.2925525408514,40.5153003719089],[-74.292260977723,40.5152651496217],[-74.2919960048262,40.5152271194697],[-74.2917120585453,40.5151716786829],[-74.2915795773748,40.5151396233091],[-74.2913146409528,40.5150668940356],[-74.2909446788712,40.5149705083223]]}},{"type":"Feature","id":389230,"properties":{"OBJECTID":389230,"PRIMENAME":"Sadowski Parkway","ELEVTYP_F":0,"ELEVTYP_T":0},"geometry":{"type":"LineString","coordinates":[[-74.2742318345267,40.5009060913237],[-74.2742363415241,40.5008986825325],[-74.2742403877218,40.5008911206344],[-74.2742439648037,40.5008834227251],[-74.2742470632833,40.5008756031963],[-74.274249677189,40.5008676836514],[-74.2742518005768,40.5008596775884],[-74.2742534298408,40.5008516048141],[-74.2742545590277,40.5008434815282],[-74.2742551880715,40.5008353275446],[-74.2742553169148,40.5008271599751],[-74.2742549395984,40.5008189968206],[-74.2742540631411,40.5008108561075],[-74.2742526863058,40.5008027549454],[-74.2742508113828,40.5007947140533],[-74.2742484734257,40.5007868352708],[-74.2742456585155,40.5007790474209],[-74.274242371311,40.5007713685253],[-74.2742386235593,40.5007638139177],[-74.2742344175567,40.5007564025156],[-74.2742297650623,40.5007491460503],[-74.2742246754543,40.5007420625526],[-74.2742191628363,40.5007351682614],[-74.2742132366046,40.5007284758038],[-74.2742069061465,40.5007220005088],[-74.2742001914675,40.5007157577262],[-74.2741931043265,40.500709759187],[-74.2741856576594,40.5007040175253],[-74.2741778714716,40.5006985480909],[-74.2741697598906,40.5006933599176],[-74.2738189270507,40.5005853942896],[-74.2731568110997,40.500393611335]]}},{"type":"Feature","id":389529,"properties":{"OBJECTID":389529,"PRIMENAME":"State Street","ELEVTYP_F":0,"ELEVTYP_T":0},"geometry":{"type":"LineString","coordinates":[[-74.264643681765,40.5252365265444],[-74.264664675477,40.5253335542142],[-74.2646839535401,40.5255199043631],[-74.2647004036618,40.5258051826058],[-74.2646807361174,40.5260490737327]]}},{"type":"Feature","id":389730,"properties":{"OBJECTID":389730,"PRIMENAME":"Washington Street","ELEVTYP_F":0,"ELEVTYP_T":0},"geometry":{"type":"LineString","coordinates":[[-74.2699956062892,40.5148347640671],[-74.2699648115252,40.5148260279164],[-74.2689373628483,40.5145446076141]]}},{"type":"Feature","id":389884,"properties":{"OBJECTID":389884,"PRIMENAME":"Bentley Avenue","ELEVTYP_F":0,"ELEVTYP_T":0},"geometry":{"type":"LineString","coordinates":[[-74.2789983936138,40.5332183754256],[-74.2792447721966,40.5332497063339]]}},{"type":"Feature","id":390133,"properties":{"OBJECTID":390133,"PRIMENAME":"Route 440 Connector","ELEVTYP_F":0,"ELEVTYP_T":0},"geometry":{"type":"LineString","coordinates":[[-74.2829790306282,40.5166162873023],[-74.2829110038401,40.5165854967314],[-74.2827243097706,40.5164951037268],[-74.2824391023822,40.516357010536]]}},{"type":"Feature","id":391010,"properties":{"OBJECTID":391010,"PRIMENAME":"Convery Boulevard","ELEVTYP_F":0,"ELEVTYP_T":0},"geometry":{"type":"LineString","coordinates":[[-74.2914434289819,40.5078670847841],[-74.2913667781172,40.5079585449948],[-74.2907342339596,40.5086870519851],[-74.2896810779869,40.5098999436609],[-74.2893989644215,40.5102663986059],[-74.2892920032513,40.5104152362021]]}},{"type":"Feature","id":391559,"properties":{"OBJECTID":391559,"PRIMENAME":"State Highway 440","ELEVTYP_F":0,"ELEVTYP_T":1},"geometry":{"type":"LineString","coordinates":[[-74.2707668665513,40.5266457702065],[-74.2706448786984,40.5266025673464],[-74.2696997614754,40.526282555568],[-74.2689558414349,40.5260309079157],[-74.2685611512614,40.5258880279788],[-74.2684692794544,40.5258547684134],[-74.2682493754486,40.525779276552],[-74.268052877804,40.525718132311],[-74.2678797391414,40.5256641451099],[-74.2677112521791,40.5256173314872],[-74.2675521307712,40.5255777018464],[-74.2674070865078,40.5255452368902],[-74.2672977472408,40.5255179772332]]}},{"type":"Feature","id":392128,"properties":{"OBJECTID":392128,"PRIMENAME":"Ford Street Connector","ELEVTYP_F":0,"ELEVTYP_T":0},"geometry":{"type":"LineString","coordinates":[[-74.2850203129196,40.5174949020878],[-74.2847929622336,40.5173970705542]]}},{"type":"Feature","id":392287,"properties":{"OBJECTID":392287,"PRIMENAME":"Convery Boulevard","ELEVTYP_F":0,"ELEVTYP_T":0},"geometry":{"type":"LineString","coordinates":[[-74.2879956554435,40.5122183533478],[-74.2871473987164,40.5133982195239],[-74.2869153067532,40.5137361563117],[-74.2869202230895,40.5138762483028]]}},{"type":"Feature","id":392886,"properties":{"OBJECTID":392886,"PRIMENAME":"New Jersey Turnpike Express","ELEVTYP_F":0,"ELEVTYP_T":0},"geometry":{"type":"LineString","coordinates":[[-74.2916858014664,40.5435102245178],[-74.2916174896134,40.5435263251847],[-74.2914956316282,40.5435545993027]]}},{"type":"Feature","id":392988,"properties":{"OBJECTID":392988,"PRIMENAME":"High Street","ELEVTYP_F":0,"ELEVTYP_T":0},"geometry":{"type":"LineString","coordinates":[[-74.2594932121627,40.5246025669777],[-74.259488250319,40.5246709475619],[-74.2594884189855,40.5246729590131]]}},{"type":"Feature","id":393266,"properties":{"OBJECTID":393266,"PRIMENAME":"Harding Avenue","ELEVTYP_F":0,"ELEVTYP_T":0},"geometry":{"type":"LineString","coordinates":[[-74.2822815398857,40.5282257550411],[-74.2813602515525,40.5280989202848]]}},{"type":"Feature","id":394274,"properties":{"OBJECTID":394274,"PRIMENAME":"Lehigh Avenue","ELEVTYP_F":0,"ELEVTYP_T":0},"geometry":{"type":"LineString","coordinates":[[-74.2785306115889,40.514314957014],[-74.2786664160072,40.5143460006906],[-74.2788699982551,40.5144055338218],[-74.2789501730121,40.5144626402726],[-74.279221828688,40.5147698290788]]}},{"type":"Feature","id":394652,"properties":{"OBJECTID":394652,"PRIMENAME":"Harned Street","ELEVTYP_F":0,"ELEVTYP_T":0},"geometry":{"type":"LineString","coordinates":[[-74.2855034561897,40.5312955209139],[-74.285475382367,40.531276692542],[-74.2854649433307,40.5312444730723],[-74.2855038412221,40.5311747638646],[-74.2859881895644,40.5303653594602],[-74.2862666233774,40.5298529221444],[-74.2862694668674,40.5298477001681]]}},{"type":"Feature","id":394758,"properties":{"OBJECTID":394758,"PRIMENAME":"State Street","ELEVTYP_F":0,"ELEVTYP_T":0},"geometry":{"type":"LineString","coordinates":[[-74.2645199509845,40.5272761968428],[-74.2645277210201,40.5274305980912],[-74.2645890714222,40.5277254117137],[-74.2646504830609,40.5279613694707],[-74.2646774010991,40.5281135311036],[-74.2646892000271,40.5282885009256],[-74.2646707906395,40.5285736810242],[-74.2646630527504,40.5287595374448],[-74.264654080491,40.5288872766269]]}},{"type":"Feature","id":395022,"properties":{"OBJECTID":395022,"PRIMENAME":"Washington Street","ELEVTYP_F":0,"ELEVTYP_T":0},"geometry":{"type":"LineString","coordinates":[[-74.2742853031548,40.516055440492],[-74.2742742374017,40.5160522828893],[-74.2723698461889,40.5155087259066]]}},{"type":"Feature","id":395311,"properties":{"OBJECTID":395311,"PRIMENAME":"State Highway 440","ELEVTYP_F":0,"ELEVTYP_T":0},"geometry":{"type":"LineString","coordinates":[[-74.289152963818,40.5247544778403],[-74.2891204896757,40.5247969407971],[-74.289045100965,40.5248961207636]]}},{"type":"Feature","id":395764,"properties":{"OBJECTID":395764,"PRIMENAME":"State Street","ELEVTYP_F":0,"ELEVTYP_T":0},"geometry":{"type":"LineString","coordinates":[[-74.264627538644,40.5251618533043],[-74.264643681765,40.5252365265444]]}},{"type":"Feature","id":395817,"properties":{"OBJECTID":395817,"PRIMENAME":"Sadowski Parkway","ELEVTYP_F":0,"ELEVTYP_T":0},"geometry":{"type":"LineString","coordinates":[[-74.2731568110997,40.500393611335],[-74.2722331050589,40.500131940939],[-74.2720295351681,40.5000671939843]]}},{"type":"Feature","id":395922,"properties":{"OBJECTID":395922,"PRIMENAME":"Pfeiffer Boulevard","ELEVTYP_F":0,"ELEVTYP_T":0},"geometry":{"type":"LineString","coordinates":[[-74.283923239791,40.5296093827204],[-74.2840509600718,40.5295967740443],[-74.2842405208582,40.5295854064957],[-74.2843634589377,40.529583659106],[-74.2845043358674,40.5295858987918],[-74.2846451638293,40.5295920082064],[-74.2847732019336,40.5296039684141],[-74.2849524092181,40.5296238474616],[-74.2849916455838,40.5296290693571],[-74.2851162130666,40.5296456465431],[-74.2852774919048,40.5296694166749],[-74.2854976865978,40.5297088894101],[-74.2856845313786,40.5297483259941],[-74.2859533051437,40.5297957107922],[-74.2862694668674,40.5298477001681]]}},{"type":"Feature","id":396025,"properties":{"OBJECTID":396025,"PRIMENAME":"State Highway 440","ELEVTYP_F":0,"ELEVTYP_T":0},"geometry":{"type":"LineString","coordinates":[[-74.2897926592418,40.5239171196149],[-74.2897302494813,40.5239984453],[-74.2896707702274,40.5240759504191],[-74.289637976189,40.5241182625399]]}},{"type":"Feature","id":396472,"properties":{"OBJECTID":396472,"PRIMENAME":"High Street","ELEVTYP_F":0,"ELEVTYP_T":0},"geometry":{"type":"LineString","coordinates":[[-74.2616715984143,40.5179763155322],[-74.2616237750983,40.5179099847045],[-74.2614132780057,40.517635532403],[-74.261222313146,40.517402433681],[-74.2610999546368,40.5172370344075],[-74.2610054264014,40.5171353516623]]}},{"type":"Feature","id":396473,"properties":{"OBJECTID":396473,"PRIMENAME":"State Highway 440","ELEVTYP_F":0,"ELEVTYP_T":0},"geometry":{"type":"LineString","coordinates":[[-74.2777998202916,40.528901086768],[-74.2776684016402,40.5288788731064],[-74.2774155961324,40.5288355075846],[-74.2771487254595,40.5287813536991],[-74.2768304318826,40.5287092296626],[-74.2765262068676,40.5286371859953],[-74.2762126396731,40.5285507944659],[-74.2759599554593,40.5284716576099],[-74.2755060837997,40.5283206458805],[-74.2752674205668,40.5282451579676],[-74.2750248413694,40.5281573908998]]}},{"type":"Feature","id":397043,"properties":{"OBJECTID":397043,"PRIMENAME":"High Street","ELEVTYP_F":0,"ELEVTYP_T":0},"geometry":{"type":"LineString","coordinates":[[-74.2615846530547,40.5206272972513],[-74.2616985277022,40.5204173661729],[-74.2617926485728,40.5202186214809],[-74.2619611768198,40.5198624048353],[-74.2620138850337,40.5197626256725]]}},{"type":"Feature","id":397316,"properties":{"OBJECTID":397316,"PRIMENAME":"Broad Street","ELEVTYP_F":0,"ELEVTYP_T":0},"geometry":{"type":"LineString","coordinates":[[-74.2645925389773,40.5122238694708],[-74.2650621781337,40.5123537088064],[-74.2654048677052,40.5124484252434],[-74.2658297157083,40.5125719111498]]}},{"type":"Feature","id":397395,"properties":{"OBJECTID":397395,"PRIMENAME":"Washington Street","ELEVTYP_F":0,"ELEVTYP_T":0},"geometry":{"type":"LineString","coordinates":[[-74.2723698461889,40.5155087259066],[-74.2718694974487,40.5153658992511],[-74.2710045824661,40.5151207522694],[-74.2706521039228,40.5150208445173],[-74.2699956062892,40.5148347640671]]}},{"type":"Feature","id":397608,"properties":{"OBJECTID":397608,"PRIMENAME":"Harding Avenue","ELEVTYP_F":0,"ELEVTYP_T":0},"geometry":{"type":"LineString","coordinates":[[-74.2831861740128,40.5283188956871],[-74.2822815398857,40.5282257550411]]}},{"type":"Feature","id":398098,"properties":{"OBJECTID":398098,"PRIMENAME":"Broad Street","ELEVTYP_F":0,"ELEVTYP_T":0},"geometry":{"type":"LineString","coordinates":[[-74.2693527399779,40.5135747892863],[-74.2694016802091,40.5135888872296],[-74.2704532498123,40.513891681848]]}},{"type":"Feature","id":398207,"properties":{"OBJECTID":398207,"PRIMENAME":"Pfeiffer Boulevard","ELEVTYP_F":0,"ELEVTYP_T":1},"geometry":{"type":"LineString","coordinates":[[-74.2831246466682,40.5287902267343],[-74.2830641764535,40.5287328495855]]}},{"type":"Feature","id":398240,"properties":{"OBJECTID":398240,"PRIMENAME":"Pfeiffer Boulevard","ELEVTYP_F":0,"ELEVTYP_T":0},"geometry":{"type":"LineString","coordinates":[[-74.2862694668674,40.5298477001681],[-74.2850442380611,40.5295398808976],[-74.2850096524466,40.5295323773798]]}},{"type":"Feature","id":398451,"properties":{"OBJECTID":398451,"PRIMENAME":"Broad Street","ELEVTYP_F":0,"ELEVTYP_T":0},"geometry":{"type":"LineString","coordinates":[[-74.2621197592152,40.5115007090963],[-74.2625350488823,40.5116181757517],[-74.2627546579756,40.511680721578],[-74.2632987308699,40.5118442107624]]}},{"type":"Feature","id":398917,"properties":{"OBJECTID":398917,"PRIMENAME":"New Jersey Turnpike","ELEVTYP_F":0,"ELEVTYP_T":0},"geometry":{"type":"LineString","coordinates":[[-74.2917630473659,40.5431767238552],[-74.2917551257528,40.5431786306102],[-74.2915636213857,40.5432246224276]]}},{"type":"Feature","id":399450,"properties":{"OBJECTID":399450,"PRIMENAME":"Washington Street","ELEVTYP_F":0,"ELEVTYP_T":0},"geometry":{"type":"LineString","coordinates":[[-74.2628347045299,40.5127879660167],[-74.2616561416724,40.5124366637603]]}},{"type":"Feature","id":399476,"properties":{"OBJECTID":399476,"PRIMENAME":"Ford Street Connector","ELEVTYP_F":0,"ELEVTYP_T":0},"geometry":{"type":"LineString","coordinates":[[-74.2908027212677,40.5163137120502],[-74.2906727155966,40.5164519374662],[-74.2905043669887,40.5166287473044],[-74.2903499809341,40.5168035233863],[-74.2901872418062,40.5169803987662],[-74.2900215981803,40.5171657777708],[-74.289872921151,40.5173085002983],[-74.2897103361208,40.5174469706732],[-74.2895365558297,40.5175533571556],[-74.2893964851102,40.517623541913],[-74.289256504849,40.5176873574208],[-74.2890846736585,40.5177569353902]]}},{"type":"Feature","id":399732,"properties":{"OBJECTID":399732,"PRIMENAME":"Pfeiffer Boulevard","ELEVTYP_F":0,"ELEVTYP_T":1},"geometry":{"type":"LineString","coordinates":[[-74.2832166191268,40.5288631447259],[-74.2831870498457,40.5288397008771]]}},{"type":"Feature","id":400195,"properties":{"OBJECTID":400195,"PRIMENAME":"US Highway 9","ELEVTYP_F":1,"ELEVTYP_T":1},"geometry":{"type":"LineString","coordinates":[[-74.2922924171813,40.5415650895462],[-74.2922802695143,40.5415837889933],[-74.2921625817364,40.5417659079194],[-74.2920636991283,40.5419408681751],[-74.2919269382331,40.5422050579616],[-74.2918820797845,40.5423053400695],[-74.2918278738098,40.5424265196202],[-74.2917333876155,40.5426801624456],[-74.291652998253,40.5429016575952],[-74.2915962293746,40.5430945085973],[-74.2915636213857,40.5432246224276]]}},{"type":"Feature","id":401110,"properties":{"OBJECTID":401110,"PRIMENAME":"Sadowski Parkway","ELEVTYP_F":0,"ELEVTYP_T":0},"geometry":{"type":"LineString","coordinates":[[-74.2720295351681,40.5000671939843],[-74.2718598757733,40.5000132464353],[-74.2716999034631,40.499965741974],[-74.271581953415,40.4999440973123],[-74.271306662728,40.4999371016687],[-74.271053395174,40.499925372053]]}},{"type":"Feature","id":401745,"properties":{"OBJECTID":401745,"PRIMENAME":"Front Street","ELEVTYP_F":0,"ELEVTYP_T":0},"geometry":{"type":"LineString","coordinates":[[-74.2616780251708,40.5106891093681],[-74.2618446570798,40.5103392846443],[-74.2619535976307,40.5103705988206]]}},{"type":"Feature","id":410724,"properties":{"OBJECTID":410724,"PRIMENAME":"State Highway 440","ELEVTYP_F":0,"ELEVTYP_T":1},"geometry":{"type":"LineString","coordinates":[[-74.24679493321,40.524838249267],[-74.2477902912413,40.5247833776199],[-74.2487827649427,40.5247286568418],[-74.2504763750019,40.5246352585961],[-74.2510879689381,40.5246015486434]]}},{"type":"Feature","id":410725,"properties":{"OBJECTID":410725,"PRIMENAME":"State Highway 440","ELEVTYP_F":1,"ELEVTYP_T":0},"geometry":{"type":"LineString","coordinates":[[-74.251027614235,40.5245446403977],[-74.2506045542074,40.5245680153108],[-74.2504061516463,40.5245789771675],[-74.2501643131354,40.5245923386167],[-74.2467831149747,40.524779090014]]}},{"type":"Feature","id":421345,"properties":{"OBJECTID":421345,"PRIMENAME":"Judy Drive","ELEVTYP_F":0,"ELEVTYP_T":0},"geometry":{"type":"LineString","coordinates":[[-74.2908822288396,40.5179595797515],[-74.2909646753966,40.5180053529486],[-74.2910101518983,40.518025007657],[-74.2911211744049,40.5180425851117],[-74.2916251969256,40.5180521969281]]}},{"type":"Feature","id":431520,"properties":{"OBJECTID":431520,"PRIMENAME":"Harbortown Boulevard","ELEVTYP_F":0,"ELEVTYP_T":0},"geometry":{"type":"LineString","coordinates":[[-74.2601353679233,40.5190077504784],[-74.2601263050077,40.5189817590854],[-74.2601159363755,40.5189560535265],[-74.2601042774316,40.5189306719886],[-74.2600913454973,40.5189056521775],[-74.2600761270639,40.5188747372379],[-74.2600594337531,40.5188442688596],[-74.2600412880105,40.5188142880062],[-74.2600217142342,40.518784834986],[-74.2600007387424,40.5187559493974],[-74.2599783897375,40.518727670076],[-74.2599546972686,40.5187000350421],[-74.2599296931909,40.51867308145]]}}]}
